Panel_markerID,Marker_ID
alfalfaRep2vsXJDY1_shared_1000570,alfalfaRep2vsXJDY1_shared_1000570
alfalfaRep2vsXJDY1_shared_1001594,alfalfaRep2vsXJDY1_shared_1001594
alfalfaRep2vsXJDY1_shared_1002130,alfalfaRep2vsXJDY1_shared_1002130
alfalfaRep2vsXJDY1_shared_1002267,alfalfaRep2vsXJDY1_shared_1002267
alfalfaRep2vsXJDY1_shared_1002341,alfalfaRep2vsXJDY1_shared_1002341
alfalfaRep2vsXJDY1_shared_1002592,alfalfaRep2vsXJDY1_shared_1002592
alfalfaRep2vsXJDY1_shared_1003110,alfalfaRep2vsXJDY1_shared_1003110
alfalfaRep2vsXJDY1_shared_1004042,alfalfaRep2vsXJDY1_shared_1004042
alfalfaRep2vsXJDY1_shared_100476,alfalfaRep2vsXJDY1_shared_100476
alfalfaRep2vsXJDY1_shared_1004816,alfalfaRep2vsXJDY1_shared_1004816
alfalfaRep2vsXJDY1_shared_1005403,alfalfaRep2vsXJDY1_shared_1005403
alfalfaRep2vsXJDY1_shared_1005967,alfalfaRep2vsXJDY1_shared_1005967
alfalfaRep2vsXJDY1_shared_1006815,alfalfaRep2vsXJDY1_shared_1006815
alfalfaRep2vsXJDY1_shared_1007403,alfalfaRep2vsXJDY1_shared_1007403
alfalfaRep2vsXJDY1_shared_1008030,alfalfaRep2vsXJDY1_shared_1008030
alfalfaRep2vsXJDY1_shared_1008695,alfalfaRep2vsXJDY1_shared_1008695
alfalfaRep2vsXJDY1_shared_1008997,alfalfaRep2vsXJDY1_shared_1008997
alfalfaRep2vsXJDY1_shared_1009379,alfalfaRep2vsXJDY1_shared_1009379
alfalfaRep2vsXJDY1_shared_1009495,alfalfaRep2vsXJDY1_shared_1009495
alfalfaRep2vsXJDY1_shared_1011329,alfalfaRep2vsXJDY1_shared_1011329
alfalfaRep2vsXJDY1_shared_1011674,alfalfaRep2vsXJDY1_shared_1011674
alfalfaRep2vsXJDY1_shared_1012956,alfalfaRep2vsXJDY1_shared_1012956
alfalfaRep2vsXJDY1_shared_1013700,alfalfaRep2vsXJDY1_shared_1013700
alfalfaRep2vsXJDY1_shared_1014138,alfalfaRep2vsXJDY1_shared_1014138
alfalfaRep2vsXJDY1_shared_1014465,alfalfaRep2vsXJDY1_shared_1014465
alfalfaRep2vsXJDY1_shared_1014780,alfalfaRep2vsXJDY1_shared_1014780
alfalfaRep2vsXJDY1_shared_10160,alfalfaRep2vsXJDY1_shared_10160
alfalfaRep2vsXJDY1_shared_1016045,alfalfaRep2vsXJDY1_shared_1016045
alfalfaRep2vsXJDY1_shared_1016892,alfalfaRep2vsXJDY1_shared_1016892
alfalfaRep2vsXJDY1_shared_1017072,alfalfaRep2vsXJDY1_shared_1017072
alfalfaRep2vsXJDY1_shared_1017118,alfalfaRep2vsXJDY1_shared_1017118
alfalfaRep2vsXJDY1_shared_1017166,alfalfaRep2vsXJDY1_shared_1017166
alfalfaRep2vsXJDY1_shared_1017248,alfalfaRep2vsXJDY1_shared_1017248
alfalfaRep2vsXJDY1_shared_1017442,alfalfaRep2vsXJDY1_shared_1017442
alfalfaRep2vsXJDY1_shared_1018298,alfalfaRep2vsXJDY1_shared_1018298
alfalfaRep2vsXJDY1_shared_1018881,alfalfaRep2vsXJDY1_shared_1018881
alfalfaRep2vsXJDY1_shared_1019165,alfalfaRep2vsXJDY1_shared_1019165
alfalfaRep2vsXJDY1_shared_1020305,alfalfaRep2vsXJDY1_shared_1020305
alfalfaRep2vsXJDY1_shared_1021847,alfalfaRep2vsXJDY1_shared_1021847
alfalfaRep2vsXJDY1_shared_1022202,alfalfaRep2vsXJDY1_shared_1022202
alfalfaRep2vsXJDY1_shared_1022688,alfalfaRep2vsXJDY1_shared_1022688
alfalfaRep2vsXJDY1_shared_1022791,alfalfaRep2vsXJDY1_shared_1022791
alfalfaRep2vsXJDY1_shared_1022844,alfalfaRep2vsXJDY1_shared_1022844
alfalfaRep2vsXJDY1_shared_1022908,alfalfaRep2vsXJDY1_shared_1022908
alfalfaRep2vsXJDY1_shared_1023967,alfalfaRep2vsXJDY1_shared_1023967
alfalfaRep2vsXJDY1_shared_1024578,alfalfaRep2vsXJDY1_shared_1024578
alfalfaRep2vsXJDY1_shared_1025493,alfalfaRep2vsXJDY1_shared_1025493
alfalfaRep2vsXJDY1_shared_1026007,alfalfaRep2vsXJDY1_shared_1026007
alfalfaRep2vsXJDY1_shared_1026103,alfalfaRep2vsXJDY1_shared_1026103
alfalfaRep2vsXJDY1_shared_102631,alfalfaRep2vsXJDY1_shared_102631
alfalfaRep2vsXJDY1_shared_1026424,alfalfaRep2vsXJDY1_shared_1026424
alfalfaRep2vsXJDY1_shared_1026956,alfalfaRep2vsXJDY1_shared_1026956
alfalfaRep2vsXJDY1_shared_1027849,alfalfaRep2vsXJDY1_shared_1027849
alfalfaRep2vsXJDY1_shared_1028218,alfalfaRep2vsXJDY1_shared_1028218
alfalfaRep2vsXJDY1_shared_1029546,alfalfaRep2vsXJDY1_shared_1029546
alfalfaRep2vsXJDY1_shared_1030959,alfalfaRep2vsXJDY1_shared_1030959
alfalfaRep2vsXJDY1_shared_1032189,alfalfaRep2vsXJDY1_shared_1032189
alfalfaRep2vsXJDY1_shared_1032836,alfalfaRep2vsXJDY1_shared_1032836
alfalfaRep2vsXJDY1_shared_103358,alfalfaRep2vsXJDY1_shared_103358
alfalfaRep2vsXJDY1_shared_1035146,alfalfaRep2vsXJDY1_shared_1035146
alfalfaRep2vsXJDY1_shared_1036227,alfalfaRep2vsXJDY1_shared_1036227
alfalfaRep2vsXJDY1_shared_1036535,alfalfaRep2vsXJDY1_shared_1036535
alfalfaRep2vsXJDY1_shared_1036941,alfalfaRep2vsXJDY1_shared_1036941
alfalfaRep2vsXJDY1_shared_1037581,alfalfaRep2vsXJDY1_shared_1037581
alfalfaRep2vsXJDY1_shared_1038027,alfalfaRep2vsXJDY1_shared_1038027
alfalfaRep2vsXJDY1_shared_1038840,alfalfaRep2vsXJDY1_shared_1038840
alfalfaRep2vsXJDY1_shared_1039061,alfalfaRep2vsXJDY1_shared_1039061
alfalfaRep2vsXJDY1_shared_1039894,alfalfaRep2vsXJDY1_shared_1039894
alfalfaRep2vsXJDY1_shared_1041813,alfalfaRep2vsXJDY1_shared_1041813
alfalfaRep2vsXJDY1_shared_1042277,alfalfaRep2vsXJDY1_shared_1042277
alfalfaRep2vsXJDY1_shared_1044083,alfalfaRep2vsXJDY1_shared_1044083
alfalfaRep2vsXJDY1_shared_1044787,alfalfaRep2vsXJDY1_shared_1044787
alfalfaRep2vsXJDY1_shared_1045205,alfalfaRep2vsXJDY1_shared_1045205
alfalfaRep2vsXJDY1_shared_1045620,alfalfaRep2vsXJDY1_shared_1045620
alfalfaRep2vsXJDY1_shared_1046435,alfalfaRep2vsXJDY1_shared_1046435
alfalfaRep2vsXJDY1_shared_1047074,alfalfaRep2vsXJDY1_shared_1047074
alfalfaRep2vsXJDY1_shared_1047423,alfalfaRep2vsXJDY1_shared_1047423
alfalfaRep2vsXJDY1_shared_1049198,alfalfaRep2vsXJDY1_shared_1049198
alfalfaRep2vsXJDY1_shared_104922,alfalfaRep2vsXJDY1_shared_104922
alfalfaRep2vsXJDY1_shared_1049878,alfalfaRep2vsXJDY1_shared_1049878
alfalfaRep2vsXJDY1_shared_1050617,alfalfaRep2vsXJDY1_shared_1050617
alfalfaRep2vsXJDY1_shared_1050854,alfalfaRep2vsXJDY1_shared_1050854
alfalfaRep2vsXJDY1_shared_1051740,alfalfaRep2vsXJDY1_shared_1051740
alfalfaRep2vsXJDY1_shared_1051858,alfalfaRep2vsXJDY1_shared_1051858
alfalfaRep2vsXJDY1_shared_1052405,alfalfaRep2vsXJDY1_shared_1052405
alfalfaRep2vsXJDY1_shared_1052926,alfalfaRep2vsXJDY1_shared_1052926
alfalfaRep2vsXJDY1_shared_1053547,alfalfaRep2vsXJDY1_shared_1053547
alfalfaRep2vsXJDY1_shared_1053674,alfalfaRep2vsXJDY1_shared_1053674
alfalfaRep2vsXJDY1_shared_1054758,alfalfaRep2vsXJDY1_shared_1054758
alfalfaRep2vsXJDY1_shared_1055341,alfalfaRep2vsXJDY1_shared_1055341
alfalfaRep2vsXJDY1_shared_1055825,alfalfaRep2vsXJDY1_shared_1055825
alfalfaRep2vsXJDY1_shared_1057047,alfalfaRep2vsXJDY1_shared_1057047
alfalfaRep2vsXJDY1_shared_10573,alfalfaRep2vsXJDY1_shared_10573
alfalfaRep2vsXJDY1_shared_1057343,alfalfaRep2vsXJDY1_shared_1057343
alfalfaRep2vsXJDY1_shared_1058203,alfalfaRep2vsXJDY1_shared_1058203
alfalfaRep2vsXJDY1_shared_1058454,alfalfaRep2vsXJDY1_shared_1058454
alfalfaRep2vsXJDY1_shared_1059411,alfalfaRep2vsXJDY1_shared_1059411
alfalfaRep2vsXJDY1_shared_1059823,alfalfaRep2vsXJDY1_shared_1059823
alfalfaRep2vsXJDY1_shared_1061422,alfalfaRep2vsXJDY1_shared_1061422
alfalfaRep2vsXJDY1_shared_1061642,alfalfaRep2vsXJDY1_shared_1061642
alfalfaRep2vsXJDY1_shared_1062887,alfalfaRep2vsXJDY1_shared_1062887
alfalfaRep2vsXJDY1_shared_1063398,alfalfaRep2vsXJDY1_shared_1063398
alfalfaRep2vsXJDY1_shared_106441,alfalfaRep2vsXJDY1_shared_106441
alfalfaRep2vsXJDY1_shared_1065071,alfalfaRep2vsXJDY1_shared_1065071
alfalfaRep2vsXJDY1_shared_1065922,alfalfaRep2vsXJDY1_shared_1065922
alfalfaRep2vsXJDY1_shared_1066534,alfalfaRep2vsXJDY1_shared_1066534
alfalfaRep2vsXJDY1_shared_1067270,alfalfaRep2vsXJDY1_shared_1067270
alfalfaRep2vsXJDY1_shared_1067967,alfalfaRep2vsXJDY1_shared_1067967
alfalfaRep2vsXJDY1_shared_1068361,alfalfaRep2vsXJDY1_shared_1068361
alfalfaRep2vsXJDY1_shared_1069773,alfalfaRep2vsXJDY1_shared_1069773
alfalfaRep2vsXJDY1_shared_1071243,alfalfaRep2vsXJDY1_shared_1071243
alfalfaRep2vsXJDY1_shared_1071425,alfalfaRep2vsXJDY1_shared_1071425
alfalfaRep2vsXJDY1_shared_1071762,alfalfaRep2vsXJDY1_shared_1071762
alfalfaRep2vsXJDY1_shared_1072470,alfalfaRep2vsXJDY1_shared_1072470
alfalfaRep2vsXJDY1_shared_1072948,alfalfaRep2vsXJDY1_shared_1072948
alfalfaRep2vsXJDY1_shared_1073299,alfalfaRep2vsXJDY1_shared_1073299
alfalfaRep2vsXJDY1_shared_1073529,alfalfaRep2vsXJDY1_shared_1073529
alfalfaRep2vsXJDY1_shared_1073938,alfalfaRep2vsXJDY1_shared_1073938
alfalfaRep2vsXJDY1_shared_1074556,alfalfaRep2vsXJDY1_shared_1074556
alfalfaRep2vsXJDY1_shared_1075079,alfalfaRep2vsXJDY1_shared_1075079
alfalfaRep2vsXJDY1_shared_1075630,alfalfaRep2vsXJDY1_shared_1075630
alfalfaRep2vsXJDY1_shared_1075673,alfalfaRep2vsXJDY1_shared_1075673
alfalfaRep2vsXJDY1_shared_1075711,alfalfaRep2vsXJDY1_shared_1075711
alfalfaRep2vsXJDY1_shared_1076501,alfalfaRep2vsXJDY1_shared_1076501
alfalfaRep2vsXJDY1_shared_107708,alfalfaRep2vsXJDY1_shared_107708
alfalfaRep2vsXJDY1_shared_1077697,alfalfaRep2vsXJDY1_shared_1077697
alfalfaRep2vsXJDY1_shared_1079138,alfalfaRep2vsXJDY1_shared_1079138
alfalfaRep2vsXJDY1_shared_1080535,alfalfaRep2vsXJDY1_shared_1080535
alfalfaRep2vsXJDY1_shared_1081105,alfalfaRep2vsXJDY1_shared_1081105
alfalfaRep2vsXJDY1_shared_1082293,alfalfaRep2vsXJDY1_shared_1082293
alfalfaRep2vsXJDY1_shared_1082711,alfalfaRep2vsXJDY1_shared_1082711
alfalfaRep2vsXJDY1_shared_1084220,alfalfaRep2vsXJDY1_shared_1084220
alfalfaRep2vsXJDY1_shared_1084815,alfalfaRep2vsXJDY1_shared_1084815
alfalfaRep2vsXJDY1_shared_1085575,alfalfaRep2vsXJDY1_shared_1085575
alfalfaRep2vsXJDY1_shared_1086550,alfalfaRep2vsXJDY1_shared_1086550
alfalfaRep2vsXJDY1_shared_1088066,alfalfaRep2vsXJDY1_shared_1088066
alfalfaRep2vsXJDY1_shared_1088260,alfalfaRep2vsXJDY1_shared_1088260
alfalfaRep2vsXJDY1_shared_1089085,alfalfaRep2vsXJDY1_shared_1089085
alfalfaRep2vsXJDY1_shared_1089378,alfalfaRep2vsXJDY1_shared_1089378
alfalfaRep2vsXJDY1_shared_1090020,alfalfaRep2vsXJDY1_shared_1090020
alfalfaRep2vsXJDY1_shared_1090488,alfalfaRep2vsXJDY1_shared_1090488
alfalfaRep2vsXJDY1_shared_1090983,alfalfaRep2vsXJDY1_shared_1090983
alfalfaRep2vsXJDY1_shared_1092145,alfalfaRep2vsXJDY1_shared_1092145
alfalfaRep2vsXJDY1_shared_1092527,alfalfaRep2vsXJDY1_shared_1092527
alfalfaRep2vsXJDY1_shared_1092843,alfalfaRep2vsXJDY1_shared_1092843
alfalfaRep2vsXJDY1_shared_109319,alfalfaRep2vsXJDY1_shared_109319
alfalfaRep2vsXJDY1_shared_1093228,alfalfaRep2vsXJDY1_shared_1093228
alfalfaRep2vsXJDY1_shared_1094768,alfalfaRep2vsXJDY1_shared_1094768
alfalfaRep2vsXJDY1_shared_1095459,alfalfaRep2vsXJDY1_shared_1095459
alfalfaRep2vsXJDY1_shared_1095702,alfalfaRep2vsXJDY1_shared_1095702
alfalfaRep2vsXJDY1_shared_1096078,alfalfaRep2vsXJDY1_shared_1096078
alfalfaRep2vsXJDY1_shared_109758,alfalfaRep2vsXJDY1_shared_109758
alfalfaRep2vsXJDY1_shared_1097717,alfalfaRep2vsXJDY1_shared_1097717
alfalfaRep2vsXJDY1_shared_1097813,alfalfaRep2vsXJDY1_shared_1097813
alfalfaRep2vsXJDY1_shared_1098863,alfalfaRep2vsXJDY1_shared_1098863
alfalfaRep2vsXJDY1_shared_1099209,alfalfaRep2vsXJDY1_shared_1099209
alfalfaRep2vsXJDY1_shared_1099697,alfalfaRep2vsXJDY1_shared_1099697
alfalfaRep2vsXJDY1_shared_1099822,alfalfaRep2vsXJDY1_shared_1099822
alfalfaRep2vsXJDY1_shared_1100384,alfalfaRep2vsXJDY1_shared_1100384
alfalfaRep2vsXJDY1_shared_1101538,alfalfaRep2vsXJDY1_shared_1101538
alfalfaRep2vsXJDY1_shared_1101856,alfalfaRep2vsXJDY1_shared_1101856
alfalfaRep2vsXJDY1_shared_1102815,alfalfaRep2vsXJDY1_shared_1102815
alfalfaRep2vsXJDY1_shared_1104470,alfalfaRep2vsXJDY1_shared_1104470
alfalfaRep2vsXJDY1_shared_1105485,alfalfaRep2vsXJDY1_shared_1105485
alfalfaRep2vsXJDY1_shared_1106928,alfalfaRep2vsXJDY1_shared_1106928
alfalfaRep2vsXJDY1_shared_1108362,alfalfaRep2vsXJDY1_shared_1108362
alfalfaRep2vsXJDY1_shared_1108923,alfalfaRep2vsXJDY1_shared_1108923
alfalfaRep2vsXJDY1_shared_1110004,alfalfaRep2vsXJDY1_shared_1110004
alfalfaRep2vsXJDY1_shared_1111136,alfalfaRep2vsXJDY1_shared_1111136
alfalfaRep2vsXJDY1_shared_1111902,alfalfaRep2vsXJDY1_shared_1111902
alfalfaRep2vsXJDY1_shared_1112589,alfalfaRep2vsXJDY1_shared_1112589
alfalfaRep2vsXJDY1_shared_1112932,alfalfaRep2vsXJDY1_shared_1112932
alfalfaRep2vsXJDY1_shared_1114326,alfalfaRep2vsXJDY1_shared_1114326
alfalfaRep2vsXJDY1_shared_1115693,alfalfaRep2vsXJDY1_shared_1115693
alfalfaRep2vsXJDY1_shared_1116242,alfalfaRep2vsXJDY1_shared_1116242
alfalfaRep2vsXJDY1_shared_1116651,alfalfaRep2vsXJDY1_shared_1116651
alfalfaRep2vsXJDY1_shared_1118196,alfalfaRep2vsXJDY1_shared_1118196
alfalfaRep2vsXJDY1_shared_1119197,alfalfaRep2vsXJDY1_shared_1119197
alfalfaRep2vsXJDY1_shared_1120020,alfalfaRep2vsXJDY1_shared_1120020
alfalfaRep2vsXJDY1_shared_1120877,alfalfaRep2vsXJDY1_shared_1120877
alfalfaRep2vsXJDY1_shared_112172,alfalfaRep2vsXJDY1_shared_112172
alfalfaRep2vsXJDY1_shared_1121764,alfalfaRep2vsXJDY1_shared_1121764
alfalfaRep2vsXJDY1_shared_1122647,alfalfaRep2vsXJDY1_shared_1122647
alfalfaRep2vsXJDY1_shared_1124758,alfalfaRep2vsXJDY1_shared_1124758
alfalfaRep2vsXJDY1_shared_1125419,alfalfaRep2vsXJDY1_shared_1125419
alfalfaRep2vsXJDY1_shared_1126272,alfalfaRep2vsXJDY1_shared_1126272
alfalfaRep2vsXJDY1_shared_1127722,alfalfaRep2vsXJDY1_shared_1127722
alfalfaRep2vsXJDY1_shared_1128932,alfalfaRep2vsXJDY1_shared_1128932
alfalfaRep2vsXJDY1_shared_1129783,alfalfaRep2vsXJDY1_shared_1129783
alfalfaRep2vsXJDY1_shared_1131152,alfalfaRep2vsXJDY1_shared_1131152
alfalfaRep2vsXJDY1_shared_113174,alfalfaRep2vsXJDY1_shared_113174
alfalfaRep2vsXJDY1_shared_1132129,alfalfaRep2vsXJDY1_shared_1132129
alfalfaRep2vsXJDY1_shared_1134551,alfalfaRep2vsXJDY1_shared_1134551
alfalfaRep2vsXJDY1_shared_1136690,alfalfaRep2vsXJDY1_shared_1136690
alfalfaRep2vsXJDY1_shared_113702,alfalfaRep2vsXJDY1_shared_113702
alfalfaRep2vsXJDY1_shared_1138048,alfalfaRep2vsXJDY1_shared_1138048
alfalfaRep2vsXJDY1_shared_1138525,alfalfaRep2vsXJDY1_shared_1138525
alfalfaRep2vsXJDY1_shared_1140202,alfalfaRep2vsXJDY1_shared_1140202
alfalfaRep2vsXJDY1_shared_1141502,alfalfaRep2vsXJDY1_shared_1141502
alfalfaRep2vsXJDY1_shared_1141948,alfalfaRep2vsXJDY1_shared_1141948
alfalfaRep2vsXJDY1_shared_1142248,alfalfaRep2vsXJDY1_shared_1142248
alfalfaRep2vsXJDY1_shared_1143063,alfalfaRep2vsXJDY1_shared_1143063
alfalfaRep2vsXJDY1_shared_1143488,alfalfaRep2vsXJDY1_shared_1143488
alfalfaRep2vsXJDY1_shared_1143701,alfalfaRep2vsXJDY1_shared_1143701
alfalfaRep2vsXJDY1_shared_114372,alfalfaRep2vsXJDY1_shared_114372
alfalfaRep2vsXJDY1_shared_1145552,alfalfaRep2vsXJDY1_shared_1145552
alfalfaRep2vsXJDY1_shared_1146857,alfalfaRep2vsXJDY1_shared_1146857
alfalfaRep2vsXJDY1_shared_1148029,alfalfaRep2vsXJDY1_shared_1148029
alfalfaRep2vsXJDY1_shared_1148661,alfalfaRep2vsXJDY1_shared_1148661
alfalfaRep2vsXJDY1_shared_1149452,alfalfaRep2vsXJDY1_shared_1149452
alfalfaRep2vsXJDY1_shared_1150599,alfalfaRep2vsXJDY1_shared_1150599
alfalfaRep2vsXJDY1_shared_115183,alfalfaRep2vsXJDY1_shared_115183
alfalfaRep2vsXJDY1_shared_1152689,alfalfaRep2vsXJDY1_shared_1152689
alfalfaRep2vsXJDY1_shared_1153076,alfalfaRep2vsXJDY1_shared_1153076
alfalfaRep2vsXJDY1_shared_1153999,alfalfaRep2vsXJDY1_shared_1153999
alfalfaRep2vsXJDY1_shared_1154882,alfalfaRep2vsXJDY1_shared_1154882
alfalfaRep2vsXJDY1_shared_115498,alfalfaRep2vsXJDY1_shared_115498
alfalfaRep2vsXJDY1_shared_1156022,alfalfaRep2vsXJDY1_shared_1156022
alfalfaRep2vsXJDY1_shared_1158342,alfalfaRep2vsXJDY1_shared_1158342
alfalfaRep2vsXJDY1_shared_1159210,alfalfaRep2vsXJDY1_shared_1159210
alfalfaRep2vsXJDY1_shared_116082,alfalfaRep2vsXJDY1_shared_116082
alfalfaRep2vsXJDY1_shared_1160887,alfalfaRep2vsXJDY1_shared_1160887
alfalfaRep2vsXJDY1_shared_1161574,alfalfaRep2vsXJDY1_shared_1161574
alfalfaRep2vsXJDY1_shared_1162842,alfalfaRep2vsXJDY1_shared_1162842
alfalfaRep2vsXJDY1_shared_1163978,alfalfaRep2vsXJDY1_shared_1163978
alfalfaRep2vsXJDY1_shared_1164651,alfalfaRep2vsXJDY1_shared_1164651
alfalfaRep2vsXJDY1_shared_1165679,alfalfaRep2vsXJDY1_shared_1165679
alfalfaRep2vsXJDY1_shared_1167054,alfalfaRep2vsXJDY1_shared_1167054
alfalfaRep2vsXJDY1_shared_1167334,alfalfaRep2vsXJDY1_shared_1167334
alfalfaRep2vsXJDY1_shared_1169178,alfalfaRep2vsXJDY1_shared_1169178
alfalfaRep2vsXJDY1_shared_116977,alfalfaRep2vsXJDY1_shared_116977
alfalfaRep2vsXJDY1_shared_1170508,alfalfaRep2vsXJDY1_shared_1170508
alfalfaRep2vsXJDY1_shared_1171100,alfalfaRep2vsXJDY1_shared_1171100
alfalfaRep2vsXJDY1_shared_1172255,alfalfaRep2vsXJDY1_shared_1172255
alfalfaRep2vsXJDY1_shared_1172490,alfalfaRep2vsXJDY1_shared_1172490
alfalfaRep2vsXJDY1_shared_1172993,alfalfaRep2vsXJDY1_shared_1172993
alfalfaRep2vsXJDY1_shared_117372,alfalfaRep2vsXJDY1_shared_117372
alfalfaRep2vsXJDY1_shared_1174220,alfalfaRep2vsXJDY1_shared_1174220
alfalfaRep2vsXJDY1_shared_1175062,alfalfaRep2vsXJDY1_shared_1175062
alfalfaRep2vsXJDY1_shared_1176393,alfalfaRep2vsXJDY1_shared_1176393
alfalfaRep2vsXJDY1_shared_1177307,alfalfaRep2vsXJDY1_shared_1177307
alfalfaRep2vsXJDY1_shared_117892,alfalfaRep2vsXJDY1_shared_117892
alfalfaRep2vsXJDY1_shared_1179051,alfalfaRep2vsXJDY1_shared_1179051
alfalfaRep2vsXJDY1_shared_1179789,alfalfaRep2vsXJDY1_shared_1179789
alfalfaRep2vsXJDY1_shared_1180843,alfalfaRep2vsXJDY1_shared_1180843
alfalfaRep2vsXJDY1_shared_1181468,alfalfaRep2vsXJDY1_shared_1181468
alfalfaRep2vsXJDY1_shared_1182281,alfalfaRep2vsXJDY1_shared_1182281
alfalfaRep2vsXJDY1_shared_1183416,alfalfaRep2vsXJDY1_shared_1183416
alfalfaRep2vsXJDY1_shared_1184001,alfalfaRep2vsXJDY1_shared_1184001
alfalfaRep2vsXJDY1_shared_118490,alfalfaRep2vsXJDY1_shared_118490
alfalfaRep2vsXJDY1_shared_1185668,alfalfaRep2vsXJDY1_shared_1185668
alfalfaRep2vsXJDY1_shared_1186129,alfalfaRep2vsXJDY1_shared_1186129
alfalfaRep2vsXJDY1_shared_1187187,alfalfaRep2vsXJDY1_shared_1187187
alfalfaRep2vsXJDY1_shared_1187420,alfalfaRep2vsXJDY1_shared_1187420
alfalfaRep2vsXJDY1_shared_1187842,alfalfaRep2vsXJDY1_shared_1187842
alfalfaRep2vsXJDY1_shared_1188662,alfalfaRep2vsXJDY1_shared_1188662
alfalfaRep2vsXJDY1_shared_1189136,alfalfaRep2vsXJDY1_shared_1189136
alfalfaRep2vsXJDY1_shared_118973,alfalfaRep2vsXJDY1_shared_118973
alfalfaRep2vsXJDY1_shared_1189775,alfalfaRep2vsXJDY1_shared_1189775
alfalfaRep2vsXJDY1_shared_1190788,alfalfaRep2vsXJDY1_shared_1190788
alfalfaRep2vsXJDY1_shared_1191322,alfalfaRep2vsXJDY1_shared_1191322
alfalfaRep2vsXJDY1_shared_1191576,alfalfaRep2vsXJDY1_shared_1191576
alfalfaRep2vsXJDY1_shared_1191875,alfalfaRep2vsXJDY1_shared_1191875
alfalfaRep2vsXJDY1_shared_1192483,alfalfaRep2vsXJDY1_shared_1192483
alfalfaRep2vsXJDY1_shared_1193222,alfalfaRep2vsXJDY1_shared_1193222
alfalfaRep2vsXJDY1_shared_1194001,alfalfaRep2vsXJDY1_shared_1194001
alfalfaRep2vsXJDY1_shared_1194076,alfalfaRep2vsXJDY1_shared_1194076
alfalfaRep2vsXJDY1_shared_1194476,alfalfaRep2vsXJDY1_shared_1194476
alfalfaRep2vsXJDY1_shared_1195471,alfalfaRep2vsXJDY1_shared_1195471
alfalfaRep2vsXJDY1_shared_1196569,alfalfaRep2vsXJDY1_shared_1196569
alfalfaRep2vsXJDY1_shared_1196888,alfalfaRep2vsXJDY1_shared_1196888
alfalfaRep2vsXJDY1_shared_1198386,alfalfaRep2vsXJDY1_shared_1198386
alfalfaRep2vsXJDY1_shared_1199014,alfalfaRep2vsXJDY1_shared_1199014
alfalfaRep2vsXJDY1_shared_1199647,alfalfaRep2vsXJDY1_shared_1199647
alfalfaRep2vsXJDY1_shared_1199863,alfalfaRep2vsXJDY1_shared_1199863
alfalfaRep2vsXJDY1_shared_120089,alfalfaRep2vsXJDY1_shared_120089
alfalfaRep2vsXJDY1_shared_1201834,alfalfaRep2vsXJDY1_shared_1201834
alfalfaRep2vsXJDY1_shared_1202866,alfalfaRep2vsXJDY1_shared_1202866
alfalfaRep2vsXJDY1_shared_1204178,alfalfaRep2vsXJDY1_shared_1204178
alfalfaRep2vsXJDY1_shared_1204682,alfalfaRep2vsXJDY1_shared_1204682
alfalfaRep2vsXJDY1_shared_1205197,alfalfaRep2vsXJDY1_shared_1205197
alfalfaRep2vsXJDY1_shared_1205537,alfalfaRep2vsXJDY1_shared_1205537
alfalfaRep2vsXJDY1_shared_1206420,alfalfaRep2vsXJDY1_shared_1206420
alfalfaRep2vsXJDY1_shared_1207098,alfalfaRep2vsXJDY1_shared_1207098
alfalfaRep2vsXJDY1_shared_1207684,alfalfaRep2vsXJDY1_shared_1207684
alfalfaRep2vsXJDY1_shared_1208415,alfalfaRep2vsXJDY1_shared_1208415
alfalfaRep2vsXJDY1_shared_1209860,alfalfaRep2vsXJDY1_shared_1209860
alfalfaRep2vsXJDY1_shared_1210027,alfalfaRep2vsXJDY1_shared_1210027
alfalfaRep2vsXJDY1_shared_1210474,alfalfaRep2vsXJDY1_shared_1210474
alfalfaRep2vsXJDY1_shared_121129,alfalfaRep2vsXJDY1_shared_121129
alfalfaRep2vsXJDY1_shared_1211446,alfalfaRep2vsXJDY1_shared_1211446
alfalfaRep2vsXJDY1_shared_1212791,alfalfaRep2vsXJDY1_shared_1212791
alfalfaRep2vsXJDY1_shared_1213276,alfalfaRep2vsXJDY1_shared_1213276
alfalfaRep2vsXJDY1_shared_1214402,alfalfaRep2vsXJDY1_shared_1214402
alfalfaRep2vsXJDY1_shared_1215065,alfalfaRep2vsXJDY1_shared_1215065
alfalfaRep2vsXJDY1_shared_1215845,alfalfaRep2vsXJDY1_shared_1215845
alfalfaRep2vsXJDY1_shared_1216605,alfalfaRep2vsXJDY1_shared_1216605
alfalfaRep2vsXJDY1_shared_1217299,alfalfaRep2vsXJDY1_shared_1217299
alfalfaRep2vsXJDY1_shared_1218338,alfalfaRep2vsXJDY1_shared_1218338
alfalfaRep2vsXJDY1_shared_1218878,alfalfaRep2vsXJDY1_shared_1218878
alfalfaRep2vsXJDY1_shared_1219382,alfalfaRep2vsXJDY1_shared_1219382
alfalfaRep2vsXJDY1_shared_1220144,alfalfaRep2vsXJDY1_shared_1220144
alfalfaRep2vsXJDY1_shared_122038,alfalfaRep2vsXJDY1_shared_122038
alfalfaRep2vsXJDY1_shared_1221267,alfalfaRep2vsXJDY1_shared_1221267
alfalfaRep2vsXJDY1_shared_1222935,alfalfaRep2vsXJDY1_shared_1222935
alfalfaRep2vsXJDY1_shared_1223552,alfalfaRep2vsXJDY1_shared_1223552
alfalfaRep2vsXJDY1_shared_12255,alfalfaRep2vsXJDY1_shared_12255
alfalfaRep2vsXJDY1_shared_122567,alfalfaRep2vsXJDY1_shared_122567
alfalfaRep2vsXJDY1_shared_1226084,alfalfaRep2vsXJDY1_shared_1226084
alfalfaRep2vsXJDY1_shared_1226670,alfalfaRep2vsXJDY1_shared_1226670
alfalfaRep2vsXJDY1_shared_1227517,alfalfaRep2vsXJDY1_shared_1227517
alfalfaRep2vsXJDY1_shared_1227956,alfalfaRep2vsXJDY1_shared_1227956
alfalfaRep2vsXJDY1_shared_1228781,alfalfaRep2vsXJDY1_shared_1228781
alfalfaRep2vsXJDY1_shared_1229776,alfalfaRep2vsXJDY1_shared_1229776
alfalfaRep2vsXJDY1_shared_1230689,alfalfaRep2vsXJDY1_shared_1230689
alfalfaRep2vsXJDY1_shared_1231699,alfalfaRep2vsXJDY1_shared_1231699
alfalfaRep2vsXJDY1_shared_1233475,alfalfaRep2vsXJDY1_shared_1233475
alfalfaRep2vsXJDY1_shared_123356,alfalfaRep2vsXJDY1_shared_123356
alfalfaRep2vsXJDY1_shared_1233799,alfalfaRep2vsXJDY1_shared_1233799
alfalfaRep2vsXJDY1_shared_1234189,alfalfaRep2vsXJDY1_shared_1234189
alfalfaRep2vsXJDY1_shared_1235118,alfalfaRep2vsXJDY1_shared_1235118
alfalfaRep2vsXJDY1_shared_1235975,alfalfaRep2vsXJDY1_shared_1235975
alfalfaRep2vsXJDY1_shared_1236863,alfalfaRep2vsXJDY1_shared_1236863
alfalfaRep2vsXJDY1_shared_1237933,alfalfaRep2vsXJDY1_shared_1237933
alfalfaRep2vsXJDY1_shared_1237971,alfalfaRep2vsXJDY1_shared_1237971
alfalfaRep2vsXJDY1_shared_1238373,alfalfaRep2vsXJDY1_shared_1238373
alfalfaRep2vsXJDY1_shared_1239911,alfalfaRep2vsXJDY1_shared_1239911
alfalfaRep2vsXJDY1_shared_1240293,alfalfaRep2vsXJDY1_shared_1240293
alfalfaRep2vsXJDY1_shared_1241358,alfalfaRep2vsXJDY1_shared_1241358
alfalfaRep2vsXJDY1_shared_1242902,alfalfaRep2vsXJDY1_shared_1242902
alfalfaRep2vsXJDY1_shared_124379,alfalfaRep2vsXJDY1_shared_124379
alfalfaRep2vsXJDY1_shared_1244820,alfalfaRep2vsXJDY1_shared_1244820
alfalfaRep2vsXJDY1_shared_1245587,alfalfaRep2vsXJDY1_shared_1245587
alfalfaRep2vsXJDY1_shared_124668,alfalfaRep2vsXJDY1_shared_124668
alfalfaRep2vsXJDY1_shared_1246767,alfalfaRep2vsXJDY1_shared_1246767
alfalfaRep2vsXJDY1_shared_1248006,alfalfaRep2vsXJDY1_shared_1248006
alfalfaRep2vsXJDY1_shared_1249633,alfalfaRep2vsXJDY1_shared_1249633
alfalfaRep2vsXJDY1_shared_1251819,alfalfaRep2vsXJDY1_shared_1251819
alfalfaRep2vsXJDY1_shared_1253057,alfalfaRep2vsXJDY1_shared_1253057
alfalfaRep2vsXJDY1_shared_1253792,alfalfaRep2vsXJDY1_shared_1253792
alfalfaRep2vsXJDY1_shared_1254379,alfalfaRep2vsXJDY1_shared_1254379
alfalfaRep2vsXJDY1_shared_1255232,alfalfaRep2vsXJDY1_shared_1255232
alfalfaRep2vsXJDY1_shared_1255461,alfalfaRep2vsXJDY1_shared_1255461
alfalfaRep2vsXJDY1_shared_1257735,alfalfaRep2vsXJDY1_shared_1257735
alfalfaRep2vsXJDY1_shared_1257975,alfalfaRep2vsXJDY1_shared_1257975
alfalfaRep2vsXJDY1_shared_1258860,alfalfaRep2vsXJDY1_shared_1258860
alfalfaRep2vsXJDY1_shared_1259498,alfalfaRep2vsXJDY1_shared_1259498
alfalfaRep2vsXJDY1_shared_125972,alfalfaRep2vsXJDY1_shared_125972
alfalfaRep2vsXJDY1_shared_1260650,alfalfaRep2vsXJDY1_shared_1260650
alfalfaRep2vsXJDY1_shared_1262057,alfalfaRep2vsXJDY1_shared_1262057
alfalfaRep2vsXJDY1_shared_1263012,alfalfaRep2vsXJDY1_shared_1263012
alfalfaRep2vsXJDY1_shared_1263470,alfalfaRep2vsXJDY1_shared_1263470
alfalfaRep2vsXJDY1_shared_1264526,alfalfaRep2vsXJDY1_shared_1264526
alfalfaRep2vsXJDY1_shared_1265354,alfalfaRep2vsXJDY1_shared_1265354
alfalfaRep2vsXJDY1_shared_1266465,alfalfaRep2vsXJDY1_shared_1266465
alfalfaRep2vsXJDY1_shared_1266688,alfalfaRep2vsXJDY1_shared_1266688
alfalfaRep2vsXJDY1_shared_1267452,alfalfaRep2vsXJDY1_shared_1267452
alfalfaRep2vsXJDY1_shared_1268553,alfalfaRep2vsXJDY1_shared_1268553
alfalfaRep2vsXJDY1_shared_1270277,alfalfaRep2vsXJDY1_shared_1270277
alfalfaRep2vsXJDY1_shared_1271107,alfalfaRep2vsXJDY1_shared_1271107
alfalfaRep2vsXJDY1_shared_1271466,alfalfaRep2vsXJDY1_shared_1271466
alfalfaRep2vsXJDY1_shared_1272577,alfalfaRep2vsXJDY1_shared_1272577
alfalfaRep2vsXJDY1_shared_1273094,alfalfaRep2vsXJDY1_shared_1273094
alfalfaRep2vsXJDY1_shared_1273992,alfalfaRep2vsXJDY1_shared_1273992
alfalfaRep2vsXJDY1_shared_1274482,alfalfaRep2vsXJDY1_shared_1274482
alfalfaRep2vsXJDY1_shared_1274761,alfalfaRep2vsXJDY1_shared_1274761
alfalfaRep2vsXJDY1_shared_1275244,alfalfaRep2vsXJDY1_shared_1275244
alfalfaRep2vsXJDY1_shared_1276001,alfalfaRep2vsXJDY1_shared_1276001
alfalfaRep2vsXJDY1_shared_1278427,alfalfaRep2vsXJDY1_shared_1278427
alfalfaRep2vsXJDY1_shared_1279536,alfalfaRep2vsXJDY1_shared_1279536
alfalfaRep2vsXJDY1_shared_1280086,alfalfaRep2vsXJDY1_shared_1280086
alfalfaRep2vsXJDY1_shared_128079,alfalfaRep2vsXJDY1_shared_128079
alfalfaRep2vsXJDY1_shared_1281511,alfalfaRep2vsXJDY1_shared_1281511
alfalfaRep2vsXJDY1_shared_1281733,alfalfaRep2vsXJDY1_shared_1281733
alfalfaRep2vsXJDY1_shared_1283000,alfalfaRep2vsXJDY1_shared_1283000
alfalfaRep2vsXJDY1_shared_1283427,alfalfaRep2vsXJDY1_shared_1283427
alfalfaRep2vsXJDY1_shared_1283791,alfalfaRep2vsXJDY1_shared_1283791
alfalfaRep2vsXJDY1_shared_1284569,alfalfaRep2vsXJDY1_shared_1284569
alfalfaRep2vsXJDY1_shared_1284814,alfalfaRep2vsXJDY1_shared_1284814
alfalfaRep2vsXJDY1_shared_1285448,alfalfaRep2vsXJDY1_shared_1285448
alfalfaRep2vsXJDY1_shared_1285823,alfalfaRep2vsXJDY1_shared_1285823
alfalfaRep2vsXJDY1_shared_1286118,alfalfaRep2vsXJDY1_shared_1286118
alfalfaRep2vsXJDY1_shared_128640,alfalfaRep2vsXJDY1_shared_128640
alfalfaRep2vsXJDY1_shared_1287160,alfalfaRep2vsXJDY1_shared_1287160
alfalfaRep2vsXJDY1_shared_1288438,alfalfaRep2vsXJDY1_shared_1288438
alfalfaRep2vsXJDY1_shared_12888,alfalfaRep2vsXJDY1_shared_12888
alfalfaRep2vsXJDY1_shared_1288970,alfalfaRep2vsXJDY1_shared_1288970
alfalfaRep2vsXJDY1_shared_1289962,alfalfaRep2vsXJDY1_shared_1289962
alfalfaRep2vsXJDY1_shared_1290438,alfalfaRep2vsXJDY1_shared_1290438
alfalfaRep2vsXJDY1_shared_1291236,alfalfaRep2vsXJDY1_shared_1291236
alfalfaRep2vsXJDY1_shared_1291830,alfalfaRep2vsXJDY1_shared_1291830
alfalfaRep2vsXJDY1_shared_129218,alfalfaRep2vsXJDY1_shared_129218
alfalfaRep2vsXJDY1_shared_1292790,alfalfaRep2vsXJDY1_shared_1292790
alfalfaRep2vsXJDY1_shared_1293529,alfalfaRep2vsXJDY1_shared_1293529
alfalfaRep2vsXJDY1_shared_1293622,alfalfaRep2vsXJDY1_shared_1293622
alfalfaRep2vsXJDY1_shared_1294869,alfalfaRep2vsXJDY1_shared_1294869
alfalfaRep2vsXJDY1_shared_1295841,alfalfaRep2vsXJDY1_shared_1295841
alfalfaRep2vsXJDY1_shared_1297019,alfalfaRep2vsXJDY1_shared_1297019
alfalfaRep2vsXJDY1_shared_1297251,alfalfaRep2vsXJDY1_shared_1297251
alfalfaRep2vsXJDY1_shared_1297287,alfalfaRep2vsXJDY1_shared_1297287
alfalfaRep2vsXJDY1_shared_1297461,alfalfaRep2vsXJDY1_shared_1297461
alfalfaRep2vsXJDY1_shared_1298567,alfalfaRep2vsXJDY1_shared_1298567
alfalfaRep2vsXJDY1_shared_1299418,alfalfaRep2vsXJDY1_shared_1299418
alfalfaRep2vsXJDY1_shared_1300346,alfalfaRep2vsXJDY1_shared_1300346
alfalfaRep2vsXJDY1_shared_1300762,alfalfaRep2vsXJDY1_shared_1300762
alfalfaRep2vsXJDY1_shared_1302897,alfalfaRep2vsXJDY1_shared_1302897
alfalfaRep2vsXJDY1_shared_1303276,alfalfaRep2vsXJDY1_shared_1303276
alfalfaRep2vsXJDY1_shared_1303853,alfalfaRep2vsXJDY1_shared_1303853
alfalfaRep2vsXJDY1_shared_1304157,alfalfaRep2vsXJDY1_shared_1304157
alfalfaRep2vsXJDY1_shared_1305661,alfalfaRep2vsXJDY1_shared_1305661
alfalfaRep2vsXJDY1_shared_130630,alfalfaRep2vsXJDY1_shared_130630
alfalfaRep2vsXJDY1_shared_1306486,alfalfaRep2vsXJDY1_shared_1306486
alfalfaRep2vsXJDY1_shared_1307,alfalfaRep2vsXJDY1_shared_1307
alfalfaRep2vsXJDY1_shared_1307052,alfalfaRep2vsXJDY1_shared_1307052
alfalfaRep2vsXJDY1_shared_1307174,alfalfaRep2vsXJDY1_shared_1307174
alfalfaRep2vsXJDY1_shared_1307239,alfalfaRep2vsXJDY1_shared_1307239
alfalfaRep2vsXJDY1_shared_1307377,alfalfaRep2vsXJDY1_shared_1307377
alfalfaRep2vsXJDY1_shared_1308274,alfalfaRep2vsXJDY1_shared_1308274
alfalfaRep2vsXJDY1_shared_1309014,alfalfaRep2vsXJDY1_shared_1309014
alfalfaRep2vsXJDY1_shared_1309654,alfalfaRep2vsXJDY1_shared_1309654
alfalfaRep2vsXJDY1_shared_1310853,alfalfaRep2vsXJDY1_shared_1310853
alfalfaRep2vsXJDY1_shared_1311630,alfalfaRep2vsXJDY1_shared_1311630
alfalfaRep2vsXJDY1_shared_1312824,alfalfaRep2vsXJDY1_shared_1312824
alfalfaRep2vsXJDY1_shared_131286,alfalfaRep2vsXJDY1_shared_131286
alfalfaRep2vsXJDY1_shared_1315286,alfalfaRep2vsXJDY1_shared_1315286
alfalfaRep2vsXJDY1_shared_1316020,alfalfaRep2vsXJDY1_shared_1316020
alfalfaRep2vsXJDY1_shared_1317753,alfalfaRep2vsXJDY1_shared_1317753
alfalfaRep2vsXJDY1_shared_1317927,alfalfaRep2vsXJDY1_shared_1317927
alfalfaRep2vsXJDY1_shared_1318324,alfalfaRep2vsXJDY1_shared_1318324
alfalfaRep2vsXJDY1_shared_1319056,alfalfaRep2vsXJDY1_shared_1319056
alfalfaRep2vsXJDY1_shared_1319134,alfalfaRep2vsXJDY1_shared_1319134
alfalfaRep2vsXJDY1_shared_132080,alfalfaRep2vsXJDY1_shared_132080
alfalfaRep2vsXJDY1_shared_1321166,alfalfaRep2vsXJDY1_shared_1321166
alfalfaRep2vsXJDY1_shared_1321653,alfalfaRep2vsXJDY1_shared_1321653
alfalfaRep2vsXJDY1_shared_1322597,alfalfaRep2vsXJDY1_shared_1322597
alfalfaRep2vsXJDY1_shared_1322986,alfalfaRep2vsXJDY1_shared_1322986
alfalfaRep2vsXJDY1_shared_1323731,alfalfaRep2vsXJDY1_shared_1323731
alfalfaRep2vsXJDY1_shared_1324054,alfalfaRep2vsXJDY1_shared_1324054
alfalfaRep2vsXJDY1_shared_1325250,alfalfaRep2vsXJDY1_shared_1325250
alfalfaRep2vsXJDY1_shared_1326062,alfalfaRep2vsXJDY1_shared_1326062
alfalfaRep2vsXJDY1_shared_1326341,alfalfaRep2vsXJDY1_shared_1326341
alfalfaRep2vsXJDY1_shared_1327877,alfalfaRep2vsXJDY1_shared_1327877
alfalfaRep2vsXJDY1_shared_1328270,alfalfaRep2vsXJDY1_shared_1328270
alfalfaRep2vsXJDY1_shared_132861,alfalfaRep2vsXJDY1_shared_132861
alfalfaRep2vsXJDY1_shared_1329048,alfalfaRep2vsXJDY1_shared_1329048
alfalfaRep2vsXJDY1_shared_1330323,alfalfaRep2vsXJDY1_shared_1330323
alfalfaRep2vsXJDY1_shared_1331514,alfalfaRep2vsXJDY1_shared_1331514
alfalfaRep2vsXJDY1_shared_1332030,alfalfaRep2vsXJDY1_shared_1332030
alfalfaRep2vsXJDY1_shared_1332481,alfalfaRep2vsXJDY1_shared_1332481
alfalfaRep2vsXJDY1_shared_1332994,alfalfaRep2vsXJDY1_shared_1332994
alfalfaRep2vsXJDY1_shared_1334867,alfalfaRep2vsXJDY1_shared_1334867
alfalfaRep2vsXJDY1_shared_1336905,alfalfaRep2vsXJDY1_shared_1336905
alfalfaRep2vsXJDY1_shared_1337653,alfalfaRep2vsXJDY1_shared_1337653
alfalfaRep2vsXJDY1_shared_1339487,alfalfaRep2vsXJDY1_shared_1339487
alfalfaRep2vsXJDY1_shared_133994,alfalfaRep2vsXJDY1_shared_133994
alfalfaRep2vsXJDY1_shared_1339954,alfalfaRep2vsXJDY1_shared_1339954
alfalfaRep2vsXJDY1_shared_1341492,alfalfaRep2vsXJDY1_shared_1341492
alfalfaRep2vsXJDY1_shared_1342108,alfalfaRep2vsXJDY1_shared_1342108
alfalfaRep2vsXJDY1_shared_1342484,alfalfaRep2vsXJDY1_shared_1342484
alfalfaRep2vsXJDY1_shared_1342974,alfalfaRep2vsXJDY1_shared_1342974
alfalfaRep2vsXJDY1_shared_1343366,alfalfaRep2vsXJDY1_shared_1343366
alfalfaRep2vsXJDY1_shared_134370,alfalfaRep2vsXJDY1_shared_134370
alfalfaRep2vsXJDY1_shared_1344348,alfalfaRep2vsXJDY1_shared_1344348
alfalfaRep2vsXJDY1_shared_1345379,alfalfaRep2vsXJDY1_shared_1345379
alfalfaRep2vsXJDY1_shared_1345936,alfalfaRep2vsXJDY1_shared_1345936
alfalfaRep2vsXJDY1_shared_1348098,alfalfaRep2vsXJDY1_shared_1348098
alfalfaRep2vsXJDY1_shared_134875,alfalfaRep2vsXJDY1_shared_134875
alfalfaRep2vsXJDY1_shared_1348920,alfalfaRep2vsXJDY1_shared_1348920
alfalfaRep2vsXJDY1_shared_1349544,alfalfaRep2vsXJDY1_shared_1349544
alfalfaRep2vsXJDY1_shared_135021,alfalfaRep2vsXJDY1_shared_135021
alfalfaRep2vsXJDY1_shared_1350790,alfalfaRep2vsXJDY1_shared_1350790
alfalfaRep2vsXJDY1_shared_1351184,alfalfaRep2vsXJDY1_shared_1351184
alfalfaRep2vsXJDY1_shared_1352850,alfalfaRep2vsXJDY1_shared_1352850
alfalfaRep2vsXJDY1_shared_1355313,alfalfaRep2vsXJDY1_shared_1355313
alfalfaRep2vsXJDY1_shared_1356161,alfalfaRep2vsXJDY1_shared_1356161
alfalfaRep2vsXJDY1_shared_1356516,alfalfaRep2vsXJDY1_shared_1356516
alfalfaRep2vsXJDY1_shared_1357886,alfalfaRep2vsXJDY1_shared_1357886
alfalfaRep2vsXJDY1_shared_1359044,alfalfaRep2vsXJDY1_shared_1359044
alfalfaRep2vsXJDY1_shared_135951,alfalfaRep2vsXJDY1_shared_135951
alfalfaRep2vsXJDY1_shared_1359630,alfalfaRep2vsXJDY1_shared_1359630
alfalfaRep2vsXJDY1_shared_1361771,alfalfaRep2vsXJDY1_shared_1361771
alfalfaRep2vsXJDY1_shared_1362038,alfalfaRep2vsXJDY1_shared_1362038
alfalfaRep2vsXJDY1_shared_1362824,alfalfaRep2vsXJDY1_shared_1362824
alfalfaRep2vsXJDY1_shared_1363216,alfalfaRep2vsXJDY1_shared_1363216
alfalfaRep2vsXJDY1_shared_1363769,alfalfaRep2vsXJDY1_shared_1363769
alfalfaRep2vsXJDY1_shared_1364412,alfalfaRep2vsXJDY1_shared_1364412
alfalfaRep2vsXJDY1_shared_1365197,alfalfaRep2vsXJDY1_shared_1365197
alfalfaRep2vsXJDY1_shared_1365748,alfalfaRep2vsXJDY1_shared_1365748
alfalfaRep2vsXJDY1_shared_1366288,alfalfaRep2vsXJDY1_shared_1366288
alfalfaRep2vsXJDY1_shared_1367201,alfalfaRep2vsXJDY1_shared_1367201
alfalfaRep2vsXJDY1_shared_1367742,alfalfaRep2vsXJDY1_shared_1367742
alfalfaRep2vsXJDY1_shared_1367974,alfalfaRep2vsXJDY1_shared_1367974
alfalfaRep2vsXJDY1_shared_1368898,alfalfaRep2vsXJDY1_shared_1368898
alfalfaRep2vsXJDY1_shared_137007,alfalfaRep2vsXJDY1_shared_137007
alfalfaRep2vsXJDY1_shared_1370215,alfalfaRep2vsXJDY1_shared_1370215
alfalfaRep2vsXJDY1_shared_1371031,alfalfaRep2vsXJDY1_shared_1371031
alfalfaRep2vsXJDY1_shared_1371765,alfalfaRep2vsXJDY1_shared_1371765
alfalfaRep2vsXJDY1_shared_1373068,alfalfaRep2vsXJDY1_shared_1373068
alfalfaRep2vsXJDY1_shared_1373353,alfalfaRep2vsXJDY1_shared_1373353
alfalfaRep2vsXJDY1_shared_1373782,alfalfaRep2vsXJDY1_shared_1373782
alfalfaRep2vsXJDY1_shared_1374366,alfalfaRep2vsXJDY1_shared_1374366
alfalfaRep2vsXJDY1_shared_1375412,alfalfaRep2vsXJDY1_shared_1375412
alfalfaRep2vsXJDY1_shared_1376256,alfalfaRep2vsXJDY1_shared_1376256
alfalfaRep2vsXJDY1_shared_1376835,alfalfaRep2vsXJDY1_shared_1376835
alfalfaRep2vsXJDY1_shared_1377917,alfalfaRep2vsXJDY1_shared_1377917
alfalfaRep2vsXJDY1_shared_1378510,alfalfaRep2vsXJDY1_shared_1378510
alfalfaRep2vsXJDY1_shared_1380104,alfalfaRep2vsXJDY1_shared_1380104
alfalfaRep2vsXJDY1_shared_1381057,alfalfaRep2vsXJDY1_shared_1381057
alfalfaRep2vsXJDY1_shared_1381977,alfalfaRep2vsXJDY1_shared_1381977
alfalfaRep2vsXJDY1_shared_1382232,alfalfaRep2vsXJDY1_shared_1382232
alfalfaRep2vsXJDY1_shared_1382679,alfalfaRep2vsXJDY1_shared_1382679
alfalfaRep2vsXJDY1_shared_1383808,alfalfaRep2vsXJDY1_shared_1383808
alfalfaRep2vsXJDY1_shared_1384173,alfalfaRep2vsXJDY1_shared_1384173
alfalfaRep2vsXJDY1_shared_1384734,alfalfaRep2vsXJDY1_shared_1384734
alfalfaRep2vsXJDY1_shared_1385926,alfalfaRep2vsXJDY1_shared_1385926
alfalfaRep2vsXJDY1_shared_1386114,alfalfaRep2vsXJDY1_shared_1386114
alfalfaRep2vsXJDY1_shared_1386732,alfalfaRep2vsXJDY1_shared_1386732
alfalfaRep2vsXJDY1_shared_1388167,alfalfaRep2vsXJDY1_shared_1388167
alfalfaRep2vsXJDY1_shared_1389406,alfalfaRep2vsXJDY1_shared_1389406
alfalfaRep2vsXJDY1_shared_1389806,alfalfaRep2vsXJDY1_shared_1389806
alfalfaRep2vsXJDY1_shared_1390407,alfalfaRep2vsXJDY1_shared_1390407
alfalfaRep2vsXJDY1_shared_1390820,alfalfaRep2vsXJDY1_shared_1390820
alfalfaRep2vsXJDY1_shared_1392125,alfalfaRep2vsXJDY1_shared_1392125
alfalfaRep2vsXJDY1_shared_1393246,alfalfaRep2vsXJDY1_shared_1393246
alfalfaRep2vsXJDY1_shared_1394170,alfalfaRep2vsXJDY1_shared_1394170
alfalfaRep2vsXJDY1_shared_1395177,alfalfaRep2vsXJDY1_shared_1395177
alfalfaRep2vsXJDY1_shared_1396012,alfalfaRep2vsXJDY1_shared_1396012
alfalfaRep2vsXJDY1_shared_1396348,alfalfaRep2vsXJDY1_shared_1396348
alfalfaRep2vsXJDY1_shared_1396737,alfalfaRep2vsXJDY1_shared_1396737
alfalfaRep2vsXJDY1_shared_1397424,alfalfaRep2vsXJDY1_shared_1397424
alfalfaRep2vsXJDY1_shared_1397681,alfalfaRep2vsXJDY1_shared_1397681
alfalfaRep2vsXJDY1_shared_139838,alfalfaRep2vsXJDY1_shared_139838
alfalfaRep2vsXJDY1_shared_1398542,alfalfaRep2vsXJDY1_shared_1398542
alfalfaRep2vsXJDY1_shared_1398960,alfalfaRep2vsXJDY1_shared_1398960
alfalfaRep2vsXJDY1_shared_1400363,alfalfaRep2vsXJDY1_shared_1400363
alfalfaRep2vsXJDY1_shared_140040,alfalfaRep2vsXJDY1_shared_140040
alfalfaRep2vsXJDY1_shared_1400740,alfalfaRep2vsXJDY1_shared_1400740
alfalfaRep2vsXJDY1_shared_1401615,alfalfaRep2vsXJDY1_shared_1401615
alfalfaRep2vsXJDY1_shared_1403205,alfalfaRep2vsXJDY1_shared_1403205
alfalfaRep2vsXJDY1_shared_1403582,alfalfaRep2vsXJDY1_shared_1403582
alfalfaRep2vsXJDY1_shared_1404276,alfalfaRep2vsXJDY1_shared_1404276
alfalfaRep2vsXJDY1_shared_1404335,alfalfaRep2vsXJDY1_shared_1404335
alfalfaRep2vsXJDY1_shared_1405299,alfalfaRep2vsXJDY1_shared_1405299
alfalfaRep2vsXJDY1_shared_1405594,alfalfaRep2vsXJDY1_shared_1405594
alfalfaRep2vsXJDY1_shared_1406240,alfalfaRep2vsXJDY1_shared_1406240
alfalfaRep2vsXJDY1_shared_1406423,alfalfaRep2vsXJDY1_shared_1406423
alfalfaRep2vsXJDY1_shared_1406720,alfalfaRep2vsXJDY1_shared_1406720
alfalfaRep2vsXJDY1_shared_1408362,alfalfaRep2vsXJDY1_shared_1408362
alfalfaRep2vsXJDY1_shared_1409011,alfalfaRep2vsXJDY1_shared_1409011
alfalfaRep2vsXJDY1_shared_1410717,alfalfaRep2vsXJDY1_shared_1410717
alfalfaRep2vsXJDY1_shared_141100,alfalfaRep2vsXJDY1_shared_141100
alfalfaRep2vsXJDY1_shared_1412362,alfalfaRep2vsXJDY1_shared_1412362
alfalfaRep2vsXJDY1_shared_1413100,alfalfaRep2vsXJDY1_shared_1413100
alfalfaRep2vsXJDY1_shared_1413754,alfalfaRep2vsXJDY1_shared_1413754
alfalfaRep2vsXJDY1_shared_1414848,alfalfaRep2vsXJDY1_shared_1414848
alfalfaRep2vsXJDY1_shared_141554,alfalfaRep2vsXJDY1_shared_141554
alfalfaRep2vsXJDY1_shared_1416653,alfalfaRep2vsXJDY1_shared_1416653
alfalfaRep2vsXJDY1_shared_1417581,alfalfaRep2vsXJDY1_shared_1417581
alfalfaRep2vsXJDY1_shared_1418087,alfalfaRep2vsXJDY1_shared_1418087
alfalfaRep2vsXJDY1_shared_1420297,alfalfaRep2vsXJDY1_shared_1420297
alfalfaRep2vsXJDY1_shared_1421293,alfalfaRep2vsXJDY1_shared_1421293
alfalfaRep2vsXJDY1_shared_1421586,alfalfaRep2vsXJDY1_shared_1421586
alfalfaRep2vsXJDY1_shared_1422068,alfalfaRep2vsXJDY1_shared_1422068
alfalfaRep2vsXJDY1_shared_1423056,alfalfaRep2vsXJDY1_shared_1423056
alfalfaRep2vsXJDY1_shared_1424223,alfalfaRep2vsXJDY1_shared_1424223
alfalfaRep2vsXJDY1_shared_1424483,alfalfaRep2vsXJDY1_shared_1424483
alfalfaRep2vsXJDY1_shared_1425782,alfalfaRep2vsXJDY1_shared_1425782
alfalfaRep2vsXJDY1_shared_1426136,alfalfaRep2vsXJDY1_shared_1426136
alfalfaRep2vsXJDY1_shared_1426496,alfalfaRep2vsXJDY1_shared_1426496
alfalfaRep2vsXJDY1_shared_1427052,alfalfaRep2vsXJDY1_shared_1427052
alfalfaRep2vsXJDY1_shared_1427640,alfalfaRep2vsXJDY1_shared_1427640
alfalfaRep2vsXJDY1_shared_1428485,alfalfaRep2vsXJDY1_shared_1428485
alfalfaRep2vsXJDY1_shared_1430297,alfalfaRep2vsXJDY1_shared_1430297
alfalfaRep2vsXJDY1_shared_1430676,alfalfaRep2vsXJDY1_shared_1430676
alfalfaRep2vsXJDY1_shared_1430939,alfalfaRep2vsXJDY1_shared_1430939
alfalfaRep2vsXJDY1_shared_1432068,alfalfaRep2vsXJDY1_shared_1432068
alfalfaRep2vsXJDY1_shared_1432172,alfalfaRep2vsXJDY1_shared_1432172
alfalfaRep2vsXJDY1_shared_1433136,alfalfaRep2vsXJDY1_shared_1433136
alfalfaRep2vsXJDY1_shared_1434682,alfalfaRep2vsXJDY1_shared_1434682
alfalfaRep2vsXJDY1_shared_1434883,alfalfaRep2vsXJDY1_shared_1434883
alfalfaRep2vsXJDY1_shared_1435094,alfalfaRep2vsXJDY1_shared_1435094
alfalfaRep2vsXJDY1_shared_1435566,alfalfaRep2vsXJDY1_shared_1435566
alfalfaRep2vsXJDY1_shared_143590,alfalfaRep2vsXJDY1_shared_143590
alfalfaRep2vsXJDY1_shared_1436483,alfalfaRep2vsXJDY1_shared_1436483
alfalfaRep2vsXJDY1_shared_1437321,alfalfaRep2vsXJDY1_shared_1437321
alfalfaRep2vsXJDY1_shared_1437797,alfalfaRep2vsXJDY1_shared_1437797
alfalfaRep2vsXJDY1_shared_1438834,alfalfaRep2vsXJDY1_shared_1438834
alfalfaRep2vsXJDY1_shared_1439446,alfalfaRep2vsXJDY1_shared_1439446
alfalfaRep2vsXJDY1_shared_1439888,alfalfaRep2vsXJDY1_shared_1439888
alfalfaRep2vsXJDY1_shared_1439996,alfalfaRep2vsXJDY1_shared_1439996
alfalfaRep2vsXJDY1_shared_14402,alfalfaRep2vsXJDY1_shared_14402
alfalfaRep2vsXJDY1_shared_1440584,alfalfaRep2vsXJDY1_shared_1440584
alfalfaRep2vsXJDY1_shared_1442128,alfalfaRep2vsXJDY1_shared_1442128
alfalfaRep2vsXJDY1_shared_1442974,alfalfaRep2vsXJDY1_shared_1442974
alfalfaRep2vsXJDY1_shared_144350,alfalfaRep2vsXJDY1_shared_144350
alfalfaRep2vsXJDY1_shared_1444119,alfalfaRep2vsXJDY1_shared_1444119
alfalfaRep2vsXJDY1_shared_1444505,alfalfaRep2vsXJDY1_shared_1444505
alfalfaRep2vsXJDY1_shared_1444662,alfalfaRep2vsXJDY1_shared_1444662
alfalfaRep2vsXJDY1_shared_1445775,alfalfaRep2vsXJDY1_shared_1445775
alfalfaRep2vsXJDY1_shared_1446115,alfalfaRep2vsXJDY1_shared_1446115
alfalfaRep2vsXJDY1_shared_1446583,alfalfaRep2vsXJDY1_shared_1446583
alfalfaRep2vsXJDY1_shared_1447263,alfalfaRep2vsXJDY1_shared_1447263
alfalfaRep2vsXJDY1_shared_1448058,alfalfaRep2vsXJDY1_shared_1448058
alfalfaRep2vsXJDY1_shared_1448613,alfalfaRep2vsXJDY1_shared_1448613
alfalfaRep2vsXJDY1_shared_1448775,alfalfaRep2vsXJDY1_shared_1448775
alfalfaRep2vsXJDY1_shared_1451071,alfalfaRep2vsXJDY1_shared_1451071
alfalfaRep2vsXJDY1_shared_1451695,alfalfaRep2vsXJDY1_shared_1451695
alfalfaRep2vsXJDY1_shared_1452536,alfalfaRep2vsXJDY1_shared_1452536
alfalfaRep2vsXJDY1_shared_1453549,alfalfaRep2vsXJDY1_shared_1453549
alfalfaRep2vsXJDY1_shared_1454894,alfalfaRep2vsXJDY1_shared_1454894
alfalfaRep2vsXJDY1_shared_1455765,alfalfaRep2vsXJDY1_shared_1455765
alfalfaRep2vsXJDY1_shared_1456907,alfalfaRep2vsXJDY1_shared_1456907
alfalfaRep2vsXJDY1_shared_1457463,alfalfaRep2vsXJDY1_shared_1457463
alfalfaRep2vsXJDY1_shared_1457928,alfalfaRep2vsXJDY1_shared_1457928
alfalfaRep2vsXJDY1_shared_1459243,alfalfaRep2vsXJDY1_shared_1459243
alfalfaRep2vsXJDY1_shared_1459298,alfalfaRep2vsXJDY1_shared_1459298
alfalfaRep2vsXJDY1_shared_1459671,alfalfaRep2vsXJDY1_shared_1459671
alfalfaRep2vsXJDY1_shared_1460002,alfalfaRep2vsXJDY1_shared_1460002
alfalfaRep2vsXJDY1_shared_1460466,alfalfaRep2vsXJDY1_shared_1460466
alfalfaRep2vsXJDY1_shared_1461392,alfalfaRep2vsXJDY1_shared_1461392
alfalfaRep2vsXJDY1_shared_1461691,alfalfaRep2vsXJDY1_shared_1461691
alfalfaRep2vsXJDY1_shared_1462100,alfalfaRep2vsXJDY1_shared_1462100
alfalfaRep2vsXJDY1_shared_146317,alfalfaRep2vsXJDY1_shared_146317
alfalfaRep2vsXJDY1_shared_1463179,alfalfaRep2vsXJDY1_shared_1463179
alfalfaRep2vsXJDY1_shared_1464762,alfalfaRep2vsXJDY1_shared_1464762
alfalfaRep2vsXJDY1_shared_1465815,alfalfaRep2vsXJDY1_shared_1465815
alfalfaRep2vsXJDY1_shared_1466165,alfalfaRep2vsXJDY1_shared_1466165
alfalfaRep2vsXJDY1_shared_1466837,alfalfaRep2vsXJDY1_shared_1466837
alfalfaRep2vsXJDY1_shared_1468059,alfalfaRep2vsXJDY1_shared_1468059
alfalfaRep2vsXJDY1_shared_1469077,alfalfaRep2vsXJDY1_shared_1469077
alfalfaRep2vsXJDY1_shared_1469491,alfalfaRep2vsXJDY1_shared_1469491
alfalfaRep2vsXJDY1_shared_1470161,alfalfaRep2vsXJDY1_shared_1470161
alfalfaRep2vsXJDY1_shared_1470951,alfalfaRep2vsXJDY1_shared_1470951
alfalfaRep2vsXJDY1_shared_1471461,alfalfaRep2vsXJDY1_shared_1471461
alfalfaRep2vsXJDY1_shared_1472300,alfalfaRep2vsXJDY1_shared_1472300
alfalfaRep2vsXJDY1_shared_147302,alfalfaRep2vsXJDY1_shared_147302
alfalfaRep2vsXJDY1_shared_1473526,alfalfaRep2vsXJDY1_shared_1473526
alfalfaRep2vsXJDY1_shared_1473778,alfalfaRep2vsXJDY1_shared_1473778
alfalfaRep2vsXJDY1_shared_1475050,alfalfaRep2vsXJDY1_shared_1475050
alfalfaRep2vsXJDY1_shared_1476636,alfalfaRep2vsXJDY1_shared_1476636
alfalfaRep2vsXJDY1_shared_1476982,alfalfaRep2vsXJDY1_shared_1476982
alfalfaRep2vsXJDY1_shared_1477360,alfalfaRep2vsXJDY1_shared_1477360
alfalfaRep2vsXJDY1_shared_147834,alfalfaRep2vsXJDY1_shared_147834
alfalfaRep2vsXJDY1_shared_1478379,alfalfaRep2vsXJDY1_shared_1478379
alfalfaRep2vsXJDY1_shared_1479362,alfalfaRep2vsXJDY1_shared_1479362
alfalfaRep2vsXJDY1_shared_1480784,alfalfaRep2vsXJDY1_shared_1480784
alfalfaRep2vsXJDY1_shared_148106,alfalfaRep2vsXJDY1_shared_148106
alfalfaRep2vsXJDY1_shared_1481269,alfalfaRep2vsXJDY1_shared_1481269
alfalfaRep2vsXJDY1_shared_1482137,alfalfaRep2vsXJDY1_shared_1482137
alfalfaRep2vsXJDY1_shared_1483354,alfalfaRep2vsXJDY1_shared_1483354
alfalfaRep2vsXJDY1_shared_1483626,alfalfaRep2vsXJDY1_shared_1483626
alfalfaRep2vsXJDY1_shared_1484108,alfalfaRep2vsXJDY1_shared_1484108
alfalfaRep2vsXJDY1_shared_1484195,alfalfaRep2vsXJDY1_shared_1484195
alfalfaRep2vsXJDY1_shared_1484722,alfalfaRep2vsXJDY1_shared_1484722
alfalfaRep2vsXJDY1_shared_1484853,alfalfaRep2vsXJDY1_shared_1484853
alfalfaRep2vsXJDY1_shared_1485148,alfalfaRep2vsXJDY1_shared_1485148
alfalfaRep2vsXJDY1_shared_148526,alfalfaRep2vsXJDY1_shared_148526
alfalfaRep2vsXJDY1_shared_1485821,alfalfaRep2vsXJDY1_shared_1485821
alfalfaRep2vsXJDY1_shared_1486626,alfalfaRep2vsXJDY1_shared_1486626
alfalfaRep2vsXJDY1_shared_1486903,alfalfaRep2vsXJDY1_shared_1486903
alfalfaRep2vsXJDY1_shared_1487085,alfalfaRep2vsXJDY1_shared_1487085
alfalfaRep2vsXJDY1_shared_1488659,alfalfaRep2vsXJDY1_shared_1488659
alfalfaRep2vsXJDY1_shared_1490841,alfalfaRep2vsXJDY1_shared_1490841
alfalfaRep2vsXJDY1_shared_1491000,alfalfaRep2vsXJDY1_shared_1491000
alfalfaRep2vsXJDY1_shared_1491734,alfalfaRep2vsXJDY1_shared_1491734
alfalfaRep2vsXJDY1_shared_1492425,alfalfaRep2vsXJDY1_shared_1492425
alfalfaRep2vsXJDY1_shared_1492908,alfalfaRep2vsXJDY1_shared_1492908
alfalfaRep2vsXJDY1_shared_1493545,alfalfaRep2vsXJDY1_shared_1493545
alfalfaRep2vsXJDY1_shared_1494899,alfalfaRep2vsXJDY1_shared_1494899
alfalfaRep2vsXJDY1_shared_1495887,alfalfaRep2vsXJDY1_shared_1495887
alfalfaRep2vsXJDY1_shared_1496493,alfalfaRep2vsXJDY1_shared_1496493
alfalfaRep2vsXJDY1_shared_1497425,alfalfaRep2vsXJDY1_shared_1497425
alfalfaRep2vsXJDY1_shared_149743,alfalfaRep2vsXJDY1_shared_149743
alfalfaRep2vsXJDY1_shared_1497883,alfalfaRep2vsXJDY1_shared_1497883
alfalfaRep2vsXJDY1_shared_1498418,alfalfaRep2vsXJDY1_shared_1498418
alfalfaRep2vsXJDY1_shared_1498730,alfalfaRep2vsXJDY1_shared_1498730
alfalfaRep2vsXJDY1_shared_1499370,alfalfaRep2vsXJDY1_shared_1499370
alfalfaRep2vsXJDY1_shared_1500397,alfalfaRep2vsXJDY1_shared_1500397
alfalfaRep2vsXJDY1_shared_1501721,alfalfaRep2vsXJDY1_shared_1501721
alfalfaRep2vsXJDY1_shared_1502410,alfalfaRep2vsXJDY1_shared_1502410
alfalfaRep2vsXJDY1_shared_1502813,alfalfaRep2vsXJDY1_shared_1502813
alfalfaRep2vsXJDY1_shared_1503269,alfalfaRep2vsXJDY1_shared_1503269
alfalfaRep2vsXJDY1_shared_1503836,alfalfaRep2vsXJDY1_shared_1503836
alfalfaRep2vsXJDY1_shared_1504915,alfalfaRep2vsXJDY1_shared_1504915
alfalfaRep2vsXJDY1_shared_1505935,alfalfaRep2vsXJDY1_shared_1505935
alfalfaRep2vsXJDY1_shared_1506567,alfalfaRep2vsXJDY1_shared_1506567
alfalfaRep2vsXJDY1_shared_1507457,alfalfaRep2vsXJDY1_shared_1507457
alfalfaRep2vsXJDY1_shared_1508134,alfalfaRep2vsXJDY1_shared_1508134
alfalfaRep2vsXJDY1_shared_1509072,alfalfaRep2vsXJDY1_shared_1509072
alfalfaRep2vsXJDY1_shared_1509758,alfalfaRep2vsXJDY1_shared_1509758
alfalfaRep2vsXJDY1_shared_1510805,alfalfaRep2vsXJDY1_shared_1510805
alfalfaRep2vsXJDY1_shared_1511857,alfalfaRep2vsXJDY1_shared_1511857
alfalfaRep2vsXJDY1_shared_1512469,alfalfaRep2vsXJDY1_shared_1512469
alfalfaRep2vsXJDY1_shared_1513324,alfalfaRep2vsXJDY1_shared_1513324
alfalfaRep2vsXJDY1_shared_15134,alfalfaRep2vsXJDY1_shared_15134
alfalfaRep2vsXJDY1_shared_151419,alfalfaRep2vsXJDY1_shared_151419
alfalfaRep2vsXJDY1_shared_1514496,alfalfaRep2vsXJDY1_shared_1514496
alfalfaRep2vsXJDY1_shared_1515059,alfalfaRep2vsXJDY1_shared_1515059
alfalfaRep2vsXJDY1_shared_1515782,alfalfaRep2vsXJDY1_shared_1515782
alfalfaRep2vsXJDY1_shared_1516249,alfalfaRep2vsXJDY1_shared_1516249
alfalfaRep2vsXJDY1_shared_1516998,alfalfaRep2vsXJDY1_shared_1516998
alfalfaRep2vsXJDY1_shared_1518007,alfalfaRep2vsXJDY1_shared_1518007
alfalfaRep2vsXJDY1_shared_1518688,alfalfaRep2vsXJDY1_shared_1518688
alfalfaRep2vsXJDY1_shared_1519469,alfalfaRep2vsXJDY1_shared_1519469
alfalfaRep2vsXJDY1_shared_1520044,alfalfaRep2vsXJDY1_shared_1520044
alfalfaRep2vsXJDY1_shared_1520318,alfalfaRep2vsXJDY1_shared_1520318
alfalfaRep2vsXJDY1_shared_1521023,alfalfaRep2vsXJDY1_shared_1521023
alfalfaRep2vsXJDY1_shared_1521577,alfalfaRep2vsXJDY1_shared_1521577
alfalfaRep2vsXJDY1_shared_1522492,alfalfaRep2vsXJDY1_shared_1522492
alfalfaRep2vsXJDY1_shared_1523728,alfalfaRep2vsXJDY1_shared_1523728
alfalfaRep2vsXJDY1_shared_1524204,alfalfaRep2vsXJDY1_shared_1524204
alfalfaRep2vsXJDY1_shared_1524844,alfalfaRep2vsXJDY1_shared_1524844
alfalfaRep2vsXJDY1_shared_152608,alfalfaRep2vsXJDY1_shared_152608
alfalfaRep2vsXJDY1_shared_1526156,alfalfaRep2vsXJDY1_shared_1526156
alfalfaRep2vsXJDY1_shared_1528403,alfalfaRep2vsXJDY1_shared_1528403
alfalfaRep2vsXJDY1_shared_1529725,alfalfaRep2vsXJDY1_shared_1529725
alfalfaRep2vsXJDY1_shared_1530986,alfalfaRep2vsXJDY1_shared_1530986
alfalfaRep2vsXJDY1_shared_1532584,alfalfaRep2vsXJDY1_shared_1532584
alfalfaRep2vsXJDY1_shared_1533316,alfalfaRep2vsXJDY1_shared_1533316
alfalfaRep2vsXJDY1_shared_1533882,alfalfaRep2vsXJDY1_shared_1533882
alfalfaRep2vsXJDY1_shared_1534876,alfalfaRep2vsXJDY1_shared_1534876
alfalfaRep2vsXJDY1_shared_1537283,alfalfaRep2vsXJDY1_shared_1537283
alfalfaRep2vsXJDY1_shared_1537684,alfalfaRep2vsXJDY1_shared_1537684
alfalfaRep2vsXJDY1_shared_1539508,alfalfaRep2vsXJDY1_shared_1539508
alfalfaRep2vsXJDY1_shared_1539731,alfalfaRep2vsXJDY1_shared_1539731
alfalfaRep2vsXJDY1_shared_154003,alfalfaRep2vsXJDY1_shared_154003
alfalfaRep2vsXJDY1_shared_1541708,alfalfaRep2vsXJDY1_shared_1541708
alfalfaRep2vsXJDY1_shared_1544009,alfalfaRep2vsXJDY1_shared_1544009
alfalfaRep2vsXJDY1_shared_1544120,alfalfaRep2vsXJDY1_shared_1544120
alfalfaRep2vsXJDY1_shared_1545325,alfalfaRep2vsXJDY1_shared_1545325
alfalfaRep2vsXJDY1_shared_1545864,alfalfaRep2vsXJDY1_shared_1545864
alfalfaRep2vsXJDY1_shared_15462,alfalfaRep2vsXJDY1_shared_15462
alfalfaRep2vsXJDY1_shared_1547134,alfalfaRep2vsXJDY1_shared_1547134
alfalfaRep2vsXJDY1_shared_1547938,alfalfaRep2vsXJDY1_shared_1547938
alfalfaRep2vsXJDY1_shared_1549186,alfalfaRep2vsXJDY1_shared_1549186
alfalfaRep2vsXJDY1_shared_1550400,alfalfaRep2vsXJDY1_shared_1550400
alfalfaRep2vsXJDY1_shared_155068,alfalfaRep2vsXJDY1_shared_155068
alfalfaRep2vsXJDY1_shared_1551217,alfalfaRep2vsXJDY1_shared_1551217
alfalfaRep2vsXJDY1_shared_1552306,alfalfaRep2vsXJDY1_shared_1552306
alfalfaRep2vsXJDY1_shared_1552984,alfalfaRep2vsXJDY1_shared_1552984
alfalfaRep2vsXJDY1_shared_1553209,alfalfaRep2vsXJDY1_shared_1553209
alfalfaRep2vsXJDY1_shared_1554364,alfalfaRep2vsXJDY1_shared_1554364
alfalfaRep2vsXJDY1_shared_1554987,alfalfaRep2vsXJDY1_shared_1554987
alfalfaRep2vsXJDY1_shared_1555766,alfalfaRep2vsXJDY1_shared_1555766
alfalfaRep2vsXJDY1_shared_155840,alfalfaRep2vsXJDY1_shared_155840
alfalfaRep2vsXJDY1_shared_1558467,alfalfaRep2vsXJDY1_shared_1558467
alfalfaRep2vsXJDY1_shared_1558768,alfalfaRep2vsXJDY1_shared_1558768
alfalfaRep2vsXJDY1_shared_1559355,alfalfaRep2vsXJDY1_shared_1559355
alfalfaRep2vsXJDY1_shared_1559854,alfalfaRep2vsXJDY1_shared_1559854
alfalfaRep2vsXJDY1_shared_1560807,alfalfaRep2vsXJDY1_shared_1560807
alfalfaRep2vsXJDY1_shared_1561993,alfalfaRep2vsXJDY1_shared_1561993
alfalfaRep2vsXJDY1_shared_1562163,alfalfaRep2vsXJDY1_shared_1562163
alfalfaRep2vsXJDY1_shared_1562608,alfalfaRep2vsXJDY1_shared_1562608
alfalfaRep2vsXJDY1_shared_1563741,alfalfaRep2vsXJDY1_shared_1563741
alfalfaRep2vsXJDY1_shared_1564855,alfalfaRep2vsXJDY1_shared_1564855
alfalfaRep2vsXJDY1_shared_1565062,alfalfaRep2vsXJDY1_shared_1565062
alfalfaRep2vsXJDY1_shared_1566005,alfalfaRep2vsXJDY1_shared_1566005
alfalfaRep2vsXJDY1_shared_1566708,alfalfaRep2vsXJDY1_shared_1566708
alfalfaRep2vsXJDY1_shared_1567758,alfalfaRep2vsXJDY1_shared_1567758
alfalfaRep2vsXJDY1_shared_1569030,alfalfaRep2vsXJDY1_shared_1569030
alfalfaRep2vsXJDY1_shared_1570632,alfalfaRep2vsXJDY1_shared_1570632
alfalfaRep2vsXJDY1_shared_1570795,alfalfaRep2vsXJDY1_shared_1570795
alfalfaRep2vsXJDY1_shared_1572501,alfalfaRep2vsXJDY1_shared_1572501
alfalfaRep2vsXJDY1_shared_1572792,alfalfaRep2vsXJDY1_shared_1572792
alfalfaRep2vsXJDY1_shared_1573969,alfalfaRep2vsXJDY1_shared_1573969
alfalfaRep2vsXJDY1_shared_157417,alfalfaRep2vsXJDY1_shared_157417
alfalfaRep2vsXJDY1_shared_1574493,alfalfaRep2vsXJDY1_shared_1574493
alfalfaRep2vsXJDY1_shared_1575572,alfalfaRep2vsXJDY1_shared_1575572
alfalfaRep2vsXJDY1_shared_1576634,alfalfaRep2vsXJDY1_shared_1576634
alfalfaRep2vsXJDY1_shared_157689,alfalfaRep2vsXJDY1_shared_157689
alfalfaRep2vsXJDY1_shared_1577215,alfalfaRep2vsXJDY1_shared_1577215
alfalfaRep2vsXJDY1_shared_1578613,alfalfaRep2vsXJDY1_shared_1578613
alfalfaRep2vsXJDY1_shared_1581759,alfalfaRep2vsXJDY1_shared_1581759
alfalfaRep2vsXJDY1_shared_1582098,alfalfaRep2vsXJDY1_shared_1582098
alfalfaRep2vsXJDY1_shared_1582717,alfalfaRep2vsXJDY1_shared_1582717
alfalfaRep2vsXJDY1_shared_1584212,alfalfaRep2vsXJDY1_shared_1584212
alfalfaRep2vsXJDY1_shared_1584751,alfalfaRep2vsXJDY1_shared_1584751
alfalfaRep2vsXJDY1_shared_1585762,alfalfaRep2vsXJDY1_shared_1585762
alfalfaRep2vsXJDY1_shared_1586481,alfalfaRep2vsXJDY1_shared_1586481
alfalfaRep2vsXJDY1_shared_1587640,alfalfaRep2vsXJDY1_shared_1587640
alfalfaRep2vsXJDY1_shared_1588667,alfalfaRep2vsXJDY1_shared_1588667
alfalfaRep2vsXJDY1_shared_1589532,alfalfaRep2vsXJDY1_shared_1589532
alfalfaRep2vsXJDY1_shared_158955,alfalfaRep2vsXJDY1_shared_158955
alfalfaRep2vsXJDY1_shared_1590303,alfalfaRep2vsXJDY1_shared_1590303
alfalfaRep2vsXJDY1_shared_1590994,alfalfaRep2vsXJDY1_shared_1590994
alfalfaRep2vsXJDY1_shared_1591639,alfalfaRep2vsXJDY1_shared_1591639
alfalfaRep2vsXJDY1_shared_1591937,alfalfaRep2vsXJDY1_shared_1591937
alfalfaRep2vsXJDY1_shared_1592791,alfalfaRep2vsXJDY1_shared_1592791
alfalfaRep2vsXJDY1_shared_1593728,alfalfaRep2vsXJDY1_shared_1593728
alfalfaRep2vsXJDY1_shared_1595120,alfalfaRep2vsXJDY1_shared_1595120
alfalfaRep2vsXJDY1_shared_159530,alfalfaRep2vsXJDY1_shared_159530
alfalfaRep2vsXJDY1_shared_1596648,alfalfaRep2vsXJDY1_shared_1596648
alfalfaRep2vsXJDY1_shared_1597558,alfalfaRep2vsXJDY1_shared_1597558
alfalfaRep2vsXJDY1_shared_1599551,alfalfaRep2vsXJDY1_shared_1599551
alfalfaRep2vsXJDY1_shared_1600460,alfalfaRep2vsXJDY1_shared_1600460
alfalfaRep2vsXJDY1_shared_1601093,alfalfaRep2vsXJDY1_shared_1601093
alfalfaRep2vsXJDY1_shared_160163,alfalfaRep2vsXJDY1_shared_160163
alfalfaRep2vsXJDY1_shared_1601874,alfalfaRep2vsXJDY1_shared_1601874
alfalfaRep2vsXJDY1_shared_1602652,alfalfaRep2vsXJDY1_shared_1602652
alfalfaRep2vsXJDY1_shared_160318,alfalfaRep2vsXJDY1_shared_160318
alfalfaRep2vsXJDY1_shared_1603485,alfalfaRep2vsXJDY1_shared_1603485
alfalfaRep2vsXJDY1_shared_1603984,alfalfaRep2vsXJDY1_shared_1603984
alfalfaRep2vsXJDY1_shared_1604326,alfalfaRep2vsXJDY1_shared_1604326
alfalfaRep2vsXJDY1_shared_1604587,alfalfaRep2vsXJDY1_shared_1604587
alfalfaRep2vsXJDY1_shared_1605065,alfalfaRep2vsXJDY1_shared_1605065
alfalfaRep2vsXJDY1_shared_1606395,alfalfaRep2vsXJDY1_shared_1606395
alfalfaRep2vsXJDY1_shared_1606665,alfalfaRep2vsXJDY1_shared_1606665
alfalfaRep2vsXJDY1_shared_1607394,alfalfaRep2vsXJDY1_shared_1607394
alfalfaRep2vsXJDY1_shared_1608295,alfalfaRep2vsXJDY1_shared_1608295
alfalfaRep2vsXJDY1_shared_1608640,alfalfaRep2vsXJDY1_shared_1608640
alfalfaRep2vsXJDY1_shared_1610401,alfalfaRep2vsXJDY1_shared_1610401
alfalfaRep2vsXJDY1_shared_1610674,alfalfaRep2vsXJDY1_shared_1610674
alfalfaRep2vsXJDY1_shared_1611665,alfalfaRep2vsXJDY1_shared_1611665
alfalfaRep2vsXJDY1_shared_1611902,alfalfaRep2vsXJDY1_shared_1611902
alfalfaRep2vsXJDY1_shared_1613636,alfalfaRep2vsXJDY1_shared_1613636
alfalfaRep2vsXJDY1_shared_1614282,alfalfaRep2vsXJDY1_shared_1614282
alfalfaRep2vsXJDY1_shared_1615934,alfalfaRep2vsXJDY1_shared_1615934
alfalfaRep2vsXJDY1_shared_1616443,alfalfaRep2vsXJDY1_shared_1616443
alfalfaRep2vsXJDY1_shared_1618049,alfalfaRep2vsXJDY1_shared_1618049
alfalfaRep2vsXJDY1_shared_1618697,alfalfaRep2vsXJDY1_shared_1618697
alfalfaRep2vsXJDY1_shared_1619942,alfalfaRep2vsXJDY1_shared_1619942
alfalfaRep2vsXJDY1_shared_1621581,alfalfaRep2vsXJDY1_shared_1621581
alfalfaRep2vsXJDY1_shared_1622145,alfalfaRep2vsXJDY1_shared_1622145
alfalfaRep2vsXJDY1_shared_1624020,alfalfaRep2vsXJDY1_shared_1624020
alfalfaRep2vsXJDY1_shared_162460,alfalfaRep2vsXJDY1_shared_162460
alfalfaRep2vsXJDY1_shared_1624770,alfalfaRep2vsXJDY1_shared_1624770
alfalfaRep2vsXJDY1_shared_1625242,alfalfaRep2vsXJDY1_shared_1625242
alfalfaRep2vsXJDY1_shared_1625823,alfalfaRep2vsXJDY1_shared_1625823
alfalfaRep2vsXJDY1_shared_1626305,alfalfaRep2vsXJDY1_shared_1626305
alfalfaRep2vsXJDY1_shared_1627723,alfalfaRep2vsXJDY1_shared_1627723
alfalfaRep2vsXJDY1_shared_1628845,alfalfaRep2vsXJDY1_shared_1628845
alfalfaRep2vsXJDY1_shared_1630263,alfalfaRep2vsXJDY1_shared_1630263
alfalfaRep2vsXJDY1_shared_1630674,alfalfaRep2vsXJDY1_shared_1630674
alfalfaRep2vsXJDY1_shared_1631506,alfalfaRep2vsXJDY1_shared_1631506
alfalfaRep2vsXJDY1_shared_1631724,alfalfaRep2vsXJDY1_shared_1631724
alfalfaRep2vsXJDY1_shared_1631884,alfalfaRep2vsXJDY1_shared_1631884
alfalfaRep2vsXJDY1_shared_1632518,alfalfaRep2vsXJDY1_shared_1632518
alfalfaRep2vsXJDY1_shared_1632770,alfalfaRep2vsXJDY1_shared_1632770
alfalfaRep2vsXJDY1_shared_1635008,alfalfaRep2vsXJDY1_shared_1635008
alfalfaRep2vsXJDY1_shared_1635403,alfalfaRep2vsXJDY1_shared_1635403
alfalfaRep2vsXJDY1_shared_1635835,alfalfaRep2vsXJDY1_shared_1635835
alfalfaRep2vsXJDY1_shared_1635982,alfalfaRep2vsXJDY1_shared_1635982
alfalfaRep2vsXJDY1_shared_1636573,alfalfaRep2vsXJDY1_shared_1636573
alfalfaRep2vsXJDY1_shared_1637022,alfalfaRep2vsXJDY1_shared_1637022
alfalfaRep2vsXJDY1_shared_1638435,alfalfaRep2vsXJDY1_shared_1638435
alfalfaRep2vsXJDY1_shared_163852,alfalfaRep2vsXJDY1_shared_163852
alfalfaRep2vsXJDY1_shared_16392,alfalfaRep2vsXJDY1_shared_16392
alfalfaRep2vsXJDY1_shared_1639332,alfalfaRep2vsXJDY1_shared_1639332
alfalfaRep2vsXJDY1_shared_1639862,alfalfaRep2vsXJDY1_shared_1639862
alfalfaRep2vsXJDY1_shared_1640335,alfalfaRep2vsXJDY1_shared_1640335
alfalfaRep2vsXJDY1_shared_1640678,alfalfaRep2vsXJDY1_shared_1640678
alfalfaRep2vsXJDY1_shared_1641153,alfalfaRep2vsXJDY1_shared_1641153
alfalfaRep2vsXJDY1_shared_1642045,alfalfaRep2vsXJDY1_shared_1642045
alfalfaRep2vsXJDY1_shared_1642488,alfalfaRep2vsXJDY1_shared_1642488
alfalfaRep2vsXJDY1_shared_164275,alfalfaRep2vsXJDY1_shared_164275
alfalfaRep2vsXJDY1_shared_1643338,alfalfaRep2vsXJDY1_shared_1643338
alfalfaRep2vsXJDY1_shared_1643923,alfalfaRep2vsXJDY1_shared_1643923
alfalfaRep2vsXJDY1_shared_1644979,alfalfaRep2vsXJDY1_shared_1644979
alfalfaRep2vsXJDY1_shared_1645891,alfalfaRep2vsXJDY1_shared_1645891
alfalfaRep2vsXJDY1_shared_1646099,alfalfaRep2vsXJDY1_shared_1646099
alfalfaRep2vsXJDY1_shared_1647842,alfalfaRep2vsXJDY1_shared_1647842
alfalfaRep2vsXJDY1_shared_164885,alfalfaRep2vsXJDY1_shared_164885
alfalfaRep2vsXJDY1_shared_1648992,alfalfaRep2vsXJDY1_shared_1648992
alfalfaRep2vsXJDY1_shared_1650337,alfalfaRep2vsXJDY1_shared_1650337
alfalfaRep2vsXJDY1_shared_1650901,alfalfaRep2vsXJDY1_shared_1650901
alfalfaRep2vsXJDY1_shared_1651910,alfalfaRep2vsXJDY1_shared_1651910
alfalfaRep2vsXJDY1_shared_1653068,alfalfaRep2vsXJDY1_shared_1653068
alfalfaRep2vsXJDY1_shared_1653567,alfalfaRep2vsXJDY1_shared_1653567
alfalfaRep2vsXJDY1_shared_1653704,alfalfaRep2vsXJDY1_shared_1653704
alfalfaRep2vsXJDY1_shared_1655418,alfalfaRep2vsXJDY1_shared_1655418
alfalfaRep2vsXJDY1_shared_1656928,alfalfaRep2vsXJDY1_shared_1656928
alfalfaRep2vsXJDY1_shared_165800,alfalfaRep2vsXJDY1_shared_165800
alfalfaRep2vsXJDY1_shared_1658288,alfalfaRep2vsXJDY1_shared_1658288
alfalfaRep2vsXJDY1_shared_1658948,alfalfaRep2vsXJDY1_shared_1658948
alfalfaRep2vsXJDY1_shared_1660704,alfalfaRep2vsXJDY1_shared_1660704
alfalfaRep2vsXJDY1_shared_1661049,alfalfaRep2vsXJDY1_shared_1661049
alfalfaRep2vsXJDY1_shared_166117,alfalfaRep2vsXJDY1_shared_166117
alfalfaRep2vsXJDY1_shared_1661292,alfalfaRep2vsXJDY1_shared_1661292
alfalfaRep2vsXJDY1_shared_1661777,alfalfaRep2vsXJDY1_shared_1661777
alfalfaRep2vsXJDY1_shared_1662003,alfalfaRep2vsXJDY1_shared_1662003
alfalfaRep2vsXJDY1_shared_1663496,alfalfaRep2vsXJDY1_shared_1663496
alfalfaRep2vsXJDY1_shared_1664117,alfalfaRep2vsXJDY1_shared_1664117
alfalfaRep2vsXJDY1_shared_166423,alfalfaRep2vsXJDY1_shared_166423
alfalfaRep2vsXJDY1_shared_1665015,alfalfaRep2vsXJDY1_shared_1665015
alfalfaRep2vsXJDY1_shared_1666002,alfalfaRep2vsXJDY1_shared_1666002
alfalfaRep2vsXJDY1_shared_1666557,alfalfaRep2vsXJDY1_shared_1666557
alfalfaRep2vsXJDY1_shared_1667199,alfalfaRep2vsXJDY1_shared_1667199
alfalfaRep2vsXJDY1_shared_1667335,alfalfaRep2vsXJDY1_shared_1667335
alfalfaRep2vsXJDY1_shared_1668419,alfalfaRep2vsXJDY1_shared_1668419
alfalfaRep2vsXJDY1_shared_1668786,alfalfaRep2vsXJDY1_shared_1668786
alfalfaRep2vsXJDY1_shared_1669804,alfalfaRep2vsXJDY1_shared_1669804
alfalfaRep2vsXJDY1_shared_1670895,alfalfaRep2vsXJDY1_shared_1670895
alfalfaRep2vsXJDY1_shared_167114,alfalfaRep2vsXJDY1_shared_167114
alfalfaRep2vsXJDY1_shared_1671786,alfalfaRep2vsXJDY1_shared_1671786
alfalfaRep2vsXJDY1_shared_1672894,alfalfaRep2vsXJDY1_shared_1672894
alfalfaRep2vsXJDY1_shared_1673926,alfalfaRep2vsXJDY1_shared_1673926
alfalfaRep2vsXJDY1_shared_1674264,alfalfaRep2vsXJDY1_shared_1674264
alfalfaRep2vsXJDY1_shared_1674444,alfalfaRep2vsXJDY1_shared_1674444
alfalfaRep2vsXJDY1_shared_1675555,alfalfaRep2vsXJDY1_shared_1675555
alfalfaRep2vsXJDY1_shared_1676671,alfalfaRep2vsXJDY1_shared_1676671
alfalfaRep2vsXJDY1_shared_1677294,alfalfaRep2vsXJDY1_shared_1677294
alfalfaRep2vsXJDY1_shared_1677788,alfalfaRep2vsXJDY1_shared_1677788
alfalfaRep2vsXJDY1_shared_1678412,alfalfaRep2vsXJDY1_shared_1678412
alfalfaRep2vsXJDY1_shared_1679109,alfalfaRep2vsXJDY1_shared_1679109
alfalfaRep2vsXJDY1_shared_167960,alfalfaRep2vsXJDY1_shared_167960
alfalfaRep2vsXJDY1_shared_1679900,alfalfaRep2vsXJDY1_shared_1679900
alfalfaRep2vsXJDY1_shared_1680385,alfalfaRep2vsXJDY1_shared_1680385
alfalfaRep2vsXJDY1_shared_1681462,alfalfaRep2vsXJDY1_shared_1681462
alfalfaRep2vsXJDY1_shared_1682595,alfalfaRep2vsXJDY1_shared_1682595
alfalfaRep2vsXJDY1_shared_168289,alfalfaRep2vsXJDY1_shared_168289
alfalfaRep2vsXJDY1_shared_1683253,alfalfaRep2vsXJDY1_shared_1683253
alfalfaRep2vsXJDY1_shared_16839,alfalfaRep2vsXJDY1_shared_16839
alfalfaRep2vsXJDY1_shared_1684585,alfalfaRep2vsXJDY1_shared_1684585
alfalfaRep2vsXJDY1_shared_1684777,alfalfaRep2vsXJDY1_shared_1684777
alfalfaRep2vsXJDY1_shared_1685738,alfalfaRep2vsXJDY1_shared_1685738
alfalfaRep2vsXJDY1_shared_1686164,alfalfaRep2vsXJDY1_shared_1686164
alfalfaRep2vsXJDY1_shared_1686515,alfalfaRep2vsXJDY1_shared_1686515
alfalfaRep2vsXJDY1_shared_1687589,alfalfaRep2vsXJDY1_shared_1687589
alfalfaRep2vsXJDY1_shared_1687828,alfalfaRep2vsXJDY1_shared_1687828
alfalfaRep2vsXJDY1_shared_1688719,alfalfaRep2vsXJDY1_shared_1688719
alfalfaRep2vsXJDY1_shared_168959,alfalfaRep2vsXJDY1_shared_168959
alfalfaRep2vsXJDY1_shared_1689725,alfalfaRep2vsXJDY1_shared_1689725
alfalfaRep2vsXJDY1_shared_1690592,alfalfaRep2vsXJDY1_shared_1690592
alfalfaRep2vsXJDY1_shared_1690984,alfalfaRep2vsXJDY1_shared_1690984
alfalfaRep2vsXJDY1_shared_1692225,alfalfaRep2vsXJDY1_shared_1692225
alfalfaRep2vsXJDY1_shared_1692896,alfalfaRep2vsXJDY1_shared_1692896
alfalfaRep2vsXJDY1_shared_1693531,alfalfaRep2vsXJDY1_shared_1693531
alfalfaRep2vsXJDY1_shared_1693940,alfalfaRep2vsXJDY1_shared_1693940
alfalfaRep2vsXJDY1_shared_1694760,alfalfaRep2vsXJDY1_shared_1694760
alfalfaRep2vsXJDY1_shared_1695250,alfalfaRep2vsXJDY1_shared_1695250
alfalfaRep2vsXJDY1_shared_1695677,alfalfaRep2vsXJDY1_shared_1695677
alfalfaRep2vsXJDY1_shared_1696591,alfalfaRep2vsXJDY1_shared_1696591
alfalfaRep2vsXJDY1_shared_1697079,alfalfaRep2vsXJDY1_shared_1697079
alfalfaRep2vsXJDY1_shared_1697430,alfalfaRep2vsXJDY1_shared_1697430
alfalfaRep2vsXJDY1_shared_1698681,alfalfaRep2vsXJDY1_shared_1698681
alfalfaRep2vsXJDY1_shared_1699373,alfalfaRep2vsXJDY1_shared_1699373
alfalfaRep2vsXJDY1_shared_1699532,alfalfaRep2vsXJDY1_shared_1699532
alfalfaRep2vsXJDY1_shared_1699884,alfalfaRep2vsXJDY1_shared_1699884
alfalfaRep2vsXJDY1_shared_1700631,alfalfaRep2vsXJDY1_shared_1700631
alfalfaRep2vsXJDY1_shared_1701512,alfalfaRep2vsXJDY1_shared_1701512
alfalfaRep2vsXJDY1_shared_170279,alfalfaRep2vsXJDY1_shared_170279
alfalfaRep2vsXJDY1_shared_1703201,alfalfaRep2vsXJDY1_shared_1703201
alfalfaRep2vsXJDY1_shared_1704978,alfalfaRep2vsXJDY1_shared_1704978
alfalfaRep2vsXJDY1_shared_1705388,alfalfaRep2vsXJDY1_shared_1705388
alfalfaRep2vsXJDY1_shared_1706366,alfalfaRep2vsXJDY1_shared_1706366
alfalfaRep2vsXJDY1_shared_1706787,alfalfaRep2vsXJDY1_shared_1706787
alfalfaRep2vsXJDY1_shared_1706947,alfalfaRep2vsXJDY1_shared_1706947
alfalfaRep2vsXJDY1_shared_1707272,alfalfaRep2vsXJDY1_shared_1707272
alfalfaRep2vsXJDY1_shared_170751,alfalfaRep2vsXJDY1_shared_170751
alfalfaRep2vsXJDY1_shared_1707636,alfalfaRep2vsXJDY1_shared_1707636
alfalfaRep2vsXJDY1_shared_1708263,alfalfaRep2vsXJDY1_shared_1708263
alfalfaRep2vsXJDY1_shared_1709232,alfalfaRep2vsXJDY1_shared_1709232
alfalfaRep2vsXJDY1_shared_1709731,alfalfaRep2vsXJDY1_shared_1709731
alfalfaRep2vsXJDY1_shared_1711365,alfalfaRep2vsXJDY1_shared_1711365
alfalfaRep2vsXJDY1_shared_1711873,alfalfaRep2vsXJDY1_shared_1711873
alfalfaRep2vsXJDY1_shared_1712976,alfalfaRep2vsXJDY1_shared_1712976
alfalfaRep2vsXJDY1_shared_1714157,alfalfaRep2vsXJDY1_shared_1714157
alfalfaRep2vsXJDY1_shared_1715210,alfalfaRep2vsXJDY1_shared_1715210
alfalfaRep2vsXJDY1_shared_1715839,alfalfaRep2vsXJDY1_shared_1715839
alfalfaRep2vsXJDY1_shared_1716664,alfalfaRep2vsXJDY1_shared_1716664
alfalfaRep2vsXJDY1_shared_1716979,alfalfaRep2vsXJDY1_shared_1716979
alfalfaRep2vsXJDY1_shared_1718142,alfalfaRep2vsXJDY1_shared_1718142
alfalfaRep2vsXJDY1_shared_1719457,alfalfaRep2vsXJDY1_shared_1719457
alfalfaRep2vsXJDY1_shared_1720304,alfalfaRep2vsXJDY1_shared_1720304
alfalfaRep2vsXJDY1_shared_1721780,alfalfaRep2vsXJDY1_shared_1721780
alfalfaRep2vsXJDY1_shared_1722433,alfalfaRep2vsXJDY1_shared_1722433
alfalfaRep2vsXJDY1_shared_1723433,alfalfaRep2vsXJDY1_shared_1723433
alfalfaRep2vsXJDY1_shared_1724840,alfalfaRep2vsXJDY1_shared_1724840
alfalfaRep2vsXJDY1_shared_1725488,alfalfaRep2vsXJDY1_shared_1725488
alfalfaRep2vsXJDY1_shared_1725956,alfalfaRep2vsXJDY1_shared_1725956
alfalfaRep2vsXJDY1_shared_1726537,alfalfaRep2vsXJDY1_shared_1726537
alfalfaRep2vsXJDY1_shared_1726904,alfalfaRep2vsXJDY1_shared_1726904
alfalfaRep2vsXJDY1_shared_1727328,alfalfaRep2vsXJDY1_shared_1727328
alfalfaRep2vsXJDY1_shared_1727919,alfalfaRep2vsXJDY1_shared_1727919
alfalfaRep2vsXJDY1_shared_1728013,alfalfaRep2vsXJDY1_shared_1728013
alfalfaRep2vsXJDY1_shared_1728824,alfalfaRep2vsXJDY1_shared_1728824
alfalfaRep2vsXJDY1_shared_1729869,alfalfaRep2vsXJDY1_shared_1729869
alfalfaRep2vsXJDY1_shared_1731001,alfalfaRep2vsXJDY1_shared_1731001
alfalfaRep2vsXJDY1_shared_17314,alfalfaRep2vsXJDY1_shared_17314
alfalfaRep2vsXJDY1_shared_1731548,alfalfaRep2vsXJDY1_shared_1731548
alfalfaRep2vsXJDY1_shared_1732857,alfalfaRep2vsXJDY1_shared_1732857
alfalfaRep2vsXJDY1_shared_1734304,alfalfaRep2vsXJDY1_shared_1734304
alfalfaRep2vsXJDY1_shared_173451,alfalfaRep2vsXJDY1_shared_173451
alfalfaRep2vsXJDY1_shared_1734871,alfalfaRep2vsXJDY1_shared_1734871
alfalfaRep2vsXJDY1_shared_1736564,alfalfaRep2vsXJDY1_shared_1736564
alfalfaRep2vsXJDY1_shared_1737699,alfalfaRep2vsXJDY1_shared_1737699
alfalfaRep2vsXJDY1_shared_173951,alfalfaRep2vsXJDY1_shared_173951
alfalfaRep2vsXJDY1_shared_1739515,alfalfaRep2vsXJDY1_shared_1739515
alfalfaRep2vsXJDY1_shared_1740244,alfalfaRep2vsXJDY1_shared_1740244
alfalfaRep2vsXJDY1_shared_1740974,alfalfaRep2vsXJDY1_shared_1740974
alfalfaRep2vsXJDY1_shared_1741392,alfalfaRep2vsXJDY1_shared_1741392
alfalfaRep2vsXJDY1_shared_1742068,alfalfaRep2vsXJDY1_shared_1742068
alfalfaRep2vsXJDY1_shared_174256,alfalfaRep2vsXJDY1_shared_174256
alfalfaRep2vsXJDY1_shared_1742904,alfalfaRep2vsXJDY1_shared_1742904
alfalfaRep2vsXJDY1_shared_1743660,alfalfaRep2vsXJDY1_shared_1743660
alfalfaRep2vsXJDY1_shared_1744306,alfalfaRep2vsXJDY1_shared_1744306
alfalfaRep2vsXJDY1_shared_1746105,alfalfaRep2vsXJDY1_shared_1746105
alfalfaRep2vsXJDY1_shared_174642,alfalfaRep2vsXJDY1_shared_174642
alfalfaRep2vsXJDY1_shared_1746990,alfalfaRep2vsXJDY1_shared_1746990
alfalfaRep2vsXJDY1_shared_1748851,alfalfaRep2vsXJDY1_shared_1748851
alfalfaRep2vsXJDY1_shared_1749527,alfalfaRep2vsXJDY1_shared_1749527
alfalfaRep2vsXJDY1_shared_1750400,alfalfaRep2vsXJDY1_shared_1750400
alfalfaRep2vsXJDY1_shared_1750777,alfalfaRep2vsXJDY1_shared_1750777
alfalfaRep2vsXJDY1_shared_1752251,alfalfaRep2vsXJDY1_shared_1752251
alfalfaRep2vsXJDY1_shared_1753135,alfalfaRep2vsXJDY1_shared_1753135
alfalfaRep2vsXJDY1_shared_1753345,alfalfaRep2vsXJDY1_shared_1753345
alfalfaRep2vsXJDY1_shared_1754300,alfalfaRep2vsXJDY1_shared_1754300
alfalfaRep2vsXJDY1_shared_1754805,alfalfaRep2vsXJDY1_shared_1754805
alfalfaRep2vsXJDY1_shared_1756003,alfalfaRep2vsXJDY1_shared_1756003
alfalfaRep2vsXJDY1_shared_1756607,alfalfaRep2vsXJDY1_shared_1756607
alfalfaRep2vsXJDY1_shared_1758266,alfalfaRep2vsXJDY1_shared_1758266
alfalfaRep2vsXJDY1_shared_1759667,alfalfaRep2vsXJDY1_shared_1759667
alfalfaRep2vsXJDY1_shared_1760483,alfalfaRep2vsXJDY1_shared_1760483
alfalfaRep2vsXJDY1_shared_1761707,alfalfaRep2vsXJDY1_shared_1761707
alfalfaRep2vsXJDY1_shared_1762300,alfalfaRep2vsXJDY1_shared_1762300
alfalfaRep2vsXJDY1_shared_1762427,alfalfaRep2vsXJDY1_shared_1762427
alfalfaRep2vsXJDY1_shared_1763089,alfalfaRep2vsXJDY1_shared_1763089
alfalfaRep2vsXJDY1_shared_176440,alfalfaRep2vsXJDY1_shared_176440
alfalfaRep2vsXJDY1_shared_1764718,alfalfaRep2vsXJDY1_shared_1764718
alfalfaRep2vsXJDY1_shared_176622,alfalfaRep2vsXJDY1_shared_176622
alfalfaRep2vsXJDY1_shared_1767432,alfalfaRep2vsXJDY1_shared_1767432
alfalfaRep2vsXJDY1_shared_1769143,alfalfaRep2vsXJDY1_shared_1769143
alfalfaRep2vsXJDY1_shared_1769413,alfalfaRep2vsXJDY1_shared_1769413
alfalfaRep2vsXJDY1_shared_1769653,alfalfaRep2vsXJDY1_shared_1769653
alfalfaRep2vsXJDY1_shared_1772121,alfalfaRep2vsXJDY1_shared_1772121
alfalfaRep2vsXJDY1_shared_1772796,alfalfaRep2vsXJDY1_shared_1772796
alfalfaRep2vsXJDY1_shared_1774672,alfalfaRep2vsXJDY1_shared_1774672
alfalfaRep2vsXJDY1_shared_1775935,alfalfaRep2vsXJDY1_shared_1775935
alfalfaRep2vsXJDY1_shared_1776305,alfalfaRep2vsXJDY1_shared_1776305
alfalfaRep2vsXJDY1_shared_177693,alfalfaRep2vsXJDY1_shared_177693
alfalfaRep2vsXJDY1_shared_1776983,alfalfaRep2vsXJDY1_shared_1776983
alfalfaRep2vsXJDY1_shared_1778227,alfalfaRep2vsXJDY1_shared_1778227
alfalfaRep2vsXJDY1_shared_1779280,alfalfaRep2vsXJDY1_shared_1779280
alfalfaRep2vsXJDY1_shared_1780163,alfalfaRep2vsXJDY1_shared_1780163
alfalfaRep2vsXJDY1_shared_1780823,alfalfaRep2vsXJDY1_shared_1780823
alfalfaRep2vsXJDY1_shared_1781845,alfalfaRep2vsXJDY1_shared_1781845
alfalfaRep2vsXJDY1_shared_1782442,alfalfaRep2vsXJDY1_shared_1782442
alfalfaRep2vsXJDY1_shared_1783305,alfalfaRep2vsXJDY1_shared_1783305
alfalfaRep2vsXJDY1_shared_178363,alfalfaRep2vsXJDY1_shared_178363
alfalfaRep2vsXJDY1_shared_1785065,alfalfaRep2vsXJDY1_shared_1785065
alfalfaRep2vsXJDY1_shared_1785648,alfalfaRep2vsXJDY1_shared_1785648
alfalfaRep2vsXJDY1_shared_1785830,alfalfaRep2vsXJDY1_shared_1785830
alfalfaRep2vsXJDY1_shared_1785912,alfalfaRep2vsXJDY1_shared_1785912
alfalfaRep2vsXJDY1_shared_1786718,alfalfaRep2vsXJDY1_shared_1786718
alfalfaRep2vsXJDY1_shared_1788109,alfalfaRep2vsXJDY1_shared_1788109
alfalfaRep2vsXJDY1_shared_1788653,alfalfaRep2vsXJDY1_shared_1788653
alfalfaRep2vsXJDY1_shared_1791017,alfalfaRep2vsXJDY1_shared_1791017
alfalfaRep2vsXJDY1_shared_1791755,alfalfaRep2vsXJDY1_shared_1791755
alfalfaRep2vsXJDY1_shared_1792043,alfalfaRep2vsXJDY1_shared_1792043
alfalfaRep2vsXJDY1_shared_1793445,alfalfaRep2vsXJDY1_shared_1793445
alfalfaRep2vsXJDY1_shared_179354,alfalfaRep2vsXJDY1_shared_179354
alfalfaRep2vsXJDY1_shared_1794533,alfalfaRep2vsXJDY1_shared_1794533
alfalfaRep2vsXJDY1_shared_1797871,alfalfaRep2vsXJDY1_shared_1797871
alfalfaRep2vsXJDY1_shared_1799704,alfalfaRep2vsXJDY1_shared_1799704
alfalfaRep2vsXJDY1_shared_1802685,alfalfaRep2vsXJDY1_shared_1802685
alfalfaRep2vsXJDY1_shared_1804722,alfalfaRep2vsXJDY1_shared_1804722
alfalfaRep2vsXJDY1_shared_1805420,alfalfaRep2vsXJDY1_shared_1805420
alfalfaRep2vsXJDY1_shared_1805649,alfalfaRep2vsXJDY1_shared_1805649
alfalfaRep2vsXJDY1_shared_1806136,alfalfaRep2vsXJDY1_shared_1806136
alfalfaRep2vsXJDY1_shared_180691,alfalfaRep2vsXJDY1_shared_180691
alfalfaRep2vsXJDY1_shared_1808078,alfalfaRep2vsXJDY1_shared_1808078
alfalfaRep2vsXJDY1_shared_1808383,alfalfaRep2vsXJDY1_shared_1808383
alfalfaRep2vsXJDY1_shared_1808911,alfalfaRep2vsXJDY1_shared_1808911
alfalfaRep2vsXJDY1_shared_1810171,alfalfaRep2vsXJDY1_shared_1810171
alfalfaRep2vsXJDY1_shared_181094,alfalfaRep2vsXJDY1_shared_181094
alfalfaRep2vsXJDY1_shared_1811103,alfalfaRep2vsXJDY1_shared_1811103
alfalfaRep2vsXJDY1_shared_1813205,alfalfaRep2vsXJDY1_shared_1813205
alfalfaRep2vsXJDY1_shared_1813282,alfalfaRep2vsXJDY1_shared_1813282
alfalfaRep2vsXJDY1_shared_1815850,alfalfaRep2vsXJDY1_shared_1815850
alfalfaRep2vsXJDY1_shared_1816737,alfalfaRep2vsXJDY1_shared_1816737
alfalfaRep2vsXJDY1_shared_1817940,alfalfaRep2vsXJDY1_shared_1817940
alfalfaRep2vsXJDY1_shared_1818649,alfalfaRep2vsXJDY1_shared_1818649
alfalfaRep2vsXJDY1_shared_1819300,alfalfaRep2vsXJDY1_shared_1819300
alfalfaRep2vsXJDY1_shared_1821160,alfalfaRep2vsXJDY1_shared_1821160
alfalfaRep2vsXJDY1_shared_1822040,alfalfaRep2vsXJDY1_shared_1822040
alfalfaRep2vsXJDY1_shared_1822751,alfalfaRep2vsXJDY1_shared_1822751
alfalfaRep2vsXJDY1_shared_1823959,alfalfaRep2vsXJDY1_shared_1823959
alfalfaRep2vsXJDY1_shared_1825602,alfalfaRep2vsXJDY1_shared_1825602
alfalfaRep2vsXJDY1_shared_1826379,alfalfaRep2vsXJDY1_shared_1826379
alfalfaRep2vsXJDY1_shared_1827066,alfalfaRep2vsXJDY1_shared_1827066
alfalfaRep2vsXJDY1_shared_1827682,alfalfaRep2vsXJDY1_shared_1827682
alfalfaRep2vsXJDY1_shared_1828448,alfalfaRep2vsXJDY1_shared_1828448
alfalfaRep2vsXJDY1_shared_1829667,alfalfaRep2vsXJDY1_shared_1829667
alfalfaRep2vsXJDY1_shared_1830151,alfalfaRep2vsXJDY1_shared_1830151
alfalfaRep2vsXJDY1_shared_1831167,alfalfaRep2vsXJDY1_shared_1831167
alfalfaRep2vsXJDY1_shared_1831505,alfalfaRep2vsXJDY1_shared_1831505
alfalfaRep2vsXJDY1_shared_1831846,alfalfaRep2vsXJDY1_shared_1831846
alfalfaRep2vsXJDY1_shared_183241,alfalfaRep2vsXJDY1_shared_183241
alfalfaRep2vsXJDY1_shared_1833076,alfalfaRep2vsXJDY1_shared_1833076
alfalfaRep2vsXJDY1_shared_1833690,alfalfaRep2vsXJDY1_shared_1833690
alfalfaRep2vsXJDY1_shared_1834360,alfalfaRep2vsXJDY1_shared_1834360
alfalfaRep2vsXJDY1_shared_1838218,alfalfaRep2vsXJDY1_shared_1838218
alfalfaRep2vsXJDY1_shared_1839068,alfalfaRep2vsXJDY1_shared_1839068
alfalfaRep2vsXJDY1_shared_183988,alfalfaRep2vsXJDY1_shared_183988
alfalfaRep2vsXJDY1_shared_1844467,alfalfaRep2vsXJDY1_shared_1844467
alfalfaRep2vsXJDY1_shared_1845064,alfalfaRep2vsXJDY1_shared_1845064
alfalfaRep2vsXJDY1_shared_18477,alfalfaRep2vsXJDY1_shared_18477
alfalfaRep2vsXJDY1_shared_1848515,alfalfaRep2vsXJDY1_shared_1848515
alfalfaRep2vsXJDY1_shared_1850917,alfalfaRep2vsXJDY1_shared_1850917
alfalfaRep2vsXJDY1_shared_185373,alfalfaRep2vsXJDY1_shared_185373
alfalfaRep2vsXJDY1_shared_1855830,alfalfaRep2vsXJDY1_shared_1855830
alfalfaRep2vsXJDY1_shared_185989,alfalfaRep2vsXJDY1_shared_185989
alfalfaRep2vsXJDY1_shared_1863656,alfalfaRep2vsXJDY1_shared_1863656
alfalfaRep2vsXJDY1_shared_1865040,alfalfaRep2vsXJDY1_shared_1865040
alfalfaRep2vsXJDY1_shared_1866222,alfalfaRep2vsXJDY1_shared_1866222
alfalfaRep2vsXJDY1_shared_186906,alfalfaRep2vsXJDY1_shared_186906
alfalfaRep2vsXJDY1_shared_1873337,alfalfaRep2vsXJDY1_shared_1873337
alfalfaRep2vsXJDY1_shared_1873887,alfalfaRep2vsXJDY1_shared_1873887
alfalfaRep2vsXJDY1_shared_1874184,alfalfaRep2vsXJDY1_shared_1874184
alfalfaRep2vsXJDY1_shared_1875798,alfalfaRep2vsXJDY1_shared_1875798
alfalfaRep2vsXJDY1_shared_1877569,alfalfaRep2vsXJDY1_shared_1877569
alfalfaRep2vsXJDY1_shared_187867,alfalfaRep2vsXJDY1_shared_187867
alfalfaRep2vsXJDY1_shared_1878671,alfalfaRep2vsXJDY1_shared_1878671
alfalfaRep2vsXJDY1_shared_1880203,alfalfaRep2vsXJDY1_shared_1880203
alfalfaRep2vsXJDY1_shared_1880905,alfalfaRep2vsXJDY1_shared_1880905
alfalfaRep2vsXJDY1_shared_1881562,alfalfaRep2vsXJDY1_shared_1881562
alfalfaRep2vsXJDY1_shared_1881874,alfalfaRep2vsXJDY1_shared_1881874
alfalfaRep2vsXJDY1_shared_1882139,alfalfaRep2vsXJDY1_shared_1882139
alfalfaRep2vsXJDY1_shared_188281,alfalfaRep2vsXJDY1_shared_188281
alfalfaRep2vsXJDY1_shared_1882973,alfalfaRep2vsXJDY1_shared_1882973
alfalfaRep2vsXJDY1_shared_1884972,alfalfaRep2vsXJDY1_shared_1884972
alfalfaRep2vsXJDY1_shared_188618,alfalfaRep2vsXJDY1_shared_188618
alfalfaRep2vsXJDY1_shared_1887693,alfalfaRep2vsXJDY1_shared_1887693
alfalfaRep2vsXJDY1_shared_1889476,alfalfaRep2vsXJDY1_shared_1889476
alfalfaRep2vsXJDY1_shared_1890434,alfalfaRep2vsXJDY1_shared_1890434
alfalfaRep2vsXJDY1_shared_1891392,alfalfaRep2vsXJDY1_shared_1891392
alfalfaRep2vsXJDY1_shared_1892445,alfalfaRep2vsXJDY1_shared_1892445
alfalfaRep2vsXJDY1_shared_1893031,alfalfaRep2vsXJDY1_shared_1893031
alfalfaRep2vsXJDY1_shared_1894760,alfalfaRep2vsXJDY1_shared_1894760
alfalfaRep2vsXJDY1_shared_1895892,alfalfaRep2vsXJDY1_shared_1895892
alfalfaRep2vsXJDY1_shared_1897221,alfalfaRep2vsXJDY1_shared_1897221
alfalfaRep2vsXJDY1_shared_1898237,alfalfaRep2vsXJDY1_shared_1898237
alfalfaRep2vsXJDY1_shared_1899433,alfalfaRep2vsXJDY1_shared_1899433
alfalfaRep2vsXJDY1_shared_1900931,alfalfaRep2vsXJDY1_shared_1900931
alfalfaRep2vsXJDY1_shared_190147,alfalfaRep2vsXJDY1_shared_190147
alfalfaRep2vsXJDY1_shared_1902600,alfalfaRep2vsXJDY1_shared_1902600
alfalfaRep2vsXJDY1_shared_1903631,alfalfaRep2vsXJDY1_shared_1903631
alfalfaRep2vsXJDY1_shared_1904770,alfalfaRep2vsXJDY1_shared_1904770
alfalfaRep2vsXJDY1_shared_1905712,alfalfaRep2vsXJDY1_shared_1905712
alfalfaRep2vsXJDY1_shared_1905864,alfalfaRep2vsXJDY1_shared_1905864
alfalfaRep2vsXJDY1_shared_1906497,alfalfaRep2vsXJDY1_shared_1906497
alfalfaRep2vsXJDY1_shared_1907017,alfalfaRep2vsXJDY1_shared_1907017
alfalfaRep2vsXJDY1_shared_1907229,alfalfaRep2vsXJDY1_shared_1907229
alfalfaRep2vsXJDY1_shared_1908524,alfalfaRep2vsXJDY1_shared_1908524
alfalfaRep2vsXJDY1_shared_1909809,alfalfaRep2vsXJDY1_shared_1909809
alfalfaRep2vsXJDY1_shared_1912097,alfalfaRep2vsXJDY1_shared_1912097
alfalfaRep2vsXJDY1_shared_191280,alfalfaRep2vsXJDY1_shared_191280
alfalfaRep2vsXJDY1_shared_1913232,alfalfaRep2vsXJDY1_shared_1913232
alfalfaRep2vsXJDY1_shared_1913481,alfalfaRep2vsXJDY1_shared_1913481
alfalfaRep2vsXJDY1_shared_1914409,alfalfaRep2vsXJDY1_shared_1914409
alfalfaRep2vsXJDY1_shared_1915090,alfalfaRep2vsXJDY1_shared_1915090
alfalfaRep2vsXJDY1_shared_1916964,alfalfaRep2vsXJDY1_shared_1916964
alfalfaRep2vsXJDY1_shared_1917374,alfalfaRep2vsXJDY1_shared_1917374
alfalfaRep2vsXJDY1_shared_1920702,alfalfaRep2vsXJDY1_shared_1920702
alfalfaRep2vsXJDY1_shared_1921397,alfalfaRep2vsXJDY1_shared_1921397
alfalfaRep2vsXJDY1_shared_192169,alfalfaRep2vsXJDY1_shared_192169
alfalfaRep2vsXJDY1_shared_1922987,alfalfaRep2vsXJDY1_shared_1922987
alfalfaRep2vsXJDY1_shared_1923735,alfalfaRep2vsXJDY1_shared_1923735
alfalfaRep2vsXJDY1_shared_1925553,alfalfaRep2vsXJDY1_shared_1925553
alfalfaRep2vsXJDY1_shared_1926457,alfalfaRep2vsXJDY1_shared_1926457
alfalfaRep2vsXJDY1_shared_192687,alfalfaRep2vsXJDY1_shared_192687
alfalfaRep2vsXJDY1_shared_1927723,alfalfaRep2vsXJDY1_shared_1927723
alfalfaRep2vsXJDY1_shared_1928285,alfalfaRep2vsXJDY1_shared_1928285
alfalfaRep2vsXJDY1_shared_1930410,alfalfaRep2vsXJDY1_shared_1930410
alfalfaRep2vsXJDY1_shared_193059,alfalfaRep2vsXJDY1_shared_193059
alfalfaRep2vsXJDY1_shared_1930948,alfalfaRep2vsXJDY1_shared_1930948
alfalfaRep2vsXJDY1_shared_1931870,alfalfaRep2vsXJDY1_shared_1931870
alfalfaRep2vsXJDY1_shared_1932157,alfalfaRep2vsXJDY1_shared_1932157
alfalfaRep2vsXJDY1_shared_1933826,alfalfaRep2vsXJDY1_shared_1933826
alfalfaRep2vsXJDY1_shared_1935172,alfalfaRep2vsXJDY1_shared_1935172
alfalfaRep2vsXJDY1_shared_1936709,alfalfaRep2vsXJDY1_shared_1936709
alfalfaRep2vsXJDY1_shared_1937885,alfalfaRep2vsXJDY1_shared_1937885
alfalfaRep2vsXJDY1_shared_193865,alfalfaRep2vsXJDY1_shared_193865
alfalfaRep2vsXJDY1_shared_1939419,alfalfaRep2vsXJDY1_shared_1939419
alfalfaRep2vsXJDY1_shared_19396,alfalfaRep2vsXJDY1_shared_19396
alfalfaRep2vsXJDY1_shared_1940176,alfalfaRep2vsXJDY1_shared_1940176
alfalfaRep2vsXJDY1_shared_1943519,alfalfaRep2vsXJDY1_shared_1943519
alfalfaRep2vsXJDY1_shared_1944585,alfalfaRep2vsXJDY1_shared_1944585
alfalfaRep2vsXJDY1_shared_1945768,alfalfaRep2vsXJDY1_shared_1945768
alfalfaRep2vsXJDY1_shared_1946551,alfalfaRep2vsXJDY1_shared_1946551
alfalfaRep2vsXJDY1_shared_1946807,alfalfaRep2vsXJDY1_shared_1946807
alfalfaRep2vsXJDY1_shared_1947729,alfalfaRep2vsXJDY1_shared_1947729
alfalfaRep2vsXJDY1_shared_1948564,alfalfaRep2vsXJDY1_shared_1948564
alfalfaRep2vsXJDY1_shared_1949408,alfalfaRep2vsXJDY1_shared_1949408
alfalfaRep2vsXJDY1_shared_1950643,alfalfaRep2vsXJDY1_shared_1950643
alfalfaRep2vsXJDY1_shared_1950806,alfalfaRep2vsXJDY1_shared_1950806
alfalfaRep2vsXJDY1_shared_1952709,alfalfaRep2vsXJDY1_shared_1952709
alfalfaRep2vsXJDY1_shared_1953811,alfalfaRep2vsXJDY1_shared_1953811
alfalfaRep2vsXJDY1_shared_1954199,alfalfaRep2vsXJDY1_shared_1954199
alfalfaRep2vsXJDY1_shared_1954959,alfalfaRep2vsXJDY1_shared_1954959
alfalfaRep2vsXJDY1_shared_1956679,alfalfaRep2vsXJDY1_shared_1956679
alfalfaRep2vsXJDY1_shared_195748,alfalfaRep2vsXJDY1_shared_195748
alfalfaRep2vsXJDY1_shared_1957664,alfalfaRep2vsXJDY1_shared_1957664
alfalfaRep2vsXJDY1_shared_1958550,alfalfaRep2vsXJDY1_shared_1958550
alfalfaRep2vsXJDY1_shared_1960133,alfalfaRep2vsXJDY1_shared_1960133
alfalfaRep2vsXJDY1_shared_1960793,alfalfaRep2vsXJDY1_shared_1960793
alfalfaRep2vsXJDY1_shared_196098,alfalfaRep2vsXJDY1_shared_196098
alfalfaRep2vsXJDY1_shared_1961729,alfalfaRep2vsXJDY1_shared_1961729
alfalfaRep2vsXJDY1_shared_1962760,alfalfaRep2vsXJDY1_shared_1962760
alfalfaRep2vsXJDY1_shared_1963189,alfalfaRep2vsXJDY1_shared_1963189
alfalfaRep2vsXJDY1_shared_1963446,alfalfaRep2vsXJDY1_shared_1963446
alfalfaRep2vsXJDY1_shared_1964016,alfalfaRep2vsXJDY1_shared_1964016
alfalfaRep2vsXJDY1_shared_1964823,alfalfaRep2vsXJDY1_shared_1964823
alfalfaRep2vsXJDY1_shared_1965037,alfalfaRep2vsXJDY1_shared_1965037
alfalfaRep2vsXJDY1_shared_1965849,alfalfaRep2vsXJDY1_shared_1965849
alfalfaRep2vsXJDY1_shared_1966598,alfalfaRep2vsXJDY1_shared_1966598
alfalfaRep2vsXJDY1_shared_1967285,alfalfaRep2vsXJDY1_shared_1967285
alfalfaRep2vsXJDY1_shared_1967788,alfalfaRep2vsXJDY1_shared_1967788
alfalfaRep2vsXJDY1_shared_1968914,alfalfaRep2vsXJDY1_shared_1968914
alfalfaRep2vsXJDY1_shared_1969657,alfalfaRep2vsXJDY1_shared_1969657
alfalfaRep2vsXJDY1_shared_1970607,alfalfaRep2vsXJDY1_shared_1970607
alfalfaRep2vsXJDY1_shared_1972369,alfalfaRep2vsXJDY1_shared_1972369
alfalfaRep2vsXJDY1_shared_1972615,alfalfaRep2vsXJDY1_shared_1972615
alfalfaRep2vsXJDY1_shared_1974044,alfalfaRep2vsXJDY1_shared_1974044
alfalfaRep2vsXJDY1_shared_1974226,alfalfaRep2vsXJDY1_shared_1974226
alfalfaRep2vsXJDY1_shared_197451,alfalfaRep2vsXJDY1_shared_197451
alfalfaRep2vsXJDY1_shared_1975604,alfalfaRep2vsXJDY1_shared_1975604
alfalfaRep2vsXJDY1_shared_1976010,alfalfaRep2vsXJDY1_shared_1976010
alfalfaRep2vsXJDY1_shared_1976990,alfalfaRep2vsXJDY1_shared_1976990
alfalfaRep2vsXJDY1_shared_1977789,alfalfaRep2vsXJDY1_shared_1977789
alfalfaRep2vsXJDY1_shared_1978872,alfalfaRep2vsXJDY1_shared_1978872
alfalfaRep2vsXJDY1_shared_1979197,alfalfaRep2vsXJDY1_shared_1979197
alfalfaRep2vsXJDY1_shared_1979807,alfalfaRep2vsXJDY1_shared_1979807
alfalfaRep2vsXJDY1_shared_1980601,alfalfaRep2vsXJDY1_shared_1980601
alfalfaRep2vsXJDY1_shared_1981473,alfalfaRep2vsXJDY1_shared_1981473
alfalfaRep2vsXJDY1_shared_1982451,alfalfaRep2vsXJDY1_shared_1982451
alfalfaRep2vsXJDY1_shared_1983243,alfalfaRep2vsXJDY1_shared_1983243
alfalfaRep2vsXJDY1_shared_1984359,alfalfaRep2vsXJDY1_shared_1984359
alfalfaRep2vsXJDY1_shared_1984690,alfalfaRep2vsXJDY1_shared_1984690
alfalfaRep2vsXJDY1_shared_1985976,alfalfaRep2vsXJDY1_shared_1985976
alfalfaRep2vsXJDY1_shared_19866,alfalfaRep2vsXJDY1_shared_19866
alfalfaRep2vsXJDY1_shared_1986667,alfalfaRep2vsXJDY1_shared_1986667
alfalfaRep2vsXJDY1_shared_1987367,alfalfaRep2vsXJDY1_shared_1987367
alfalfaRep2vsXJDY1_shared_1988143,alfalfaRep2vsXJDY1_shared_1988143
alfalfaRep2vsXJDY1_shared_1988360,alfalfaRep2vsXJDY1_shared_1988360
alfalfaRep2vsXJDY1_shared_1988554,alfalfaRep2vsXJDY1_shared_1988554
alfalfaRep2vsXJDY1_shared_1989279,alfalfaRep2vsXJDY1_shared_1989279
alfalfaRep2vsXJDY1_shared_198970,alfalfaRep2vsXJDY1_shared_198970
alfalfaRep2vsXJDY1_shared_1990541,alfalfaRep2vsXJDY1_shared_1990541
alfalfaRep2vsXJDY1_shared_1990919,alfalfaRep2vsXJDY1_shared_1990919
alfalfaRep2vsXJDY1_shared_1991480,alfalfaRep2vsXJDY1_shared_1991480
alfalfaRep2vsXJDY1_shared_1992625,alfalfaRep2vsXJDY1_shared_1992625
alfalfaRep2vsXJDY1_shared_1992760,alfalfaRep2vsXJDY1_shared_1992760
alfalfaRep2vsXJDY1_shared_1993445,alfalfaRep2vsXJDY1_shared_1993445
alfalfaRep2vsXJDY1_shared_1994986,alfalfaRep2vsXJDY1_shared_1994986
alfalfaRep2vsXJDY1_shared_1995322,alfalfaRep2vsXJDY1_shared_1995322
alfalfaRep2vsXJDY1_shared_1995813,alfalfaRep2vsXJDY1_shared_1995813
alfalfaRep2vsXJDY1_shared_1996195,alfalfaRep2vsXJDY1_shared_1996195
alfalfaRep2vsXJDY1_shared_1997292,alfalfaRep2vsXJDY1_shared_1997292
alfalfaRep2vsXJDY1_shared_1998470,alfalfaRep2vsXJDY1_shared_1998470
alfalfaRep2vsXJDY1_shared_1998783,alfalfaRep2vsXJDY1_shared_1998783
alfalfaRep2vsXJDY1_shared_1999772,alfalfaRep2vsXJDY1_shared_1999772
alfalfaRep2vsXJDY1_shared_2000979,alfalfaRep2vsXJDY1_shared_2000979
alfalfaRep2vsXJDY1_shared_2001904,alfalfaRep2vsXJDY1_shared_2001904
alfalfaRep2vsXJDY1_shared_2002752,alfalfaRep2vsXJDY1_shared_2002752
alfalfaRep2vsXJDY1_shared_2003167,alfalfaRep2vsXJDY1_shared_2003167
alfalfaRep2vsXJDY1_shared_200363,alfalfaRep2vsXJDY1_shared_200363
alfalfaRep2vsXJDY1_shared_2003684,alfalfaRep2vsXJDY1_shared_2003684
alfalfaRep2vsXJDY1_shared_2004143,alfalfaRep2vsXJDY1_shared_2004143
alfalfaRep2vsXJDY1_shared_2004809,alfalfaRep2vsXJDY1_shared_2004809
alfalfaRep2vsXJDY1_shared_2005978,alfalfaRep2vsXJDY1_shared_2005978
alfalfaRep2vsXJDY1_shared_2007701,alfalfaRep2vsXJDY1_shared_2007701
alfalfaRep2vsXJDY1_shared_2007977,alfalfaRep2vsXJDY1_shared_2007977
alfalfaRep2vsXJDY1_shared_2008350,alfalfaRep2vsXJDY1_shared_2008350
alfalfaRep2vsXJDY1_shared_2009683,alfalfaRep2vsXJDY1_shared_2009683
alfalfaRep2vsXJDY1_shared_2011004,alfalfaRep2vsXJDY1_shared_2011004
alfalfaRep2vsXJDY1_shared_2012730,alfalfaRep2vsXJDY1_shared_2012730
alfalfaRep2vsXJDY1_shared_2013937,alfalfaRep2vsXJDY1_shared_2013937
alfalfaRep2vsXJDY1_shared_2014394,alfalfaRep2vsXJDY1_shared_2014394
alfalfaRep2vsXJDY1_shared_2015261,alfalfaRep2vsXJDY1_shared_2015261
alfalfaRep2vsXJDY1_shared_2016285,alfalfaRep2vsXJDY1_shared_2016285
alfalfaRep2vsXJDY1_shared_201736,alfalfaRep2vsXJDY1_shared_201736
alfalfaRep2vsXJDY1_shared_2018207,alfalfaRep2vsXJDY1_shared_2018207
alfalfaRep2vsXJDY1_shared_2018586,alfalfaRep2vsXJDY1_shared_2018586
alfalfaRep2vsXJDY1_shared_2019100,alfalfaRep2vsXJDY1_shared_2019100
alfalfaRep2vsXJDY1_shared_2020000,alfalfaRep2vsXJDY1_shared_2020000
alfalfaRep2vsXJDY1_shared_2020195,alfalfaRep2vsXJDY1_shared_2020195
alfalfaRep2vsXJDY1_shared_2020917,alfalfaRep2vsXJDY1_shared_2020917
alfalfaRep2vsXJDY1_shared_2021624,alfalfaRep2vsXJDY1_shared_2021624
alfalfaRep2vsXJDY1_shared_2021946,alfalfaRep2vsXJDY1_shared_2021946
alfalfaRep2vsXJDY1_shared_2022663,alfalfaRep2vsXJDY1_shared_2022663
alfalfaRep2vsXJDY1_shared_2022858,alfalfaRep2vsXJDY1_shared_2022858
alfalfaRep2vsXJDY1_shared_2022992,alfalfaRep2vsXJDY1_shared_2022992
alfalfaRep2vsXJDY1_shared_2023562,alfalfaRep2vsXJDY1_shared_2023562
alfalfaRep2vsXJDY1_shared_2024101,alfalfaRep2vsXJDY1_shared_2024101
alfalfaRep2vsXJDY1_shared_2025817,alfalfaRep2vsXJDY1_shared_2025817
alfalfaRep2vsXJDY1_shared_2026711,alfalfaRep2vsXJDY1_shared_2026711
alfalfaRep2vsXJDY1_shared_2028726,alfalfaRep2vsXJDY1_shared_2028726
alfalfaRep2vsXJDY1_shared_2029724,alfalfaRep2vsXJDY1_shared_2029724
alfalfaRep2vsXJDY1_shared_2030254,alfalfaRep2vsXJDY1_shared_2030254
alfalfaRep2vsXJDY1_shared_2031242,alfalfaRep2vsXJDY1_shared_2031242
alfalfaRep2vsXJDY1_shared_2031925,alfalfaRep2vsXJDY1_shared_2031925
alfalfaRep2vsXJDY1_shared_2032162,alfalfaRep2vsXJDY1_shared_2032162
alfalfaRep2vsXJDY1_shared_2033200,alfalfaRep2vsXJDY1_shared_2033200
alfalfaRep2vsXJDY1_shared_20344,alfalfaRep2vsXJDY1_shared_20344
alfalfaRep2vsXJDY1_shared_2034899,alfalfaRep2vsXJDY1_shared_2034899
alfalfaRep2vsXJDY1_shared_2036315,alfalfaRep2vsXJDY1_shared_2036315
alfalfaRep2vsXJDY1_shared_2036706,alfalfaRep2vsXJDY1_shared_2036706
alfalfaRep2vsXJDY1_shared_2036773,alfalfaRep2vsXJDY1_shared_2036773
alfalfaRep2vsXJDY1_shared_2038562,alfalfaRep2vsXJDY1_shared_2038562
alfalfaRep2vsXJDY1_shared_2039434,alfalfaRep2vsXJDY1_shared_2039434
alfalfaRep2vsXJDY1_shared_2041242,alfalfaRep2vsXJDY1_shared_2041242
alfalfaRep2vsXJDY1_shared_2042639,alfalfaRep2vsXJDY1_shared_2042639
alfalfaRep2vsXJDY1_shared_204296,alfalfaRep2vsXJDY1_shared_204296
alfalfaRep2vsXJDY1_shared_2042965,alfalfaRep2vsXJDY1_shared_2042965
alfalfaRep2vsXJDY1_shared_2043477,alfalfaRep2vsXJDY1_shared_2043477
alfalfaRep2vsXJDY1_shared_2044024,alfalfaRep2vsXJDY1_shared_2044024
alfalfaRep2vsXJDY1_shared_2044701,alfalfaRep2vsXJDY1_shared_2044701
alfalfaRep2vsXJDY1_shared_204477,alfalfaRep2vsXJDY1_shared_204477
alfalfaRep2vsXJDY1_shared_2044863,alfalfaRep2vsXJDY1_shared_2044863
alfalfaRep2vsXJDY1_shared_2045983,alfalfaRep2vsXJDY1_shared_2045983
alfalfaRep2vsXJDY1_shared_2047634,alfalfaRep2vsXJDY1_shared_2047634
alfalfaRep2vsXJDY1_shared_2049090,alfalfaRep2vsXJDY1_shared_2049090
alfalfaRep2vsXJDY1_shared_2050368,alfalfaRep2vsXJDY1_shared_2050368
alfalfaRep2vsXJDY1_shared_2050830,alfalfaRep2vsXJDY1_shared_2050830
alfalfaRep2vsXJDY1_shared_2051459,alfalfaRep2vsXJDY1_shared_2051459
alfalfaRep2vsXJDY1_shared_2052161,alfalfaRep2vsXJDY1_shared_2052161
alfalfaRep2vsXJDY1_shared_2053574,alfalfaRep2vsXJDY1_shared_2053574
alfalfaRep2vsXJDY1_shared_2054247,alfalfaRep2vsXJDY1_shared_2054247
alfalfaRep2vsXJDY1_shared_2054555,alfalfaRep2vsXJDY1_shared_2054555
alfalfaRep2vsXJDY1_shared_2055419,alfalfaRep2vsXJDY1_shared_2055419
alfalfaRep2vsXJDY1_shared_2056464,alfalfaRep2vsXJDY1_shared_2056464
alfalfaRep2vsXJDY1_shared_2056798,alfalfaRep2vsXJDY1_shared_2056798
alfalfaRep2vsXJDY1_shared_2057413,alfalfaRep2vsXJDY1_shared_2057413
alfalfaRep2vsXJDY1_shared_2057689,alfalfaRep2vsXJDY1_shared_2057689
alfalfaRep2vsXJDY1_shared_2058761,alfalfaRep2vsXJDY1_shared_2058761
alfalfaRep2vsXJDY1_shared_2059067,alfalfaRep2vsXJDY1_shared_2059067
alfalfaRep2vsXJDY1_shared_2059191,alfalfaRep2vsXJDY1_shared_2059191
alfalfaRep2vsXJDY1_shared_2060160,alfalfaRep2vsXJDY1_shared_2060160
alfalfaRep2vsXJDY1_shared_2060573,alfalfaRep2vsXJDY1_shared_2060573
alfalfaRep2vsXJDY1_shared_2061558,alfalfaRep2vsXJDY1_shared_2061558
alfalfaRep2vsXJDY1_shared_2061885,alfalfaRep2vsXJDY1_shared_2061885
alfalfaRep2vsXJDY1_shared_2062079,alfalfaRep2vsXJDY1_shared_2062079
alfalfaRep2vsXJDY1_shared_206229,alfalfaRep2vsXJDY1_shared_206229
alfalfaRep2vsXJDY1_shared_2062337,alfalfaRep2vsXJDY1_shared_2062337
alfalfaRep2vsXJDY1_shared_2063692,alfalfaRep2vsXJDY1_shared_2063692
alfalfaRep2vsXJDY1_shared_2064965,alfalfaRep2vsXJDY1_shared_2064965
alfalfaRep2vsXJDY1_shared_2065714,alfalfaRep2vsXJDY1_shared_2065714
alfalfaRep2vsXJDY1_shared_2067098,alfalfaRep2vsXJDY1_shared_2067098
alfalfaRep2vsXJDY1_shared_2067762,alfalfaRep2vsXJDY1_shared_2067762
alfalfaRep2vsXJDY1_shared_2068634,alfalfaRep2vsXJDY1_shared_2068634
alfalfaRep2vsXJDY1_shared_2069737,alfalfaRep2vsXJDY1_shared_2069737
alfalfaRep2vsXJDY1_shared_2069965,alfalfaRep2vsXJDY1_shared_2069965
alfalfaRep2vsXJDY1_shared_2070356,alfalfaRep2vsXJDY1_shared_2070356
alfalfaRep2vsXJDY1_shared_2071005,alfalfaRep2vsXJDY1_shared_2071005
alfalfaRep2vsXJDY1_shared_2071283,alfalfaRep2vsXJDY1_shared_2071283
alfalfaRep2vsXJDY1_shared_2071890,alfalfaRep2vsXJDY1_shared_2071890
alfalfaRep2vsXJDY1_shared_2072698,alfalfaRep2vsXJDY1_shared_2072698
alfalfaRep2vsXJDY1_shared_207293,alfalfaRep2vsXJDY1_shared_207293
alfalfaRep2vsXJDY1_shared_2073659,alfalfaRep2vsXJDY1_shared_2073659
alfalfaRep2vsXJDY1_shared_2075,alfalfaRep2vsXJDY1_shared_2075
alfalfaRep2vsXJDY1_shared_2075564,alfalfaRep2vsXJDY1_shared_2075564
alfalfaRep2vsXJDY1_shared_2076084,alfalfaRep2vsXJDY1_shared_2076084
alfalfaRep2vsXJDY1_shared_2076883,alfalfaRep2vsXJDY1_shared_2076883
alfalfaRep2vsXJDY1_shared_2077349,alfalfaRep2vsXJDY1_shared_2077349
alfalfaRep2vsXJDY1_shared_207769,alfalfaRep2vsXJDY1_shared_207769
alfalfaRep2vsXJDY1_shared_20786,alfalfaRep2vsXJDY1_shared_20786
alfalfaRep2vsXJDY1_shared_2078717,alfalfaRep2vsXJDY1_shared_2078717
alfalfaRep2vsXJDY1_shared_2079030,alfalfaRep2vsXJDY1_shared_2079030
alfalfaRep2vsXJDY1_shared_2079760,alfalfaRep2vsXJDY1_shared_2079760
alfalfaRep2vsXJDY1_shared_2080414,alfalfaRep2vsXJDY1_shared_2080414
alfalfaRep2vsXJDY1_shared_2080967,alfalfaRep2vsXJDY1_shared_2080967
alfalfaRep2vsXJDY1_shared_2081965,alfalfaRep2vsXJDY1_shared_2081965
alfalfaRep2vsXJDY1_shared_2082538,alfalfaRep2vsXJDY1_shared_2082538
alfalfaRep2vsXJDY1_shared_2084562,alfalfaRep2vsXJDY1_shared_2084562
alfalfaRep2vsXJDY1_shared_2086055,alfalfaRep2vsXJDY1_shared_2086055
alfalfaRep2vsXJDY1_shared_2086768,alfalfaRep2vsXJDY1_shared_2086768
alfalfaRep2vsXJDY1_shared_2087819,alfalfaRep2vsXJDY1_shared_2087819
alfalfaRep2vsXJDY1_shared_2088490,alfalfaRep2vsXJDY1_shared_2088490
alfalfaRep2vsXJDY1_shared_2089219,alfalfaRep2vsXJDY1_shared_2089219
alfalfaRep2vsXJDY1_shared_2089983,alfalfaRep2vsXJDY1_shared_2089983
alfalfaRep2vsXJDY1_shared_2090495,alfalfaRep2vsXJDY1_shared_2090495
alfalfaRep2vsXJDY1_shared_2091977,alfalfaRep2vsXJDY1_shared_2091977
alfalfaRep2vsXJDY1_shared_2092833,alfalfaRep2vsXJDY1_shared_2092833
alfalfaRep2vsXJDY1_shared_209351,alfalfaRep2vsXJDY1_shared_209351
alfalfaRep2vsXJDY1_shared_2094000,alfalfaRep2vsXJDY1_shared_2094000
alfalfaRep2vsXJDY1_shared_2095287,alfalfaRep2vsXJDY1_shared_2095287
alfalfaRep2vsXJDY1_shared_2096405,alfalfaRep2vsXJDY1_shared_2096405
alfalfaRep2vsXJDY1_shared_2096874,alfalfaRep2vsXJDY1_shared_2096874
alfalfaRep2vsXJDY1_shared_2098049,alfalfaRep2vsXJDY1_shared_2098049
alfalfaRep2vsXJDY1_shared_2098731,alfalfaRep2vsXJDY1_shared_2098731
alfalfaRep2vsXJDY1_shared_2100765,alfalfaRep2vsXJDY1_shared_2100765
alfalfaRep2vsXJDY1_shared_2102781,alfalfaRep2vsXJDY1_shared_2102781
alfalfaRep2vsXJDY1_shared_2103710,alfalfaRep2vsXJDY1_shared_2103710
alfalfaRep2vsXJDY1_shared_2104734,alfalfaRep2vsXJDY1_shared_2104734
alfalfaRep2vsXJDY1_shared_2106289,alfalfaRep2vsXJDY1_shared_2106289
alfalfaRep2vsXJDY1_shared_2107737,alfalfaRep2vsXJDY1_shared_2107737
alfalfaRep2vsXJDY1_shared_2110219,alfalfaRep2vsXJDY1_shared_2110219
alfalfaRep2vsXJDY1_shared_2111748,alfalfaRep2vsXJDY1_shared_2111748
alfalfaRep2vsXJDY1_shared_2112962,alfalfaRep2vsXJDY1_shared_2112962
alfalfaRep2vsXJDY1_shared_2113915,alfalfaRep2vsXJDY1_shared_2113915
alfalfaRep2vsXJDY1_shared_21142,alfalfaRep2vsXJDY1_shared_21142
alfalfaRep2vsXJDY1_shared_2114386,alfalfaRep2vsXJDY1_shared_2114386
alfalfaRep2vsXJDY1_shared_2115811,alfalfaRep2vsXJDY1_shared_2115811
alfalfaRep2vsXJDY1_shared_2117639,alfalfaRep2vsXJDY1_shared_2117639
alfalfaRep2vsXJDY1_shared_211986,alfalfaRep2vsXJDY1_shared_211986
alfalfaRep2vsXJDY1_shared_2120132,alfalfaRep2vsXJDY1_shared_2120132
alfalfaRep2vsXJDY1_shared_2121045,alfalfaRep2vsXJDY1_shared_2121045
alfalfaRep2vsXJDY1_shared_2122765,alfalfaRep2vsXJDY1_shared_2122765
alfalfaRep2vsXJDY1_shared_2123785,alfalfaRep2vsXJDY1_shared_2123785
alfalfaRep2vsXJDY1_shared_2124509,alfalfaRep2vsXJDY1_shared_2124509
alfalfaRep2vsXJDY1_shared_2126173,alfalfaRep2vsXJDY1_shared_2126173
alfalfaRep2vsXJDY1_shared_2127725,alfalfaRep2vsXJDY1_shared_2127725
alfalfaRep2vsXJDY1_shared_212898,alfalfaRep2vsXJDY1_shared_212898
alfalfaRep2vsXJDY1_shared_2129976,alfalfaRep2vsXJDY1_shared_2129976
alfalfaRep2vsXJDY1_shared_2130718,alfalfaRep2vsXJDY1_shared_2130718
alfalfaRep2vsXJDY1_shared_2132519,alfalfaRep2vsXJDY1_shared_2132519
alfalfaRep2vsXJDY1_shared_2133429,alfalfaRep2vsXJDY1_shared_2133429
alfalfaRep2vsXJDY1_shared_2134038,alfalfaRep2vsXJDY1_shared_2134038
alfalfaRep2vsXJDY1_shared_2134579,alfalfaRep2vsXJDY1_shared_2134579
alfalfaRep2vsXJDY1_shared_213570,alfalfaRep2vsXJDY1_shared_213570
alfalfaRep2vsXJDY1_shared_2136216,alfalfaRep2vsXJDY1_shared_2136216
alfalfaRep2vsXJDY1_shared_2136898,alfalfaRep2vsXJDY1_shared_2136898
alfalfaRep2vsXJDY1_shared_2138600,alfalfaRep2vsXJDY1_shared_2138600
alfalfaRep2vsXJDY1_shared_2139470,alfalfaRep2vsXJDY1_shared_2139470
alfalfaRep2vsXJDY1_shared_2140321,alfalfaRep2vsXJDY1_shared_2140321
alfalfaRep2vsXJDY1_shared_2140922,alfalfaRep2vsXJDY1_shared_2140922
alfalfaRep2vsXJDY1_shared_2143107,alfalfaRep2vsXJDY1_shared_2143107
alfalfaRep2vsXJDY1_shared_2143791,alfalfaRep2vsXJDY1_shared_2143791
alfalfaRep2vsXJDY1_shared_2144371,alfalfaRep2vsXJDY1_shared_2144371
alfalfaRep2vsXJDY1_shared_2145268,alfalfaRep2vsXJDY1_shared_2145268
alfalfaRep2vsXJDY1_shared_2145913,alfalfaRep2vsXJDY1_shared_2145913
alfalfaRep2vsXJDY1_shared_2146161,alfalfaRep2vsXJDY1_shared_2146161
alfalfaRep2vsXJDY1_shared_2147288,alfalfaRep2vsXJDY1_shared_2147288
alfalfaRep2vsXJDY1_shared_214743,alfalfaRep2vsXJDY1_shared_214743
alfalfaRep2vsXJDY1_shared_2149305,alfalfaRep2vsXJDY1_shared_2149305
alfalfaRep2vsXJDY1_shared_214942,alfalfaRep2vsXJDY1_shared_214942
alfalfaRep2vsXJDY1_shared_2150024,alfalfaRep2vsXJDY1_shared_2150024
alfalfaRep2vsXJDY1_shared_2150474,alfalfaRep2vsXJDY1_shared_2150474
alfalfaRep2vsXJDY1_shared_2150926,alfalfaRep2vsXJDY1_shared_2150926
alfalfaRep2vsXJDY1_shared_2151902,alfalfaRep2vsXJDY1_shared_2151902
alfalfaRep2vsXJDY1_shared_2152607,alfalfaRep2vsXJDY1_shared_2152607
alfalfaRep2vsXJDY1_shared_2152817,alfalfaRep2vsXJDY1_shared_2152817
alfalfaRep2vsXJDY1_shared_2153779,alfalfaRep2vsXJDY1_shared_2153779
alfalfaRep2vsXJDY1_shared_2155307,alfalfaRep2vsXJDY1_shared_2155307
alfalfaRep2vsXJDY1_shared_2156952,alfalfaRep2vsXJDY1_shared_2156952
alfalfaRep2vsXJDY1_shared_2157340,alfalfaRep2vsXJDY1_shared_2157340
alfalfaRep2vsXJDY1_shared_2158383,alfalfaRep2vsXJDY1_shared_2158383
alfalfaRep2vsXJDY1_shared_2158588,alfalfaRep2vsXJDY1_shared_2158588
alfalfaRep2vsXJDY1_shared_2158685,alfalfaRep2vsXJDY1_shared_2158685
alfalfaRep2vsXJDY1_shared_2160379,alfalfaRep2vsXJDY1_shared_2160379
alfalfaRep2vsXJDY1_shared_216101,alfalfaRep2vsXJDY1_shared_216101
alfalfaRep2vsXJDY1_shared_2161560,alfalfaRep2vsXJDY1_shared_2161560
alfalfaRep2vsXJDY1_shared_2161701,alfalfaRep2vsXJDY1_shared_2161701
alfalfaRep2vsXJDY1_shared_2162602,alfalfaRep2vsXJDY1_shared_2162602
alfalfaRep2vsXJDY1_shared_2164526,alfalfaRep2vsXJDY1_shared_2164526
alfalfaRep2vsXJDY1_shared_2165564,alfalfaRep2vsXJDY1_shared_2165564
alfalfaRep2vsXJDY1_shared_2166743,alfalfaRep2vsXJDY1_shared_2166743
alfalfaRep2vsXJDY1_shared_2167229,alfalfaRep2vsXJDY1_shared_2167229
alfalfaRep2vsXJDY1_shared_2167608,alfalfaRep2vsXJDY1_shared_2167608
alfalfaRep2vsXJDY1_shared_2168101,alfalfaRep2vsXJDY1_shared_2168101
alfalfaRep2vsXJDY1_shared_2168937,alfalfaRep2vsXJDY1_shared_2168937
alfalfaRep2vsXJDY1_shared_2169921,alfalfaRep2vsXJDY1_shared_2169921
alfalfaRep2vsXJDY1_shared_217052,alfalfaRep2vsXJDY1_shared_217052
alfalfaRep2vsXJDY1_shared_2170950,alfalfaRep2vsXJDY1_shared_2170950
alfalfaRep2vsXJDY1_shared_2172411,alfalfaRep2vsXJDY1_shared_2172411
alfalfaRep2vsXJDY1_shared_21725,alfalfaRep2vsXJDY1_shared_21725
alfalfaRep2vsXJDY1_shared_2174122,alfalfaRep2vsXJDY1_shared_2174122
alfalfaRep2vsXJDY1_shared_2176049,alfalfaRep2vsXJDY1_shared_2176049
alfalfaRep2vsXJDY1_shared_2176234,alfalfaRep2vsXJDY1_shared_2176234
alfalfaRep2vsXJDY1_shared_2176717,alfalfaRep2vsXJDY1_shared_2176717
alfalfaRep2vsXJDY1_shared_2177552,alfalfaRep2vsXJDY1_shared_2177552
alfalfaRep2vsXJDY1_shared_2177620,alfalfaRep2vsXJDY1_shared_2177620
alfalfaRep2vsXJDY1_shared_2178460,alfalfaRep2vsXJDY1_shared_2178460
alfalfaRep2vsXJDY1_shared_2180764,alfalfaRep2vsXJDY1_shared_2180764
alfalfaRep2vsXJDY1_shared_2183016,alfalfaRep2vsXJDY1_shared_2183016
alfalfaRep2vsXJDY1_shared_2184620,alfalfaRep2vsXJDY1_shared_2184620
alfalfaRep2vsXJDY1_shared_218485,alfalfaRep2vsXJDY1_shared_218485
alfalfaRep2vsXJDY1_shared_2186053,alfalfaRep2vsXJDY1_shared_2186053
alfalfaRep2vsXJDY1_shared_2187105,alfalfaRep2vsXJDY1_shared_2187105
alfalfaRep2vsXJDY1_shared_2187948,alfalfaRep2vsXJDY1_shared_2187948
alfalfaRep2vsXJDY1_shared_2188952,alfalfaRep2vsXJDY1_shared_2188952
alfalfaRep2vsXJDY1_shared_2190374,alfalfaRep2vsXJDY1_shared_2190374
alfalfaRep2vsXJDY1_shared_2191043,alfalfaRep2vsXJDY1_shared_2191043
alfalfaRep2vsXJDY1_shared_219181,alfalfaRep2vsXJDY1_shared_219181
alfalfaRep2vsXJDY1_shared_2191944,alfalfaRep2vsXJDY1_shared_2191944
alfalfaRep2vsXJDY1_shared_2192592,alfalfaRep2vsXJDY1_shared_2192592
alfalfaRep2vsXJDY1_shared_2194311,alfalfaRep2vsXJDY1_shared_2194311
alfalfaRep2vsXJDY1_shared_2194935,alfalfaRep2vsXJDY1_shared_2194935
alfalfaRep2vsXJDY1_shared_2195394,alfalfaRep2vsXJDY1_shared_2195394
alfalfaRep2vsXJDY1_shared_2196481,alfalfaRep2vsXJDY1_shared_2196481
alfalfaRep2vsXJDY1_shared_2197640,alfalfaRep2vsXJDY1_shared_2197640
alfalfaRep2vsXJDY1_shared_2198012,alfalfaRep2vsXJDY1_shared_2198012
alfalfaRep2vsXJDY1_shared_219882,alfalfaRep2vsXJDY1_shared_219882
alfalfaRep2vsXJDY1_shared_2199252,alfalfaRep2vsXJDY1_shared_2199252
alfalfaRep2vsXJDY1_shared_2199650,alfalfaRep2vsXJDY1_shared_2199650
alfalfaRep2vsXJDY1_shared_2200455,alfalfaRep2vsXJDY1_shared_2200455
alfalfaRep2vsXJDY1_shared_2202420,alfalfaRep2vsXJDY1_shared_2202420
alfalfaRep2vsXJDY1_shared_2203105,alfalfaRep2vsXJDY1_shared_2203105
alfalfaRep2vsXJDY1_shared_220383,alfalfaRep2vsXJDY1_shared_220383
alfalfaRep2vsXJDY1_shared_2204987,alfalfaRep2vsXJDY1_shared_2204987
alfalfaRep2vsXJDY1_shared_2206461,alfalfaRep2vsXJDY1_shared_2206461
alfalfaRep2vsXJDY1_shared_220710,alfalfaRep2vsXJDY1_shared_220710
alfalfaRep2vsXJDY1_shared_2208271,alfalfaRep2vsXJDY1_shared_2208271
alfalfaRep2vsXJDY1_shared_2208793,alfalfaRep2vsXJDY1_shared_2208793
alfalfaRep2vsXJDY1_shared_2209518,alfalfaRep2vsXJDY1_shared_2209518
alfalfaRep2vsXJDY1_shared_2211188,alfalfaRep2vsXJDY1_shared_2211188
alfalfaRep2vsXJDY1_shared_221157,alfalfaRep2vsXJDY1_shared_221157
alfalfaRep2vsXJDY1_shared_2213086,alfalfaRep2vsXJDY1_shared_2213086
alfalfaRep2vsXJDY1_shared_2215313,alfalfaRep2vsXJDY1_shared_2215313
alfalfaRep2vsXJDY1_shared_221627,alfalfaRep2vsXJDY1_shared_221627
alfalfaRep2vsXJDY1_shared_2216458,alfalfaRep2vsXJDY1_shared_2216458
alfalfaRep2vsXJDY1_shared_2217532,alfalfaRep2vsXJDY1_shared_2217532
alfalfaRep2vsXJDY1_shared_2218778,alfalfaRep2vsXJDY1_shared_2218778
alfalfaRep2vsXJDY1_shared_2219173,alfalfaRep2vsXJDY1_shared_2219173
alfalfaRep2vsXJDY1_shared_2221464,alfalfaRep2vsXJDY1_shared_2221464
alfalfaRep2vsXJDY1_shared_2222740,alfalfaRep2vsXJDY1_shared_2222740
alfalfaRep2vsXJDY1_shared_2223322,alfalfaRep2vsXJDY1_shared_2223322
alfalfaRep2vsXJDY1_shared_2224748,alfalfaRep2vsXJDY1_shared_2224748
alfalfaRep2vsXJDY1_shared_2226060,alfalfaRep2vsXJDY1_shared_2226060
alfalfaRep2vsXJDY1_shared_222768,alfalfaRep2vsXJDY1_shared_222768
alfalfaRep2vsXJDY1_shared_2228655,alfalfaRep2vsXJDY1_shared_2228655
alfalfaRep2vsXJDY1_shared_2229107,alfalfaRep2vsXJDY1_shared_2229107
alfalfaRep2vsXJDY1_shared_2230836,alfalfaRep2vsXJDY1_shared_2230836
alfalfaRep2vsXJDY1_shared_223104,alfalfaRep2vsXJDY1_shared_223104
alfalfaRep2vsXJDY1_shared_2231221,alfalfaRep2vsXJDY1_shared_2231221
alfalfaRep2vsXJDY1_shared_2232165,alfalfaRep2vsXJDY1_shared_2232165
alfalfaRep2vsXJDY1_shared_2232790,alfalfaRep2vsXJDY1_shared_2232790
alfalfaRep2vsXJDY1_shared_223365,alfalfaRep2vsXJDY1_shared_223365
alfalfaRep2vsXJDY1_shared_2233665,alfalfaRep2vsXJDY1_shared_2233665
alfalfaRep2vsXJDY1_shared_2233925,alfalfaRep2vsXJDY1_shared_2233925
alfalfaRep2vsXJDY1_shared_2235112,alfalfaRep2vsXJDY1_shared_2235112
alfalfaRep2vsXJDY1_shared_2236197,alfalfaRep2vsXJDY1_shared_2236197
alfalfaRep2vsXJDY1_shared_2239122,alfalfaRep2vsXJDY1_shared_2239122
alfalfaRep2vsXJDY1_shared_2241363,alfalfaRep2vsXJDY1_shared_2241363
alfalfaRep2vsXJDY1_shared_2241853,alfalfaRep2vsXJDY1_shared_2241853
alfalfaRep2vsXJDY1_shared_2243638,alfalfaRep2vsXJDY1_shared_2243638
alfalfaRep2vsXJDY1_shared_2243860,alfalfaRep2vsXJDY1_shared_2243860
alfalfaRep2vsXJDY1_shared_2244451,alfalfaRep2vsXJDY1_shared_2244451
alfalfaRep2vsXJDY1_shared_2244943,alfalfaRep2vsXJDY1_shared_2244943
alfalfaRep2vsXJDY1_shared_2245526,alfalfaRep2vsXJDY1_shared_2245526
alfalfaRep2vsXJDY1_shared_224559,alfalfaRep2vsXJDY1_shared_224559
alfalfaRep2vsXJDY1_shared_22456,alfalfaRep2vsXJDY1_shared_22456
alfalfaRep2vsXJDY1_shared_2246365,alfalfaRep2vsXJDY1_shared_2246365
alfalfaRep2vsXJDY1_shared_2247573,alfalfaRep2vsXJDY1_shared_2247573
alfalfaRep2vsXJDY1_shared_2249488,alfalfaRep2vsXJDY1_shared_2249488
alfalfaRep2vsXJDY1_shared_2250598,alfalfaRep2vsXJDY1_shared_2250598
alfalfaRep2vsXJDY1_shared_2251812,alfalfaRep2vsXJDY1_shared_2251812
alfalfaRep2vsXJDY1_shared_2251902,alfalfaRep2vsXJDY1_shared_2251902
alfalfaRep2vsXJDY1_shared_2252441,alfalfaRep2vsXJDY1_shared_2252441
alfalfaRep2vsXJDY1_shared_2252640,alfalfaRep2vsXJDY1_shared_2252640
alfalfaRep2vsXJDY1_shared_2253544,alfalfaRep2vsXJDY1_shared_2253544
alfalfaRep2vsXJDY1_shared_2254603,alfalfaRep2vsXJDY1_shared_2254603
alfalfaRep2vsXJDY1_shared_2256601,alfalfaRep2vsXJDY1_shared_2256601
alfalfaRep2vsXJDY1_shared_2257811,alfalfaRep2vsXJDY1_shared_2257811
alfalfaRep2vsXJDY1_shared_2258099,alfalfaRep2vsXJDY1_shared_2258099
alfalfaRep2vsXJDY1_shared_2259101,alfalfaRep2vsXJDY1_shared_2259101
alfalfaRep2vsXJDY1_shared_2259637,alfalfaRep2vsXJDY1_shared_2259637
alfalfaRep2vsXJDY1_shared_2260071,alfalfaRep2vsXJDY1_shared_2260071
alfalfaRep2vsXJDY1_shared_2260278,alfalfaRep2vsXJDY1_shared_2260278
alfalfaRep2vsXJDY1_shared_2261258,alfalfaRep2vsXJDY1_shared_2261258
alfalfaRep2vsXJDY1_shared_2261896,alfalfaRep2vsXJDY1_shared_2261896
alfalfaRep2vsXJDY1_shared_2262657,alfalfaRep2vsXJDY1_shared_2262657
alfalfaRep2vsXJDY1_shared_2263160,alfalfaRep2vsXJDY1_shared_2263160
alfalfaRep2vsXJDY1_shared_226518,alfalfaRep2vsXJDY1_shared_226518
alfalfaRep2vsXJDY1_shared_2265351,alfalfaRep2vsXJDY1_shared_2265351
alfalfaRep2vsXJDY1_shared_2266382,alfalfaRep2vsXJDY1_shared_2266382
alfalfaRep2vsXJDY1_shared_2268123,alfalfaRep2vsXJDY1_shared_2268123
alfalfaRep2vsXJDY1_shared_2269089,alfalfaRep2vsXJDY1_shared_2269089
alfalfaRep2vsXJDY1_shared_2269982,alfalfaRep2vsXJDY1_shared_2269982
alfalfaRep2vsXJDY1_shared_2270312,alfalfaRep2vsXJDY1_shared_2270312
alfalfaRep2vsXJDY1_shared_2270817,alfalfaRep2vsXJDY1_shared_2270817
alfalfaRep2vsXJDY1_shared_2272039,alfalfaRep2vsXJDY1_shared_2272039
alfalfaRep2vsXJDY1_shared_22728,alfalfaRep2vsXJDY1_shared_22728
alfalfaRep2vsXJDY1_shared_2274495,alfalfaRep2vsXJDY1_shared_2274495
alfalfaRep2vsXJDY1_shared_2275250,alfalfaRep2vsXJDY1_shared_2275250
alfalfaRep2vsXJDY1_shared_2276834,alfalfaRep2vsXJDY1_shared_2276834
alfalfaRep2vsXJDY1_shared_2277939,alfalfaRep2vsXJDY1_shared_2277939
alfalfaRep2vsXJDY1_shared_2278592,alfalfaRep2vsXJDY1_shared_2278592
alfalfaRep2vsXJDY1_shared_227923,alfalfaRep2vsXJDY1_shared_227923
alfalfaRep2vsXJDY1_shared_2279256,alfalfaRep2vsXJDY1_shared_2279256
alfalfaRep2vsXJDY1_shared_2280528,alfalfaRep2vsXJDY1_shared_2280528
alfalfaRep2vsXJDY1_shared_2281313,alfalfaRep2vsXJDY1_shared_2281313
alfalfaRep2vsXJDY1_shared_2281743,alfalfaRep2vsXJDY1_shared_2281743
alfalfaRep2vsXJDY1_shared_2283012,alfalfaRep2vsXJDY1_shared_2283012
alfalfaRep2vsXJDY1_shared_2283593,alfalfaRep2vsXJDY1_shared_2283593
alfalfaRep2vsXJDY1_shared_2284387,alfalfaRep2vsXJDY1_shared_2284387
alfalfaRep2vsXJDY1_shared_2285396,alfalfaRep2vsXJDY1_shared_2285396
alfalfaRep2vsXJDY1_shared_2286130,alfalfaRep2vsXJDY1_shared_2286130
alfalfaRep2vsXJDY1_shared_2287253,alfalfaRep2vsXJDY1_shared_2287253
alfalfaRep2vsXJDY1_shared_2288249,alfalfaRep2vsXJDY1_shared_2288249
alfalfaRep2vsXJDY1_shared_228861,alfalfaRep2vsXJDY1_shared_228861
alfalfaRep2vsXJDY1_shared_2288888,alfalfaRep2vsXJDY1_shared_2288888
alfalfaRep2vsXJDY1_shared_2289046,alfalfaRep2vsXJDY1_shared_2289046
alfalfaRep2vsXJDY1_shared_2291705,alfalfaRep2vsXJDY1_shared_2291705
alfalfaRep2vsXJDY1_shared_2293007,alfalfaRep2vsXJDY1_shared_2293007
alfalfaRep2vsXJDY1_shared_2294322,alfalfaRep2vsXJDY1_shared_2294322
alfalfaRep2vsXJDY1_shared_2295323,alfalfaRep2vsXJDY1_shared_2295323
alfalfaRep2vsXJDY1_shared_2296843,alfalfaRep2vsXJDY1_shared_2296843
alfalfaRep2vsXJDY1_shared_2297098,alfalfaRep2vsXJDY1_shared_2297098
alfalfaRep2vsXJDY1_shared_2299326,alfalfaRep2vsXJDY1_shared_2299326
alfalfaRep2vsXJDY1_shared_2299802,alfalfaRep2vsXJDY1_shared_2299802
alfalfaRep2vsXJDY1_shared_2300151,alfalfaRep2vsXJDY1_shared_2300151
alfalfaRep2vsXJDY1_shared_2301374,alfalfaRep2vsXJDY1_shared_2301374
alfalfaRep2vsXJDY1_shared_2301565,alfalfaRep2vsXJDY1_shared_2301565
alfalfaRep2vsXJDY1_shared_230283,alfalfaRep2vsXJDY1_shared_230283
alfalfaRep2vsXJDY1_shared_2303567,alfalfaRep2vsXJDY1_shared_2303567
alfalfaRep2vsXJDY1_shared_2305150,alfalfaRep2vsXJDY1_shared_2305150
alfalfaRep2vsXJDY1_shared_2305871,alfalfaRep2vsXJDY1_shared_2305871
alfalfaRep2vsXJDY1_shared_230704,alfalfaRep2vsXJDY1_shared_230704
alfalfaRep2vsXJDY1_shared_2307997,alfalfaRep2vsXJDY1_shared_2307997
alfalfaRep2vsXJDY1_shared_2308231,alfalfaRep2vsXJDY1_shared_2308231
alfalfaRep2vsXJDY1_shared_2310614,alfalfaRep2vsXJDY1_shared_2310614
alfalfaRep2vsXJDY1_shared_2311939,alfalfaRep2vsXJDY1_shared_2311939
alfalfaRep2vsXJDY1_shared_2313087,alfalfaRep2vsXJDY1_shared_2313087
alfalfaRep2vsXJDY1_shared_2314605,alfalfaRep2vsXJDY1_shared_2314605
alfalfaRep2vsXJDY1_shared_2314740,alfalfaRep2vsXJDY1_shared_2314740
alfalfaRep2vsXJDY1_shared_2315536,alfalfaRep2vsXJDY1_shared_2315536
alfalfaRep2vsXJDY1_shared_231662,alfalfaRep2vsXJDY1_shared_231662
alfalfaRep2vsXJDY1_shared_2316756,alfalfaRep2vsXJDY1_shared_2316756
alfalfaRep2vsXJDY1_shared_2317648,alfalfaRep2vsXJDY1_shared_2317648
alfalfaRep2vsXJDY1_shared_2318571,alfalfaRep2vsXJDY1_shared_2318571
alfalfaRep2vsXJDY1_shared_2319087,alfalfaRep2vsXJDY1_shared_2319087
alfalfaRep2vsXJDY1_shared_2320258,alfalfaRep2vsXJDY1_shared_2320258
alfalfaRep2vsXJDY1_shared_2320816,alfalfaRep2vsXJDY1_shared_2320816
alfalfaRep2vsXJDY1_shared_2321540,alfalfaRep2vsXJDY1_shared_2321540
alfalfaRep2vsXJDY1_shared_2322354,alfalfaRep2vsXJDY1_shared_2322354
alfalfaRep2vsXJDY1_shared_2322781,alfalfaRep2vsXJDY1_shared_2322781
alfalfaRep2vsXJDY1_shared_2325799,alfalfaRep2vsXJDY1_shared_2325799
alfalfaRep2vsXJDY1_shared_2326245,alfalfaRep2vsXJDY1_shared_2326245
alfalfaRep2vsXJDY1_shared_2327150,alfalfaRep2vsXJDY1_shared_2327150
alfalfaRep2vsXJDY1_shared_2327727,alfalfaRep2vsXJDY1_shared_2327727
alfalfaRep2vsXJDY1_shared_2328134,alfalfaRep2vsXJDY1_shared_2328134
alfalfaRep2vsXJDY1_shared_2328834,alfalfaRep2vsXJDY1_shared_2328834
alfalfaRep2vsXJDY1_shared_2329688,alfalfaRep2vsXJDY1_shared_2329688
alfalfaRep2vsXJDY1_shared_233067,alfalfaRep2vsXJDY1_shared_233067
alfalfaRep2vsXJDY1_shared_2331050,alfalfaRep2vsXJDY1_shared_2331050
alfalfaRep2vsXJDY1_shared_2331404,alfalfaRep2vsXJDY1_shared_2331404
alfalfaRep2vsXJDY1_shared_2332010,alfalfaRep2vsXJDY1_shared_2332010
alfalfaRep2vsXJDY1_shared_2332702,alfalfaRep2vsXJDY1_shared_2332702
alfalfaRep2vsXJDY1_shared_2334485,alfalfaRep2vsXJDY1_shared_2334485
alfalfaRep2vsXJDY1_shared_2337704,alfalfaRep2vsXJDY1_shared_2337704
alfalfaRep2vsXJDY1_shared_2338216,alfalfaRep2vsXJDY1_shared_2338216
alfalfaRep2vsXJDY1_shared_2338777,alfalfaRep2vsXJDY1_shared_2338777
alfalfaRep2vsXJDY1_shared_2339123,alfalfaRep2vsXJDY1_shared_2339123
alfalfaRep2vsXJDY1_shared_2339608,alfalfaRep2vsXJDY1_shared_2339608
alfalfaRep2vsXJDY1_shared_2341014,alfalfaRep2vsXJDY1_shared_2341014
alfalfaRep2vsXJDY1_shared_2341680,alfalfaRep2vsXJDY1_shared_2341680
alfalfaRep2vsXJDY1_shared_2342788,alfalfaRep2vsXJDY1_shared_2342788
alfalfaRep2vsXJDY1_shared_2343562,alfalfaRep2vsXJDY1_shared_2343562
alfalfaRep2vsXJDY1_shared_234372,alfalfaRep2vsXJDY1_shared_234372
alfalfaRep2vsXJDY1_shared_2344619,alfalfaRep2vsXJDY1_shared_2344619
alfalfaRep2vsXJDY1_shared_234572,alfalfaRep2vsXJDY1_shared_234572
alfalfaRep2vsXJDY1_shared_2345739,alfalfaRep2vsXJDY1_shared_2345739
alfalfaRep2vsXJDY1_shared_2346888,alfalfaRep2vsXJDY1_shared_2346888
alfalfaRep2vsXJDY1_shared_2347436,alfalfaRep2vsXJDY1_shared_2347436
alfalfaRep2vsXJDY1_shared_2347659,alfalfaRep2vsXJDY1_shared_2347659
alfalfaRep2vsXJDY1_shared_2349345,alfalfaRep2vsXJDY1_shared_2349345
alfalfaRep2vsXJDY1_shared_2349890,alfalfaRep2vsXJDY1_shared_2349890
alfalfaRep2vsXJDY1_shared_2350261,alfalfaRep2vsXJDY1_shared_2350261
alfalfaRep2vsXJDY1_shared_2350924,alfalfaRep2vsXJDY1_shared_2350924
alfalfaRep2vsXJDY1_shared_2351325,alfalfaRep2vsXJDY1_shared_2351325
alfalfaRep2vsXJDY1_shared_2351963,alfalfaRep2vsXJDY1_shared_2351963
alfalfaRep2vsXJDY1_shared_2352417,alfalfaRep2vsXJDY1_shared_2352417
alfalfaRep2vsXJDY1_shared_2354028,alfalfaRep2vsXJDY1_shared_2354028
alfalfaRep2vsXJDY1_shared_235426,alfalfaRep2vsXJDY1_shared_235426
alfalfaRep2vsXJDY1_shared_2354304,alfalfaRep2vsXJDY1_shared_2354304
alfalfaRep2vsXJDY1_shared_2355356,alfalfaRep2vsXJDY1_shared_2355356
alfalfaRep2vsXJDY1_shared_2355520,alfalfaRep2vsXJDY1_shared_2355520
alfalfaRep2vsXJDY1_shared_2356148,alfalfaRep2vsXJDY1_shared_2356148
alfalfaRep2vsXJDY1_shared_2356458,alfalfaRep2vsXJDY1_shared_2356458
alfalfaRep2vsXJDY1_shared_2356982,alfalfaRep2vsXJDY1_shared_2356982
alfalfaRep2vsXJDY1_shared_2357646,alfalfaRep2vsXJDY1_shared_2357646
alfalfaRep2vsXJDY1_shared_2358037,alfalfaRep2vsXJDY1_shared_2358037
alfalfaRep2vsXJDY1_shared_2359087,alfalfaRep2vsXJDY1_shared_2359087
alfalfaRep2vsXJDY1_shared_235921,alfalfaRep2vsXJDY1_shared_235921
alfalfaRep2vsXJDY1_shared_2360045,alfalfaRep2vsXJDY1_shared_2360045
alfalfaRep2vsXJDY1_shared_2360371,alfalfaRep2vsXJDY1_shared_2360371
alfalfaRep2vsXJDY1_shared_2361142,alfalfaRep2vsXJDY1_shared_2361142
alfalfaRep2vsXJDY1_shared_23622,alfalfaRep2vsXJDY1_shared_23622
alfalfaRep2vsXJDY1_shared_2363559,alfalfaRep2vsXJDY1_shared_2363559
alfalfaRep2vsXJDY1_shared_2364203,alfalfaRep2vsXJDY1_shared_2364203
alfalfaRep2vsXJDY1_shared_2364578,alfalfaRep2vsXJDY1_shared_2364578
alfalfaRep2vsXJDY1_shared_236482,alfalfaRep2vsXJDY1_shared_236482
alfalfaRep2vsXJDY1_shared_2365578,alfalfaRep2vsXJDY1_shared_2365578
alfalfaRep2vsXJDY1_shared_2365980,alfalfaRep2vsXJDY1_shared_2365980
alfalfaRep2vsXJDY1_shared_2366078,alfalfaRep2vsXJDY1_shared_2366078
alfalfaRep2vsXJDY1_shared_2367616,alfalfaRep2vsXJDY1_shared_2367616
alfalfaRep2vsXJDY1_shared_2368472,alfalfaRep2vsXJDY1_shared_2368472
alfalfaRep2vsXJDY1_shared_2369198,alfalfaRep2vsXJDY1_shared_2369198
alfalfaRep2vsXJDY1_shared_2369546,alfalfaRep2vsXJDY1_shared_2369546
alfalfaRep2vsXJDY1_shared_2371020,alfalfaRep2vsXJDY1_shared_2371020
alfalfaRep2vsXJDY1_shared_2371590,alfalfaRep2vsXJDY1_shared_2371590
alfalfaRep2vsXJDY1_shared_2372036,alfalfaRep2vsXJDY1_shared_2372036
alfalfaRep2vsXJDY1_shared_2372850,alfalfaRep2vsXJDY1_shared_2372850
alfalfaRep2vsXJDY1_shared_2373024,alfalfaRep2vsXJDY1_shared_2373024
alfalfaRep2vsXJDY1_shared_2373133,alfalfaRep2vsXJDY1_shared_2373133
alfalfaRep2vsXJDY1_shared_2373994,alfalfaRep2vsXJDY1_shared_2373994
alfalfaRep2vsXJDY1_shared_2374196,alfalfaRep2vsXJDY1_shared_2374196
alfalfaRep2vsXJDY1_shared_2374281,alfalfaRep2vsXJDY1_shared_2374281
alfalfaRep2vsXJDY1_shared_2374435,alfalfaRep2vsXJDY1_shared_2374435
alfalfaRep2vsXJDY1_shared_2374615,alfalfaRep2vsXJDY1_shared_2374615
alfalfaRep2vsXJDY1_shared_237578,alfalfaRep2vsXJDY1_shared_237578
alfalfaRep2vsXJDY1_shared_2375834,alfalfaRep2vsXJDY1_shared_2375834
alfalfaRep2vsXJDY1_shared_2376241,alfalfaRep2vsXJDY1_shared_2376241
alfalfaRep2vsXJDY1_shared_2376506,alfalfaRep2vsXJDY1_shared_2376506
alfalfaRep2vsXJDY1_shared_2377077,alfalfaRep2vsXJDY1_shared_2377077
alfalfaRep2vsXJDY1_shared_2377359,alfalfaRep2vsXJDY1_shared_2377359
alfalfaRep2vsXJDY1_shared_2377584,alfalfaRep2vsXJDY1_shared_2377584
alfalfaRep2vsXJDY1_shared_2378735,alfalfaRep2vsXJDY1_shared_2378735
alfalfaRep2vsXJDY1_shared_237898,alfalfaRep2vsXJDY1_shared_237898
alfalfaRep2vsXJDY1_shared_2379739,alfalfaRep2vsXJDY1_shared_2379739
alfalfaRep2vsXJDY1_shared_2380381,alfalfaRep2vsXJDY1_shared_2380381
alfalfaRep2vsXJDY1_shared_2381644,alfalfaRep2vsXJDY1_shared_2381644
alfalfaRep2vsXJDY1_shared_2381739,alfalfaRep2vsXJDY1_shared_2381739
alfalfaRep2vsXJDY1_shared_2381968,alfalfaRep2vsXJDY1_shared_2381968
alfalfaRep2vsXJDY1_shared_2382425,alfalfaRep2vsXJDY1_shared_2382425
alfalfaRep2vsXJDY1_shared_2382935,alfalfaRep2vsXJDY1_shared_2382935
alfalfaRep2vsXJDY1_shared_2383174,alfalfaRep2vsXJDY1_shared_2383174
alfalfaRep2vsXJDY1_shared_2383844,alfalfaRep2vsXJDY1_shared_2383844
alfalfaRep2vsXJDY1_shared_2384451,alfalfaRep2vsXJDY1_shared_2384451
alfalfaRep2vsXJDY1_shared_2385329,alfalfaRep2vsXJDY1_shared_2385329
alfalfaRep2vsXJDY1_shared_2386925,alfalfaRep2vsXJDY1_shared_2386925
alfalfaRep2vsXJDY1_shared_2388172,alfalfaRep2vsXJDY1_shared_2388172
alfalfaRep2vsXJDY1_shared_2388544,alfalfaRep2vsXJDY1_shared_2388544
alfalfaRep2vsXJDY1_shared_2389343,alfalfaRep2vsXJDY1_shared_2389343
alfalfaRep2vsXJDY1_shared_2390964,alfalfaRep2vsXJDY1_shared_2390964
alfalfaRep2vsXJDY1_shared_2391883,alfalfaRep2vsXJDY1_shared_2391883
alfalfaRep2vsXJDY1_shared_2393136,alfalfaRep2vsXJDY1_shared_2393136
alfalfaRep2vsXJDY1_shared_239356,alfalfaRep2vsXJDY1_shared_239356
alfalfaRep2vsXJDY1_shared_2394079,alfalfaRep2vsXJDY1_shared_2394079
alfalfaRep2vsXJDY1_shared_2394952,alfalfaRep2vsXJDY1_shared_2394952
alfalfaRep2vsXJDY1_shared_2395425,alfalfaRep2vsXJDY1_shared_2395425
alfalfaRep2vsXJDY1_shared_2395801,alfalfaRep2vsXJDY1_shared_2395801
alfalfaRep2vsXJDY1_shared_2395953,alfalfaRep2vsXJDY1_shared_2395953
alfalfaRep2vsXJDY1_shared_2396129,alfalfaRep2vsXJDY1_shared_2396129
alfalfaRep2vsXJDY1_shared_2396945,alfalfaRep2vsXJDY1_shared_2396945
alfalfaRep2vsXJDY1_shared_2397390,alfalfaRep2vsXJDY1_shared_2397390
alfalfaRep2vsXJDY1_shared_2397740,alfalfaRep2vsXJDY1_shared_2397740
alfalfaRep2vsXJDY1_shared_2398061,alfalfaRep2vsXJDY1_shared_2398061
alfalfaRep2vsXJDY1_shared_2398447,alfalfaRep2vsXJDY1_shared_2398447
alfalfaRep2vsXJDY1_shared_2398521,alfalfaRep2vsXJDY1_shared_2398521
alfalfaRep2vsXJDY1_shared_2399209,alfalfaRep2vsXJDY1_shared_2399209
alfalfaRep2vsXJDY1_shared_2399765,alfalfaRep2vsXJDY1_shared_2399765
alfalfaRep2vsXJDY1_shared_2400164,alfalfaRep2vsXJDY1_shared_2400164
alfalfaRep2vsXJDY1_shared_240106,alfalfaRep2vsXJDY1_shared_240106
alfalfaRep2vsXJDY1_shared_2401229,alfalfaRep2vsXJDY1_shared_2401229
alfalfaRep2vsXJDY1_shared_2401866,alfalfaRep2vsXJDY1_shared_2401866
alfalfaRep2vsXJDY1_shared_2402219,alfalfaRep2vsXJDY1_shared_2402219
alfalfaRep2vsXJDY1_shared_2402868,alfalfaRep2vsXJDY1_shared_2402868
alfalfaRep2vsXJDY1_shared_2403719,alfalfaRep2vsXJDY1_shared_2403719
alfalfaRep2vsXJDY1_shared_2405245,alfalfaRep2vsXJDY1_shared_2405245
alfalfaRep2vsXJDY1_shared_2406269,alfalfaRep2vsXJDY1_shared_2406269
alfalfaRep2vsXJDY1_shared_2407044,alfalfaRep2vsXJDY1_shared_2407044
alfalfaRep2vsXJDY1_shared_2407760,alfalfaRep2vsXJDY1_shared_2407760
alfalfaRep2vsXJDY1_shared_2408919,alfalfaRep2vsXJDY1_shared_2408919
alfalfaRep2vsXJDY1_shared_2409200,alfalfaRep2vsXJDY1_shared_2409200
alfalfaRep2vsXJDY1_shared_2409845,alfalfaRep2vsXJDY1_shared_2409845
alfalfaRep2vsXJDY1_shared_2410609,alfalfaRep2vsXJDY1_shared_2410609
alfalfaRep2vsXJDY1_shared_241072,alfalfaRep2vsXJDY1_shared_241072
alfalfaRep2vsXJDY1_shared_2411179,alfalfaRep2vsXJDY1_shared_2411179
alfalfaRep2vsXJDY1_shared_2411552,alfalfaRep2vsXJDY1_shared_2411552
alfalfaRep2vsXJDY1_shared_2412352,alfalfaRep2vsXJDY1_shared_2412352
alfalfaRep2vsXJDY1_shared_2413095,alfalfaRep2vsXJDY1_shared_2413095
alfalfaRep2vsXJDY1_shared_2413953,alfalfaRep2vsXJDY1_shared_2413953
alfalfaRep2vsXJDY1_shared_2414265,alfalfaRep2vsXJDY1_shared_2414265
alfalfaRep2vsXJDY1_shared_2415674,alfalfaRep2vsXJDY1_shared_2415674
alfalfaRep2vsXJDY1_shared_2415798,alfalfaRep2vsXJDY1_shared_2415798
alfalfaRep2vsXJDY1_shared_2416238,alfalfaRep2vsXJDY1_shared_2416238
alfalfaRep2vsXJDY1_shared_2416507,alfalfaRep2vsXJDY1_shared_2416507
alfalfaRep2vsXJDY1_shared_2417398,alfalfaRep2vsXJDY1_shared_2417398
alfalfaRep2vsXJDY1_shared_241742,alfalfaRep2vsXJDY1_shared_241742
alfalfaRep2vsXJDY1_shared_2417744,alfalfaRep2vsXJDY1_shared_2417744
alfalfaRep2vsXJDY1_shared_2418109,alfalfaRep2vsXJDY1_shared_2418109
alfalfaRep2vsXJDY1_shared_2418488,alfalfaRep2vsXJDY1_shared_2418488
alfalfaRep2vsXJDY1_shared_2419124,alfalfaRep2vsXJDY1_shared_2419124
alfalfaRep2vsXJDY1_shared_2419596,alfalfaRep2vsXJDY1_shared_2419596
alfalfaRep2vsXJDY1_shared_241992,alfalfaRep2vsXJDY1_shared_241992
alfalfaRep2vsXJDY1_shared_2420180,alfalfaRep2vsXJDY1_shared_2420180
alfalfaRep2vsXJDY1_shared_2420232,alfalfaRep2vsXJDY1_shared_2420232
alfalfaRep2vsXJDY1_shared_2420473,alfalfaRep2vsXJDY1_shared_2420473
alfalfaRep2vsXJDY1_shared_2420996,alfalfaRep2vsXJDY1_shared_2420996
alfalfaRep2vsXJDY1_shared_2422009,alfalfaRep2vsXJDY1_shared_2422009
alfalfaRep2vsXJDY1_shared_2422384,alfalfaRep2vsXJDY1_shared_2422384
alfalfaRep2vsXJDY1_shared_242291,alfalfaRep2vsXJDY1_shared_242291
alfalfaRep2vsXJDY1_shared_2423945,alfalfaRep2vsXJDY1_shared_2423945
alfalfaRep2vsXJDY1_shared_2425758,alfalfaRep2vsXJDY1_shared_2425758
alfalfaRep2vsXJDY1_shared_2426699,alfalfaRep2vsXJDY1_shared_2426699
alfalfaRep2vsXJDY1_shared_2427232,alfalfaRep2vsXJDY1_shared_2427232
alfalfaRep2vsXJDY1_shared_2427411,alfalfaRep2vsXJDY1_shared_2427411
alfalfaRep2vsXJDY1_shared_2428123,alfalfaRep2vsXJDY1_shared_2428123
alfalfaRep2vsXJDY1_shared_2428932,alfalfaRep2vsXJDY1_shared_2428932
alfalfaRep2vsXJDY1_shared_2429266,alfalfaRep2vsXJDY1_shared_2429266
alfalfaRep2vsXJDY1_shared_242943,alfalfaRep2vsXJDY1_shared_242943
alfalfaRep2vsXJDY1_shared_2429580,alfalfaRep2vsXJDY1_shared_2429580
alfalfaRep2vsXJDY1_shared_2430389,alfalfaRep2vsXJDY1_shared_2430389
alfalfaRep2vsXJDY1_shared_2431437,alfalfaRep2vsXJDY1_shared_2431437
alfalfaRep2vsXJDY1_shared_2432627,alfalfaRep2vsXJDY1_shared_2432627
alfalfaRep2vsXJDY1_shared_243306,alfalfaRep2vsXJDY1_shared_243306
alfalfaRep2vsXJDY1_shared_2433333,alfalfaRep2vsXJDY1_shared_2433333
alfalfaRep2vsXJDY1_shared_2434526,alfalfaRep2vsXJDY1_shared_2434526
alfalfaRep2vsXJDY1_shared_2435545,alfalfaRep2vsXJDY1_shared_2435545
alfalfaRep2vsXJDY1_shared_2435984,alfalfaRep2vsXJDY1_shared_2435984
alfalfaRep2vsXJDY1_shared_2436543,alfalfaRep2vsXJDY1_shared_2436543
alfalfaRep2vsXJDY1_shared_2436683,alfalfaRep2vsXJDY1_shared_2436683
alfalfaRep2vsXJDY1_shared_2437584,alfalfaRep2vsXJDY1_shared_2437584
alfalfaRep2vsXJDY1_shared_2438738,alfalfaRep2vsXJDY1_shared_2438738
alfalfaRep2vsXJDY1_shared_2440822,alfalfaRep2vsXJDY1_shared_2440822
alfalfaRep2vsXJDY1_shared_2442448,alfalfaRep2vsXJDY1_shared_2442448
alfalfaRep2vsXJDY1_shared_2442973,alfalfaRep2vsXJDY1_shared_2442973
alfalfaRep2vsXJDY1_shared_2443343,alfalfaRep2vsXJDY1_shared_2443343
alfalfaRep2vsXJDY1_shared_2443556,alfalfaRep2vsXJDY1_shared_2443556
alfalfaRep2vsXJDY1_shared_2445092,alfalfaRep2vsXJDY1_shared_2445092
alfalfaRep2vsXJDY1_shared_2445833,alfalfaRep2vsXJDY1_shared_2445833
alfalfaRep2vsXJDY1_shared_2448715,alfalfaRep2vsXJDY1_shared_2448715
alfalfaRep2vsXJDY1_shared_2449018,alfalfaRep2vsXJDY1_shared_2449018
alfalfaRep2vsXJDY1_shared_2452081,alfalfaRep2vsXJDY1_shared_2452081
alfalfaRep2vsXJDY1_shared_2452260,alfalfaRep2vsXJDY1_shared_2452260
alfalfaRep2vsXJDY1_shared_2452992,alfalfaRep2vsXJDY1_shared_2452992
alfalfaRep2vsXJDY1_shared_245309,alfalfaRep2vsXJDY1_shared_245309
alfalfaRep2vsXJDY1_shared_2453669,alfalfaRep2vsXJDY1_shared_2453669
alfalfaRep2vsXJDY1_shared_2455627,alfalfaRep2vsXJDY1_shared_2455627
alfalfaRep2vsXJDY1_shared_2456517,alfalfaRep2vsXJDY1_shared_2456517
alfalfaRep2vsXJDY1_shared_2457892,alfalfaRep2vsXJDY1_shared_2457892
alfalfaRep2vsXJDY1_shared_2458620,alfalfaRep2vsXJDY1_shared_2458620
alfalfaRep2vsXJDY1_shared_2459848,alfalfaRep2vsXJDY1_shared_2459848
alfalfaRep2vsXJDY1_shared_246108,alfalfaRep2vsXJDY1_shared_246108
alfalfaRep2vsXJDY1_shared_2461488,alfalfaRep2vsXJDY1_shared_2461488
alfalfaRep2vsXJDY1_shared_2462044,alfalfaRep2vsXJDY1_shared_2462044
alfalfaRep2vsXJDY1_shared_2463114,alfalfaRep2vsXJDY1_shared_2463114
alfalfaRep2vsXJDY1_shared_2464473,alfalfaRep2vsXJDY1_shared_2464473
alfalfaRep2vsXJDY1_shared_246501,alfalfaRep2vsXJDY1_shared_246501
alfalfaRep2vsXJDY1_shared_2466272,alfalfaRep2vsXJDY1_shared_2466272
alfalfaRep2vsXJDY1_shared_2467639,alfalfaRep2vsXJDY1_shared_2467639
alfalfaRep2vsXJDY1_shared_2468226,alfalfaRep2vsXJDY1_shared_2468226
alfalfaRep2vsXJDY1_shared_2469207,alfalfaRep2vsXJDY1_shared_2469207
alfalfaRep2vsXJDY1_shared_2469956,alfalfaRep2vsXJDY1_shared_2469956
alfalfaRep2vsXJDY1_shared_2470377,alfalfaRep2vsXJDY1_shared_2470377
alfalfaRep2vsXJDY1_shared_2471592,alfalfaRep2vsXJDY1_shared_2471592
alfalfaRep2vsXJDY1_shared_2472530,alfalfaRep2vsXJDY1_shared_2472530
alfalfaRep2vsXJDY1_shared_2472862,alfalfaRep2vsXJDY1_shared_2472862
alfalfaRep2vsXJDY1_shared_2473920,alfalfaRep2vsXJDY1_shared_2473920
alfalfaRep2vsXJDY1_shared_2474590,alfalfaRep2vsXJDY1_shared_2474590
alfalfaRep2vsXJDY1_shared_2475303,alfalfaRep2vsXJDY1_shared_2475303
alfalfaRep2vsXJDY1_shared_2476442,alfalfaRep2vsXJDY1_shared_2476442
alfalfaRep2vsXJDY1_shared_2477137,alfalfaRep2vsXJDY1_shared_2477137
alfalfaRep2vsXJDY1_shared_247823,alfalfaRep2vsXJDY1_shared_247823
alfalfaRep2vsXJDY1_shared_2479810,alfalfaRep2vsXJDY1_shared_2479810
alfalfaRep2vsXJDY1_shared_2480306,alfalfaRep2vsXJDY1_shared_2480306
alfalfaRep2vsXJDY1_shared_2481050,alfalfaRep2vsXJDY1_shared_2481050
alfalfaRep2vsXJDY1_shared_24824,alfalfaRep2vsXJDY1_shared_24824
alfalfaRep2vsXJDY1_shared_248338,alfalfaRep2vsXJDY1_shared_248338
alfalfaRep2vsXJDY1_shared_2484334,alfalfaRep2vsXJDY1_shared_2484334
alfalfaRep2vsXJDY1_shared_2485497,alfalfaRep2vsXJDY1_shared_2485497
alfalfaRep2vsXJDY1_shared_2486337,alfalfaRep2vsXJDY1_shared_2486337
alfalfaRep2vsXJDY1_shared_2487505,alfalfaRep2vsXJDY1_shared_2487505
alfalfaRep2vsXJDY1_shared_2487644,alfalfaRep2vsXJDY1_shared_2487644
alfalfaRep2vsXJDY1_shared_2488302,alfalfaRep2vsXJDY1_shared_2488302
alfalfaRep2vsXJDY1_shared_2488861,alfalfaRep2vsXJDY1_shared_2488861
alfalfaRep2vsXJDY1_shared_2489006,alfalfaRep2vsXJDY1_shared_2489006
alfalfaRep2vsXJDY1_shared_2489370,alfalfaRep2vsXJDY1_shared_2489370
alfalfaRep2vsXJDY1_shared_2489736,alfalfaRep2vsXJDY1_shared_2489736
alfalfaRep2vsXJDY1_shared_2490178,alfalfaRep2vsXJDY1_shared_2490178
alfalfaRep2vsXJDY1_shared_2490561,alfalfaRep2vsXJDY1_shared_2490561
alfalfaRep2vsXJDY1_shared_2491367,alfalfaRep2vsXJDY1_shared_2491367
alfalfaRep2vsXJDY1_shared_2491978,alfalfaRep2vsXJDY1_shared_2491978
alfalfaRep2vsXJDY1_shared_2492715,alfalfaRep2vsXJDY1_shared_2492715
alfalfaRep2vsXJDY1_shared_2493348,alfalfaRep2vsXJDY1_shared_2493348
alfalfaRep2vsXJDY1_shared_2493842,alfalfaRep2vsXJDY1_shared_2493842
alfalfaRep2vsXJDY1_shared_2495665,alfalfaRep2vsXJDY1_shared_2495665
alfalfaRep2vsXJDY1_shared_2496026,alfalfaRep2vsXJDY1_shared_2496026
alfalfaRep2vsXJDY1_shared_2497143,alfalfaRep2vsXJDY1_shared_2497143
alfalfaRep2vsXJDY1_shared_2497425,alfalfaRep2vsXJDY1_shared_2497425
alfalfaRep2vsXJDY1_shared_2497675,alfalfaRep2vsXJDY1_shared_2497675
alfalfaRep2vsXJDY1_shared_249825,alfalfaRep2vsXJDY1_shared_249825
alfalfaRep2vsXJDY1_shared_2498645,alfalfaRep2vsXJDY1_shared_2498645
alfalfaRep2vsXJDY1_shared_2499164,alfalfaRep2vsXJDY1_shared_2499164
alfalfaRep2vsXJDY1_shared_2500119,alfalfaRep2vsXJDY1_shared_2500119
alfalfaRep2vsXJDY1_shared_2500695,alfalfaRep2vsXJDY1_shared_2500695
alfalfaRep2vsXJDY1_shared_2501312,alfalfaRep2vsXJDY1_shared_2501312
alfalfaRep2vsXJDY1_shared_2502789,alfalfaRep2vsXJDY1_shared_2502789
alfalfaRep2vsXJDY1_shared_2503588,alfalfaRep2vsXJDY1_shared_2503588
alfalfaRep2vsXJDY1_shared_2506474,alfalfaRep2vsXJDY1_shared_2506474
alfalfaRep2vsXJDY1_shared_2508855,alfalfaRep2vsXJDY1_shared_2508855
alfalfaRep2vsXJDY1_shared_2509492,alfalfaRep2vsXJDY1_shared_2509492
alfalfaRep2vsXJDY1_shared_2511124,alfalfaRep2vsXJDY1_shared_2511124
alfalfaRep2vsXJDY1_shared_2511505,alfalfaRep2vsXJDY1_shared_2511505
alfalfaRep2vsXJDY1_shared_2511973,alfalfaRep2vsXJDY1_shared_2511973
alfalfaRep2vsXJDY1_shared_2512438,alfalfaRep2vsXJDY1_shared_2512438
alfalfaRep2vsXJDY1_shared_2512795,alfalfaRep2vsXJDY1_shared_2512795
alfalfaRep2vsXJDY1_shared_2513109,alfalfaRep2vsXJDY1_shared_2513109
alfalfaRep2vsXJDY1_shared_251342,alfalfaRep2vsXJDY1_shared_251342
alfalfaRep2vsXJDY1_shared_2513729,alfalfaRep2vsXJDY1_shared_2513729
alfalfaRep2vsXJDY1_shared_2514387,alfalfaRep2vsXJDY1_shared_2514387
alfalfaRep2vsXJDY1_shared_2514473,alfalfaRep2vsXJDY1_shared_2514473
alfalfaRep2vsXJDY1_shared_2514991,alfalfaRep2vsXJDY1_shared_2514991
alfalfaRep2vsXJDY1_shared_2515933,alfalfaRep2vsXJDY1_shared_2515933
alfalfaRep2vsXJDY1_shared_2516798,alfalfaRep2vsXJDY1_shared_2516798
alfalfaRep2vsXJDY1_shared_2517585,alfalfaRep2vsXJDY1_shared_2517585
alfalfaRep2vsXJDY1_shared_2518534,alfalfaRep2vsXJDY1_shared_2518534
alfalfaRep2vsXJDY1_shared_2519855,alfalfaRep2vsXJDY1_shared_2519855
alfalfaRep2vsXJDY1_shared_2520456,alfalfaRep2vsXJDY1_shared_2520456
alfalfaRep2vsXJDY1_shared_2521954,alfalfaRep2vsXJDY1_shared_2521954
alfalfaRep2vsXJDY1_shared_2522,alfalfaRep2vsXJDY1_shared_2522
alfalfaRep2vsXJDY1_shared_2523716,alfalfaRep2vsXJDY1_shared_2523716
alfalfaRep2vsXJDY1_shared_252390,alfalfaRep2vsXJDY1_shared_252390
alfalfaRep2vsXJDY1_shared_2525620,alfalfaRep2vsXJDY1_shared_2525620
alfalfaRep2vsXJDY1_shared_2526345,alfalfaRep2vsXJDY1_shared_2526345
alfalfaRep2vsXJDY1_shared_2526651,alfalfaRep2vsXJDY1_shared_2526651
alfalfaRep2vsXJDY1_shared_2528403,alfalfaRep2vsXJDY1_shared_2528403
alfalfaRep2vsXJDY1_shared_2529674,alfalfaRep2vsXJDY1_shared_2529674
alfalfaRep2vsXJDY1_shared_253058,alfalfaRep2vsXJDY1_shared_253058
alfalfaRep2vsXJDY1_shared_2530728,alfalfaRep2vsXJDY1_shared_2530728
alfalfaRep2vsXJDY1_shared_2532274,alfalfaRep2vsXJDY1_shared_2532274
alfalfaRep2vsXJDY1_shared_25328,alfalfaRep2vsXJDY1_shared_25328
alfalfaRep2vsXJDY1_shared_2532982,alfalfaRep2vsXJDY1_shared_2532982
alfalfaRep2vsXJDY1_shared_2533812,alfalfaRep2vsXJDY1_shared_2533812
alfalfaRep2vsXJDY1_shared_2534235,alfalfaRep2vsXJDY1_shared_2534235
alfalfaRep2vsXJDY1_shared_253493,alfalfaRep2vsXJDY1_shared_253493
alfalfaRep2vsXJDY1_shared_253690,alfalfaRep2vsXJDY1_shared_253690
alfalfaRep2vsXJDY1_shared_2537355,alfalfaRep2vsXJDY1_shared_2537355
alfalfaRep2vsXJDY1_shared_2538323,alfalfaRep2vsXJDY1_shared_2538323
alfalfaRep2vsXJDY1_shared_2538845,alfalfaRep2vsXJDY1_shared_2538845
alfalfaRep2vsXJDY1_shared_2540413,alfalfaRep2vsXJDY1_shared_2540413
alfalfaRep2vsXJDY1_shared_2541808,alfalfaRep2vsXJDY1_shared_2541808
alfalfaRep2vsXJDY1_shared_2542612,alfalfaRep2vsXJDY1_shared_2542612
alfalfaRep2vsXJDY1_shared_2543603,alfalfaRep2vsXJDY1_shared_2543603
alfalfaRep2vsXJDY1_shared_2543859,alfalfaRep2vsXJDY1_shared_2543859
alfalfaRep2vsXJDY1_shared_254411,alfalfaRep2vsXJDY1_shared_254411
alfalfaRep2vsXJDY1_shared_2545627,alfalfaRep2vsXJDY1_shared_2545627
alfalfaRep2vsXJDY1_shared_2546120,alfalfaRep2vsXJDY1_shared_2546120
alfalfaRep2vsXJDY1_shared_254656,alfalfaRep2vsXJDY1_shared_254656
alfalfaRep2vsXJDY1_shared_2546779,alfalfaRep2vsXJDY1_shared_2546779
alfalfaRep2vsXJDY1_shared_2547465,alfalfaRep2vsXJDY1_shared_2547465
alfalfaRep2vsXJDY1_shared_2547837,alfalfaRep2vsXJDY1_shared_2547837
alfalfaRep2vsXJDY1_shared_2548318,alfalfaRep2vsXJDY1_shared_2548318
alfalfaRep2vsXJDY1_shared_2548978,alfalfaRep2vsXJDY1_shared_2548978
alfalfaRep2vsXJDY1_shared_2549251,alfalfaRep2vsXJDY1_shared_2549251
alfalfaRep2vsXJDY1_shared_2549864,alfalfaRep2vsXJDY1_shared_2549864
alfalfaRep2vsXJDY1_shared_2550827,alfalfaRep2vsXJDY1_shared_2550827
alfalfaRep2vsXJDY1_shared_2551294,alfalfaRep2vsXJDY1_shared_2551294
alfalfaRep2vsXJDY1_shared_2552435,alfalfaRep2vsXJDY1_shared_2552435
alfalfaRep2vsXJDY1_shared_2553211,alfalfaRep2vsXJDY1_shared_2553211
alfalfaRep2vsXJDY1_shared_2554408,alfalfaRep2vsXJDY1_shared_2554408
alfalfaRep2vsXJDY1_shared_2555122,alfalfaRep2vsXJDY1_shared_2555122
alfalfaRep2vsXJDY1_shared_2556026,alfalfaRep2vsXJDY1_shared_2556026
alfalfaRep2vsXJDY1_shared_2556417,alfalfaRep2vsXJDY1_shared_2556417
alfalfaRep2vsXJDY1_shared_255681,alfalfaRep2vsXJDY1_shared_255681
alfalfaRep2vsXJDY1_shared_2558322,alfalfaRep2vsXJDY1_shared_2558322
alfalfaRep2vsXJDY1_shared_2559607,alfalfaRep2vsXJDY1_shared_2559607
alfalfaRep2vsXJDY1_shared_2561352,alfalfaRep2vsXJDY1_shared_2561352
alfalfaRep2vsXJDY1_shared_256192,alfalfaRep2vsXJDY1_shared_256192
alfalfaRep2vsXJDY1_shared_2562120,alfalfaRep2vsXJDY1_shared_2562120
alfalfaRep2vsXJDY1_shared_2562435,alfalfaRep2vsXJDY1_shared_2562435
alfalfaRep2vsXJDY1_shared_2563082,alfalfaRep2vsXJDY1_shared_2563082
alfalfaRep2vsXJDY1_shared_2564104,alfalfaRep2vsXJDY1_shared_2564104
alfalfaRep2vsXJDY1_shared_2565033,alfalfaRep2vsXJDY1_shared_2565033
alfalfaRep2vsXJDY1_shared_2565546,alfalfaRep2vsXJDY1_shared_2565546
alfalfaRep2vsXJDY1_shared_2566355,alfalfaRep2vsXJDY1_shared_2566355
alfalfaRep2vsXJDY1_shared_2567200,alfalfaRep2vsXJDY1_shared_2567200
alfalfaRep2vsXJDY1_shared_2567950,alfalfaRep2vsXJDY1_shared_2567950
alfalfaRep2vsXJDY1_shared_2568890,alfalfaRep2vsXJDY1_shared_2568890
alfalfaRep2vsXJDY1_shared_2569112,alfalfaRep2vsXJDY1_shared_2569112
alfalfaRep2vsXJDY1_shared_2569307,alfalfaRep2vsXJDY1_shared_2569307
alfalfaRep2vsXJDY1_shared_2569440,alfalfaRep2vsXJDY1_shared_2569440
alfalfaRep2vsXJDY1_shared_2569651,alfalfaRep2vsXJDY1_shared_2569651
alfalfaRep2vsXJDY1_shared_256986,alfalfaRep2vsXJDY1_shared_256986
alfalfaRep2vsXJDY1_shared_2569999,alfalfaRep2vsXJDY1_shared_2569999
alfalfaRep2vsXJDY1_shared_2570796,alfalfaRep2vsXJDY1_shared_2570796
alfalfaRep2vsXJDY1_shared_2571907,alfalfaRep2vsXJDY1_shared_2571907
alfalfaRep2vsXJDY1_shared_2573681,alfalfaRep2vsXJDY1_shared_2573681
alfalfaRep2vsXJDY1_shared_2574340,alfalfaRep2vsXJDY1_shared_2574340
alfalfaRep2vsXJDY1_shared_2575146,alfalfaRep2vsXJDY1_shared_2575146
alfalfaRep2vsXJDY1_shared_2575554,alfalfaRep2vsXJDY1_shared_2575554
alfalfaRep2vsXJDY1_shared_2575881,alfalfaRep2vsXJDY1_shared_2575881
alfalfaRep2vsXJDY1_shared_2576487,alfalfaRep2vsXJDY1_shared_2576487
alfalfaRep2vsXJDY1_shared_2576764,alfalfaRep2vsXJDY1_shared_2576764
alfalfaRep2vsXJDY1_shared_2576966,alfalfaRep2vsXJDY1_shared_2576966
alfalfaRep2vsXJDY1_shared_2577611,alfalfaRep2vsXJDY1_shared_2577611
alfalfaRep2vsXJDY1_shared_2578238,alfalfaRep2vsXJDY1_shared_2578238
alfalfaRep2vsXJDY1_shared_2578957,alfalfaRep2vsXJDY1_shared_2578957
alfalfaRep2vsXJDY1_shared_2579662,alfalfaRep2vsXJDY1_shared_2579662
alfalfaRep2vsXJDY1_shared_2580049,alfalfaRep2vsXJDY1_shared_2580049
alfalfaRep2vsXJDY1_shared_2580986,alfalfaRep2vsXJDY1_shared_2580986
alfalfaRep2vsXJDY1_shared_2581335,alfalfaRep2vsXJDY1_shared_2581335
alfalfaRep2vsXJDY1_shared_2581592,alfalfaRep2vsXJDY1_shared_2581592
alfalfaRep2vsXJDY1_shared_2582966,alfalfaRep2vsXJDY1_shared_2582966
alfalfaRep2vsXJDY1_shared_2583135,alfalfaRep2vsXJDY1_shared_2583135
alfalfaRep2vsXJDY1_shared_2584532,alfalfaRep2vsXJDY1_shared_2584532
alfalfaRep2vsXJDY1_shared_2585131,alfalfaRep2vsXJDY1_shared_2585131
alfalfaRep2vsXJDY1_shared_2585728,alfalfaRep2vsXJDY1_shared_2585728
alfalfaRep2vsXJDY1_shared_2586143,alfalfaRep2vsXJDY1_shared_2586143
alfalfaRep2vsXJDY1_shared_2586783,alfalfaRep2vsXJDY1_shared_2586783
alfalfaRep2vsXJDY1_shared_2587224,alfalfaRep2vsXJDY1_shared_2587224
alfalfaRep2vsXJDY1_shared_2587664,alfalfaRep2vsXJDY1_shared_2587664
alfalfaRep2vsXJDY1_shared_2588829,alfalfaRep2vsXJDY1_shared_2588829
alfalfaRep2vsXJDY1_shared_258997,alfalfaRep2vsXJDY1_shared_258997
alfalfaRep2vsXJDY1_shared_2591001,alfalfaRep2vsXJDY1_shared_2591001
alfalfaRep2vsXJDY1_shared_2592231,alfalfaRep2vsXJDY1_shared_2592231
alfalfaRep2vsXJDY1_shared_2592879,alfalfaRep2vsXJDY1_shared_2592879
alfalfaRep2vsXJDY1_shared_2593938,alfalfaRep2vsXJDY1_shared_2593938
alfalfaRep2vsXJDY1_shared_2594323,alfalfaRep2vsXJDY1_shared_2594323
alfalfaRep2vsXJDY1_shared_2594758,alfalfaRep2vsXJDY1_shared_2594758
alfalfaRep2vsXJDY1_shared_2595585,alfalfaRep2vsXJDY1_shared_2595585
alfalfaRep2vsXJDY1_shared_2596396,alfalfaRep2vsXJDY1_shared_2596396
alfalfaRep2vsXJDY1_shared_2597692,alfalfaRep2vsXJDY1_shared_2597692
alfalfaRep2vsXJDY1_shared_2598335,alfalfaRep2vsXJDY1_shared_2598335
alfalfaRep2vsXJDY1_shared_259868,alfalfaRep2vsXJDY1_shared_259868
alfalfaRep2vsXJDY1_shared_2599175,alfalfaRep2vsXJDY1_shared_2599175
alfalfaRep2vsXJDY1_shared_2599436,alfalfaRep2vsXJDY1_shared_2599436
alfalfaRep2vsXJDY1_shared_2600020,alfalfaRep2vsXJDY1_shared_2600020
alfalfaRep2vsXJDY1_shared_2600279,alfalfaRep2vsXJDY1_shared_2600279
alfalfaRep2vsXJDY1_shared_2601534,alfalfaRep2vsXJDY1_shared_2601534
alfalfaRep2vsXJDY1_shared_2601727,alfalfaRep2vsXJDY1_shared_2601727
alfalfaRep2vsXJDY1_shared_2602036,alfalfaRep2vsXJDY1_shared_2602036
alfalfaRep2vsXJDY1_shared_2602860,alfalfaRep2vsXJDY1_shared_2602860
alfalfaRep2vsXJDY1_shared_260389,alfalfaRep2vsXJDY1_shared_260389
alfalfaRep2vsXJDY1_shared_2604935,alfalfaRep2vsXJDY1_shared_2604935
alfalfaRep2vsXJDY1_shared_2606322,alfalfaRep2vsXJDY1_shared_2606322
alfalfaRep2vsXJDY1_shared_2607292,alfalfaRep2vsXJDY1_shared_2607292
alfalfaRep2vsXJDY1_shared_2608657,alfalfaRep2vsXJDY1_shared_2608657
alfalfaRep2vsXJDY1_shared_2609283,alfalfaRep2vsXJDY1_shared_2609283
alfalfaRep2vsXJDY1_shared_2609941,alfalfaRep2vsXJDY1_shared_2609941
alfalfaRep2vsXJDY1_shared_2611149,alfalfaRep2vsXJDY1_shared_2611149
alfalfaRep2vsXJDY1_shared_2611554,alfalfaRep2vsXJDY1_shared_2611554
alfalfaRep2vsXJDY1_shared_2612726,alfalfaRep2vsXJDY1_shared_2612726
alfalfaRep2vsXJDY1_shared_2613425,alfalfaRep2vsXJDY1_shared_2613425
alfalfaRep2vsXJDY1_shared_2613916,alfalfaRep2vsXJDY1_shared_2613916
alfalfaRep2vsXJDY1_shared_2614999,alfalfaRep2vsXJDY1_shared_2614999
alfalfaRep2vsXJDY1_shared_2615427,alfalfaRep2vsXJDY1_shared_2615427
alfalfaRep2vsXJDY1_shared_2615539,alfalfaRep2vsXJDY1_shared_2615539
alfalfaRep2vsXJDY1_shared_2615981,alfalfaRep2vsXJDY1_shared_2615981
alfalfaRep2vsXJDY1_shared_2617667,alfalfaRep2vsXJDY1_shared_2617667
alfalfaRep2vsXJDY1_shared_2618348,alfalfaRep2vsXJDY1_shared_2618348
alfalfaRep2vsXJDY1_shared_2618977,alfalfaRep2vsXJDY1_shared_2618977
alfalfaRep2vsXJDY1_shared_2619643,alfalfaRep2vsXJDY1_shared_2619643
alfalfaRep2vsXJDY1_shared_2621042,alfalfaRep2vsXJDY1_shared_2621042
alfalfaRep2vsXJDY1_shared_262139,alfalfaRep2vsXJDY1_shared_262139
alfalfaRep2vsXJDY1_shared_2622034,alfalfaRep2vsXJDY1_shared_2622034
alfalfaRep2vsXJDY1_shared_2623545,alfalfaRep2vsXJDY1_shared_2623545
alfalfaRep2vsXJDY1_shared_2624598,alfalfaRep2vsXJDY1_shared_2624598
alfalfaRep2vsXJDY1_shared_2625381,alfalfaRep2vsXJDY1_shared_2625381
alfalfaRep2vsXJDY1_shared_2626079,alfalfaRep2vsXJDY1_shared_2626079
alfalfaRep2vsXJDY1_shared_2626661,alfalfaRep2vsXJDY1_shared_2626661
alfalfaRep2vsXJDY1_shared_2626900,alfalfaRep2vsXJDY1_shared_2626900
alfalfaRep2vsXJDY1_shared_2627407,alfalfaRep2vsXJDY1_shared_2627407
alfalfaRep2vsXJDY1_shared_2627791,alfalfaRep2vsXJDY1_shared_2627791
alfalfaRep2vsXJDY1_shared_2628169,alfalfaRep2vsXJDY1_shared_2628169
alfalfaRep2vsXJDY1_shared_2629035,alfalfaRep2vsXJDY1_shared_2629035
alfalfaRep2vsXJDY1_shared_2629989,alfalfaRep2vsXJDY1_shared_2629989
alfalfaRep2vsXJDY1_shared_2630699,alfalfaRep2vsXJDY1_shared_2630699
alfalfaRep2vsXJDY1_shared_2630812,alfalfaRep2vsXJDY1_shared_2630812
alfalfaRep2vsXJDY1_shared_2630819,alfalfaRep2vsXJDY1_shared_2630819
alfalfaRep2vsXJDY1_shared_263128,alfalfaRep2vsXJDY1_shared_263128
alfalfaRep2vsXJDY1_shared_2631305,alfalfaRep2vsXJDY1_shared_2631305
alfalfaRep2vsXJDY1_shared_2631958,alfalfaRep2vsXJDY1_shared_2631958
alfalfaRep2vsXJDY1_shared_2632825,alfalfaRep2vsXJDY1_shared_2632825
alfalfaRep2vsXJDY1_shared_2632962,alfalfaRep2vsXJDY1_shared_2632962
alfalfaRep2vsXJDY1_shared_2633255,alfalfaRep2vsXJDY1_shared_2633255
alfalfaRep2vsXJDY1_shared_2634230,alfalfaRep2vsXJDY1_shared_2634230
alfalfaRep2vsXJDY1_shared_2634929,alfalfaRep2vsXJDY1_shared_2634929
alfalfaRep2vsXJDY1_shared_2636745,alfalfaRep2vsXJDY1_shared_2636745
alfalfaRep2vsXJDY1_shared_263676,alfalfaRep2vsXJDY1_shared_263676
alfalfaRep2vsXJDY1_shared_2637246,alfalfaRep2vsXJDY1_shared_2637246
alfalfaRep2vsXJDY1_shared_2637376,alfalfaRep2vsXJDY1_shared_2637376
alfalfaRep2vsXJDY1_shared_2638024,alfalfaRep2vsXJDY1_shared_2638024
alfalfaRep2vsXJDY1_shared_2638517,alfalfaRep2vsXJDY1_shared_2638517
alfalfaRep2vsXJDY1_shared_2638958,alfalfaRep2vsXJDY1_shared_2638958
alfalfaRep2vsXJDY1_shared_2639406,alfalfaRep2vsXJDY1_shared_2639406
alfalfaRep2vsXJDY1_shared_2639783,alfalfaRep2vsXJDY1_shared_2639783
alfalfaRep2vsXJDY1_shared_2639895,alfalfaRep2vsXJDY1_shared_2639895
alfalfaRep2vsXJDY1_shared_2640204,alfalfaRep2vsXJDY1_shared_2640204
alfalfaRep2vsXJDY1_shared_2640403,alfalfaRep2vsXJDY1_shared_2640403
alfalfaRep2vsXJDY1_shared_2640578,alfalfaRep2vsXJDY1_shared_2640578
alfalfaRep2vsXJDY1_shared_2641239,alfalfaRep2vsXJDY1_shared_2641239
alfalfaRep2vsXJDY1_shared_2641427,alfalfaRep2vsXJDY1_shared_2641427
alfalfaRep2vsXJDY1_shared_2642148,alfalfaRep2vsXJDY1_shared_2642148
alfalfaRep2vsXJDY1_shared_2643005,alfalfaRep2vsXJDY1_shared_2643005
alfalfaRep2vsXJDY1_shared_2644003,alfalfaRep2vsXJDY1_shared_2644003
alfalfaRep2vsXJDY1_shared_2644934,alfalfaRep2vsXJDY1_shared_2644934
alfalfaRep2vsXJDY1_shared_2645849,alfalfaRep2vsXJDY1_shared_2645849
alfalfaRep2vsXJDY1_shared_2646154,alfalfaRep2vsXJDY1_shared_2646154
alfalfaRep2vsXJDY1_shared_2646452,alfalfaRep2vsXJDY1_shared_2646452
alfalfaRep2vsXJDY1_shared_2646980,alfalfaRep2vsXJDY1_shared_2646980
alfalfaRep2vsXJDY1_shared_2647732,alfalfaRep2vsXJDY1_shared_2647732
alfalfaRep2vsXJDY1_shared_2648540,alfalfaRep2vsXJDY1_shared_2648540
alfalfaRep2vsXJDY1_shared_2649574,alfalfaRep2vsXJDY1_shared_2649574
alfalfaRep2vsXJDY1_shared_2650585,alfalfaRep2vsXJDY1_shared_2650585
alfalfaRep2vsXJDY1_shared_265253,alfalfaRep2vsXJDY1_shared_265253
alfalfaRep2vsXJDY1_shared_265413,alfalfaRep2vsXJDY1_shared_265413
alfalfaRep2vsXJDY1_shared_26570,alfalfaRep2vsXJDY1_shared_26570
alfalfaRep2vsXJDY1_shared_266699,alfalfaRep2vsXJDY1_shared_266699
alfalfaRep2vsXJDY1_shared_268102,alfalfaRep2vsXJDY1_shared_268102
alfalfaRep2vsXJDY1_shared_268692,alfalfaRep2vsXJDY1_shared_268692
alfalfaRep2vsXJDY1_shared_269641,alfalfaRep2vsXJDY1_shared_269641
alfalfaRep2vsXJDY1_shared_270127,alfalfaRep2vsXJDY1_shared_270127
alfalfaRep2vsXJDY1_shared_271257,alfalfaRep2vsXJDY1_shared_271257
alfalfaRep2vsXJDY1_shared_271799,alfalfaRep2vsXJDY1_shared_271799
alfalfaRep2vsXJDY1_shared_272292,alfalfaRep2vsXJDY1_shared_272292
alfalfaRep2vsXJDY1_shared_272712,alfalfaRep2vsXJDY1_shared_272712
alfalfaRep2vsXJDY1_shared_274184,alfalfaRep2vsXJDY1_shared_274184
alfalfaRep2vsXJDY1_shared_275144,alfalfaRep2vsXJDY1_shared_275144
alfalfaRep2vsXJDY1_shared_27637,alfalfaRep2vsXJDY1_shared_27637
alfalfaRep2vsXJDY1_shared_276889,alfalfaRep2vsXJDY1_shared_276889
alfalfaRep2vsXJDY1_shared_277266,alfalfaRep2vsXJDY1_shared_277266
alfalfaRep2vsXJDY1_shared_278214,alfalfaRep2vsXJDY1_shared_278214
alfalfaRep2vsXJDY1_shared_278520,alfalfaRep2vsXJDY1_shared_278520
alfalfaRep2vsXJDY1_shared_279301,alfalfaRep2vsXJDY1_shared_279301
alfalfaRep2vsXJDY1_shared_279787,alfalfaRep2vsXJDY1_shared_279787
alfalfaRep2vsXJDY1_shared_280431,alfalfaRep2vsXJDY1_shared_280431
alfalfaRep2vsXJDY1_shared_282564,alfalfaRep2vsXJDY1_shared_282564
alfalfaRep2vsXJDY1_shared_283866,alfalfaRep2vsXJDY1_shared_283866
alfalfaRep2vsXJDY1_shared_284770,alfalfaRep2vsXJDY1_shared_284770
alfalfaRep2vsXJDY1_shared_285446,alfalfaRep2vsXJDY1_shared_285446
alfalfaRep2vsXJDY1_shared_286460,alfalfaRep2vsXJDY1_shared_286460
alfalfaRep2vsXJDY1_shared_286883,alfalfaRep2vsXJDY1_shared_286883
alfalfaRep2vsXJDY1_shared_287720,alfalfaRep2vsXJDY1_shared_287720
alfalfaRep2vsXJDY1_shared_288022,alfalfaRep2vsXJDY1_shared_288022
alfalfaRep2vsXJDY1_shared_28834,alfalfaRep2vsXJDY1_shared_28834
alfalfaRep2vsXJDY1_shared_288565,alfalfaRep2vsXJDY1_shared_288565
alfalfaRep2vsXJDY1_shared_289041,alfalfaRep2vsXJDY1_shared_289041
alfalfaRep2vsXJDY1_shared_289448,alfalfaRep2vsXJDY1_shared_289448
alfalfaRep2vsXJDY1_shared_290921,alfalfaRep2vsXJDY1_shared_290921
alfalfaRep2vsXJDY1_shared_291188,alfalfaRep2vsXJDY1_shared_291188
alfalfaRep2vsXJDY1_shared_292090,alfalfaRep2vsXJDY1_shared_292090
alfalfaRep2vsXJDY1_shared_29211,alfalfaRep2vsXJDY1_shared_29211
alfalfaRep2vsXJDY1_shared_293350,alfalfaRep2vsXJDY1_shared_293350
alfalfaRep2vsXJDY1_shared_294989,alfalfaRep2vsXJDY1_shared_294989
alfalfaRep2vsXJDY1_shared_295129,alfalfaRep2vsXJDY1_shared_295129
alfalfaRep2vsXJDY1_shared_29551,alfalfaRep2vsXJDY1_shared_29551
alfalfaRep2vsXJDY1_shared_296384,alfalfaRep2vsXJDY1_shared_296384
alfalfaRep2vsXJDY1_shared_298496,alfalfaRep2vsXJDY1_shared_298496
alfalfaRep2vsXJDY1_shared_299335,alfalfaRep2vsXJDY1_shared_299335
alfalfaRep2vsXJDY1_shared_299774,alfalfaRep2vsXJDY1_shared_299774
alfalfaRep2vsXJDY1_shared_301778,alfalfaRep2vsXJDY1_shared_301778
alfalfaRep2vsXJDY1_shared_302209,alfalfaRep2vsXJDY1_shared_302209
alfalfaRep2vsXJDY1_shared_303008,alfalfaRep2vsXJDY1_shared_303008
alfalfaRep2vsXJDY1_shared_303765,alfalfaRep2vsXJDY1_shared_303765
alfalfaRep2vsXJDY1_shared_304407,alfalfaRep2vsXJDY1_shared_304407
alfalfaRep2vsXJDY1_shared_30508,alfalfaRep2vsXJDY1_shared_30508
alfalfaRep2vsXJDY1_shared_305316,alfalfaRep2vsXJDY1_shared_305316
alfalfaRep2vsXJDY1_shared_306199,alfalfaRep2vsXJDY1_shared_306199
alfalfaRep2vsXJDY1_shared_307921,alfalfaRep2vsXJDY1_shared_307921
alfalfaRep2vsXJDY1_shared_308528,alfalfaRep2vsXJDY1_shared_308528
alfalfaRep2vsXJDY1_shared_310723,alfalfaRep2vsXJDY1_shared_310723
alfalfaRep2vsXJDY1_shared_311033,alfalfaRep2vsXJDY1_shared_311033
alfalfaRep2vsXJDY1_shared_31111,alfalfaRep2vsXJDY1_shared_31111
alfalfaRep2vsXJDY1_shared_312837,alfalfaRep2vsXJDY1_shared_312837
alfalfaRep2vsXJDY1_shared_314081,alfalfaRep2vsXJDY1_shared_314081
alfalfaRep2vsXJDY1_shared_315180,alfalfaRep2vsXJDY1_shared_315180
alfalfaRep2vsXJDY1_shared_316380,alfalfaRep2vsXJDY1_shared_316380
alfalfaRep2vsXJDY1_shared_31677,alfalfaRep2vsXJDY1_shared_31677
alfalfaRep2vsXJDY1_shared_317736,alfalfaRep2vsXJDY1_shared_317736
alfalfaRep2vsXJDY1_shared_319196,alfalfaRep2vsXJDY1_shared_319196
alfalfaRep2vsXJDY1_shared_319650,alfalfaRep2vsXJDY1_shared_319650
alfalfaRep2vsXJDY1_shared_320822,alfalfaRep2vsXJDY1_shared_320822
alfalfaRep2vsXJDY1_shared_322547,alfalfaRep2vsXJDY1_shared_322547
alfalfaRep2vsXJDY1_shared_323740,alfalfaRep2vsXJDY1_shared_323740
alfalfaRep2vsXJDY1_shared_32410,alfalfaRep2vsXJDY1_shared_32410
alfalfaRep2vsXJDY1_shared_324787,alfalfaRep2vsXJDY1_shared_324787
alfalfaRep2vsXJDY1_shared_325327,alfalfaRep2vsXJDY1_shared_325327
alfalfaRep2vsXJDY1_shared_326138,alfalfaRep2vsXJDY1_shared_326138
alfalfaRep2vsXJDY1_shared_326451,alfalfaRep2vsXJDY1_shared_326451
alfalfaRep2vsXJDY1_shared_327919,alfalfaRep2vsXJDY1_shared_327919
alfalfaRep2vsXJDY1_shared_328293,alfalfaRep2vsXJDY1_shared_328293
alfalfaRep2vsXJDY1_shared_328779,alfalfaRep2vsXJDY1_shared_328779
alfalfaRep2vsXJDY1_shared_330200,alfalfaRep2vsXJDY1_shared_330200
alfalfaRep2vsXJDY1_shared_330966,alfalfaRep2vsXJDY1_shared_330966
alfalfaRep2vsXJDY1_shared_331497,alfalfaRep2vsXJDY1_shared_331497
alfalfaRep2vsXJDY1_shared_332276,alfalfaRep2vsXJDY1_shared_332276
alfalfaRep2vsXJDY1_shared_332769,alfalfaRep2vsXJDY1_shared_332769
alfalfaRep2vsXJDY1_shared_33296,alfalfaRep2vsXJDY1_shared_33296
alfalfaRep2vsXJDY1_shared_333360,alfalfaRep2vsXJDY1_shared_333360
alfalfaRep2vsXJDY1_shared_334326,alfalfaRep2vsXJDY1_shared_334326
alfalfaRep2vsXJDY1_shared_335069,alfalfaRep2vsXJDY1_shared_335069
alfalfaRep2vsXJDY1_shared_335724,alfalfaRep2vsXJDY1_shared_335724
alfalfaRep2vsXJDY1_shared_336834,alfalfaRep2vsXJDY1_shared_336834
alfalfaRep2vsXJDY1_shared_337566,alfalfaRep2vsXJDY1_shared_337566
alfalfaRep2vsXJDY1_shared_338076,alfalfaRep2vsXJDY1_shared_338076
alfalfaRep2vsXJDY1_shared_338528,alfalfaRep2vsXJDY1_shared_338528
alfalfaRep2vsXJDY1_shared_338595,alfalfaRep2vsXJDY1_shared_338595
alfalfaRep2vsXJDY1_shared_339500,alfalfaRep2vsXJDY1_shared_339500
alfalfaRep2vsXJDY1_shared_340211,alfalfaRep2vsXJDY1_shared_340211
alfalfaRep2vsXJDY1_shared_34078,alfalfaRep2vsXJDY1_shared_34078
alfalfaRep2vsXJDY1_shared_341256,alfalfaRep2vsXJDY1_shared_341256
alfalfaRep2vsXJDY1_shared_343027,alfalfaRep2vsXJDY1_shared_343027
alfalfaRep2vsXJDY1_shared_344167,alfalfaRep2vsXJDY1_shared_344167
alfalfaRep2vsXJDY1_shared_3444,alfalfaRep2vsXJDY1_shared_3444
alfalfaRep2vsXJDY1_shared_344963,alfalfaRep2vsXJDY1_shared_344963
alfalfaRep2vsXJDY1_shared_345545,alfalfaRep2vsXJDY1_shared_345545
alfalfaRep2vsXJDY1_shared_346645,alfalfaRep2vsXJDY1_shared_346645
alfalfaRep2vsXJDY1_shared_347931,alfalfaRep2vsXJDY1_shared_347931
alfalfaRep2vsXJDY1_shared_348204,alfalfaRep2vsXJDY1_shared_348204
alfalfaRep2vsXJDY1_shared_349224,alfalfaRep2vsXJDY1_shared_349224
alfalfaRep2vsXJDY1_shared_350440,alfalfaRep2vsXJDY1_shared_350440
alfalfaRep2vsXJDY1_shared_352321,alfalfaRep2vsXJDY1_shared_352321
alfalfaRep2vsXJDY1_shared_35245,alfalfaRep2vsXJDY1_shared_35245
alfalfaRep2vsXJDY1_shared_353160,alfalfaRep2vsXJDY1_shared_353160
alfalfaRep2vsXJDY1_shared_354412,alfalfaRep2vsXJDY1_shared_354412
alfalfaRep2vsXJDY1_shared_355186,alfalfaRep2vsXJDY1_shared_355186
alfalfaRep2vsXJDY1_shared_355655,alfalfaRep2vsXJDY1_shared_355655
alfalfaRep2vsXJDY1_shared_356494,alfalfaRep2vsXJDY1_shared_356494
alfalfaRep2vsXJDY1_shared_358539,alfalfaRep2vsXJDY1_shared_358539
alfalfaRep2vsXJDY1_shared_359509,alfalfaRep2vsXJDY1_shared_359509
alfalfaRep2vsXJDY1_shared_359853,alfalfaRep2vsXJDY1_shared_359853
alfalfaRep2vsXJDY1_shared_361151,alfalfaRep2vsXJDY1_shared_361151
alfalfaRep2vsXJDY1_shared_362182,alfalfaRep2vsXJDY1_shared_362182
alfalfaRep2vsXJDY1_shared_363031,alfalfaRep2vsXJDY1_shared_363031
alfalfaRep2vsXJDY1_shared_36330,alfalfaRep2vsXJDY1_shared_36330
alfalfaRep2vsXJDY1_shared_363760,alfalfaRep2vsXJDY1_shared_363760
alfalfaRep2vsXJDY1_shared_364452,alfalfaRep2vsXJDY1_shared_364452
alfalfaRep2vsXJDY1_shared_365028,alfalfaRep2vsXJDY1_shared_365028
alfalfaRep2vsXJDY1_shared_367046,alfalfaRep2vsXJDY1_shared_367046
alfalfaRep2vsXJDY1_shared_367438,alfalfaRep2vsXJDY1_shared_367438
alfalfaRep2vsXJDY1_shared_368222,alfalfaRep2vsXJDY1_shared_368222
alfalfaRep2vsXJDY1_shared_368950,alfalfaRep2vsXJDY1_shared_368950
alfalfaRep2vsXJDY1_shared_369962,alfalfaRep2vsXJDY1_shared_369962
alfalfaRep2vsXJDY1_shared_370070,alfalfaRep2vsXJDY1_shared_370070
alfalfaRep2vsXJDY1_shared_373194,alfalfaRep2vsXJDY1_shared_373194
alfalfaRep2vsXJDY1_shared_373546,alfalfaRep2vsXJDY1_shared_373546
alfalfaRep2vsXJDY1_shared_373856,alfalfaRep2vsXJDY1_shared_373856
alfalfaRep2vsXJDY1_shared_373892,alfalfaRep2vsXJDY1_shared_373892
alfalfaRep2vsXJDY1_shared_374223,alfalfaRep2vsXJDY1_shared_374223
alfalfaRep2vsXJDY1_shared_374498,alfalfaRep2vsXJDY1_shared_374498
alfalfaRep2vsXJDY1_shared_375575,alfalfaRep2vsXJDY1_shared_375575
alfalfaRep2vsXJDY1_shared_376796,alfalfaRep2vsXJDY1_shared_376796
alfalfaRep2vsXJDY1_shared_378026,alfalfaRep2vsXJDY1_shared_378026
alfalfaRep2vsXJDY1_shared_378485,alfalfaRep2vsXJDY1_shared_378485
alfalfaRep2vsXJDY1_shared_378856,alfalfaRep2vsXJDY1_shared_378856
alfalfaRep2vsXJDY1_shared_378992,alfalfaRep2vsXJDY1_shared_378992
alfalfaRep2vsXJDY1_shared_37935,alfalfaRep2vsXJDY1_shared_37935
alfalfaRep2vsXJDY1_shared_380221,alfalfaRep2vsXJDY1_shared_380221
alfalfaRep2vsXJDY1_shared_380564,alfalfaRep2vsXJDY1_shared_380564
alfalfaRep2vsXJDY1_shared_380791,alfalfaRep2vsXJDY1_shared_380791
alfalfaRep2vsXJDY1_shared_381312,alfalfaRep2vsXJDY1_shared_381312
alfalfaRep2vsXJDY1_shared_382282,alfalfaRep2vsXJDY1_shared_382282
alfalfaRep2vsXJDY1_shared_383017,alfalfaRep2vsXJDY1_shared_383017
alfalfaRep2vsXJDY1_shared_384658,alfalfaRep2vsXJDY1_shared_384658
alfalfaRep2vsXJDY1_shared_385929,alfalfaRep2vsXJDY1_shared_385929
alfalfaRep2vsXJDY1_shared_386893,alfalfaRep2vsXJDY1_shared_386893
alfalfaRep2vsXJDY1_shared_388083,alfalfaRep2vsXJDY1_shared_388083
alfalfaRep2vsXJDY1_shared_389372,alfalfaRep2vsXJDY1_shared_389372
alfalfaRep2vsXJDY1_shared_39039,alfalfaRep2vsXJDY1_shared_39039
alfalfaRep2vsXJDY1_shared_390417,alfalfaRep2vsXJDY1_shared_390417
alfalfaRep2vsXJDY1_shared_391380,alfalfaRep2vsXJDY1_shared_391380
alfalfaRep2vsXJDY1_shared_392097,alfalfaRep2vsXJDY1_shared_392097
alfalfaRep2vsXJDY1_shared_392956,alfalfaRep2vsXJDY1_shared_392956
alfalfaRep2vsXJDY1_shared_393173,alfalfaRep2vsXJDY1_shared_393173
alfalfaRep2vsXJDY1_shared_394472,alfalfaRep2vsXJDY1_shared_394472
alfalfaRep2vsXJDY1_shared_39539,alfalfaRep2vsXJDY1_shared_39539
alfalfaRep2vsXJDY1_shared_395777,alfalfaRep2vsXJDY1_shared_395777
alfalfaRep2vsXJDY1_shared_3958,alfalfaRep2vsXJDY1_shared_3958
alfalfaRep2vsXJDY1_shared_396439,alfalfaRep2vsXJDY1_shared_396439
alfalfaRep2vsXJDY1_shared_397730,alfalfaRep2vsXJDY1_shared_397730
alfalfaRep2vsXJDY1_shared_399670,alfalfaRep2vsXJDY1_shared_399670
alfalfaRep2vsXJDY1_shared_400134,alfalfaRep2vsXJDY1_shared_400134
alfalfaRep2vsXJDY1_shared_401588,alfalfaRep2vsXJDY1_shared_401588
alfalfaRep2vsXJDY1_shared_401922,alfalfaRep2vsXJDY1_shared_401922
alfalfaRep2vsXJDY1_shared_402994,alfalfaRep2vsXJDY1_shared_402994
alfalfaRep2vsXJDY1_shared_403429,alfalfaRep2vsXJDY1_shared_403429
alfalfaRep2vsXJDY1_shared_403699,alfalfaRep2vsXJDY1_shared_403699
alfalfaRep2vsXJDY1_shared_403811,alfalfaRep2vsXJDY1_shared_403811
alfalfaRep2vsXJDY1_shared_404342,alfalfaRep2vsXJDY1_shared_404342
alfalfaRep2vsXJDY1_shared_404672,alfalfaRep2vsXJDY1_shared_404672
alfalfaRep2vsXJDY1_shared_405378,alfalfaRep2vsXJDY1_shared_405378
alfalfaRep2vsXJDY1_shared_405703,alfalfaRep2vsXJDY1_shared_405703
alfalfaRep2vsXJDY1_shared_406862,alfalfaRep2vsXJDY1_shared_406862
alfalfaRep2vsXJDY1_shared_406995,alfalfaRep2vsXJDY1_shared_406995
alfalfaRep2vsXJDY1_shared_407671,alfalfaRep2vsXJDY1_shared_407671
alfalfaRep2vsXJDY1_shared_407950,alfalfaRep2vsXJDY1_shared_407950
alfalfaRep2vsXJDY1_shared_408234,alfalfaRep2vsXJDY1_shared_408234
alfalfaRep2vsXJDY1_shared_409025,alfalfaRep2vsXJDY1_shared_409025
alfalfaRep2vsXJDY1_shared_410374,alfalfaRep2vsXJDY1_shared_410374
alfalfaRep2vsXJDY1_shared_411023,alfalfaRep2vsXJDY1_shared_411023
alfalfaRep2vsXJDY1_shared_412934,alfalfaRep2vsXJDY1_shared_412934
alfalfaRep2vsXJDY1_shared_414759,alfalfaRep2vsXJDY1_shared_414759
alfalfaRep2vsXJDY1_shared_415083,alfalfaRep2vsXJDY1_shared_415083
alfalfaRep2vsXJDY1_shared_416931,alfalfaRep2vsXJDY1_shared_416931
alfalfaRep2vsXJDY1_shared_417236,alfalfaRep2vsXJDY1_shared_417236
alfalfaRep2vsXJDY1_shared_41820,alfalfaRep2vsXJDY1_shared_41820
alfalfaRep2vsXJDY1_shared_418539,alfalfaRep2vsXJDY1_shared_418539
alfalfaRep2vsXJDY1_shared_418755,alfalfaRep2vsXJDY1_shared_418755
alfalfaRep2vsXJDY1_shared_419545,alfalfaRep2vsXJDY1_shared_419545
alfalfaRep2vsXJDY1_shared_420067,alfalfaRep2vsXJDY1_shared_420067
alfalfaRep2vsXJDY1_shared_420836,alfalfaRep2vsXJDY1_shared_420836
alfalfaRep2vsXJDY1_shared_420852,alfalfaRep2vsXJDY1_shared_420852
alfalfaRep2vsXJDY1_shared_420903,alfalfaRep2vsXJDY1_shared_420903
alfalfaRep2vsXJDY1_shared_421749,alfalfaRep2vsXJDY1_shared_421749
alfalfaRep2vsXJDY1_shared_42209,alfalfaRep2vsXJDY1_shared_42209
alfalfaRep2vsXJDY1_shared_422524,alfalfaRep2vsXJDY1_shared_422524
alfalfaRep2vsXJDY1_shared_423222,alfalfaRep2vsXJDY1_shared_423222
alfalfaRep2vsXJDY1_shared_423976,alfalfaRep2vsXJDY1_shared_423976
alfalfaRep2vsXJDY1_shared_42431,alfalfaRep2vsXJDY1_shared_42431
alfalfaRep2vsXJDY1_shared_424599,alfalfaRep2vsXJDY1_shared_424599
alfalfaRep2vsXJDY1_shared_424785,alfalfaRep2vsXJDY1_shared_424785
alfalfaRep2vsXJDY1_shared_424897,alfalfaRep2vsXJDY1_shared_424897
alfalfaRep2vsXJDY1_shared_424988,alfalfaRep2vsXJDY1_shared_424988
alfalfaRep2vsXJDY1_shared_425211,alfalfaRep2vsXJDY1_shared_425211
alfalfaRep2vsXJDY1_shared_425961,alfalfaRep2vsXJDY1_shared_425961
alfalfaRep2vsXJDY1_shared_427079,alfalfaRep2vsXJDY1_shared_427079
alfalfaRep2vsXJDY1_shared_427673,alfalfaRep2vsXJDY1_shared_427673
alfalfaRep2vsXJDY1_shared_427786,alfalfaRep2vsXJDY1_shared_427786
alfalfaRep2vsXJDY1_shared_428768,alfalfaRep2vsXJDY1_shared_428768
alfalfaRep2vsXJDY1_shared_428965,alfalfaRep2vsXJDY1_shared_428965
alfalfaRep2vsXJDY1_shared_429225,alfalfaRep2vsXJDY1_shared_429225
alfalfaRep2vsXJDY1_shared_429720,alfalfaRep2vsXJDY1_shared_429720
alfalfaRep2vsXJDY1_shared_430394,alfalfaRep2vsXJDY1_shared_430394
alfalfaRep2vsXJDY1_shared_430646,alfalfaRep2vsXJDY1_shared_430646
alfalfaRep2vsXJDY1_shared_431132,alfalfaRep2vsXJDY1_shared_431132
alfalfaRep2vsXJDY1_shared_432716,alfalfaRep2vsXJDY1_shared_432716
alfalfaRep2vsXJDY1_shared_433899,alfalfaRep2vsXJDY1_shared_433899
alfalfaRep2vsXJDY1_shared_435578,alfalfaRep2vsXJDY1_shared_435578
alfalfaRep2vsXJDY1_shared_4363,alfalfaRep2vsXJDY1_shared_4363
alfalfaRep2vsXJDY1_shared_436783,alfalfaRep2vsXJDY1_shared_436783
alfalfaRep2vsXJDY1_shared_437176,alfalfaRep2vsXJDY1_shared_437176
alfalfaRep2vsXJDY1_shared_438766,alfalfaRep2vsXJDY1_shared_438766
alfalfaRep2vsXJDY1_shared_439278,alfalfaRep2vsXJDY1_shared_439278
alfalfaRep2vsXJDY1_shared_439718,alfalfaRep2vsXJDY1_shared_439718
alfalfaRep2vsXJDY1_shared_439921,alfalfaRep2vsXJDY1_shared_439921
alfalfaRep2vsXJDY1_shared_441139,alfalfaRep2vsXJDY1_shared_441139
alfalfaRep2vsXJDY1_shared_44134,alfalfaRep2vsXJDY1_shared_44134
alfalfaRep2vsXJDY1_shared_441472,alfalfaRep2vsXJDY1_shared_441472
alfalfaRep2vsXJDY1_shared_441933,alfalfaRep2vsXJDY1_shared_441933
alfalfaRep2vsXJDY1_shared_442387,alfalfaRep2vsXJDY1_shared_442387
alfalfaRep2vsXJDY1_shared_443018,alfalfaRep2vsXJDY1_shared_443018
alfalfaRep2vsXJDY1_shared_445180,alfalfaRep2vsXJDY1_shared_445180
alfalfaRep2vsXJDY1_shared_445838,alfalfaRep2vsXJDY1_shared_445838
alfalfaRep2vsXJDY1_shared_447235,alfalfaRep2vsXJDY1_shared_447235
alfalfaRep2vsXJDY1_shared_448268,alfalfaRep2vsXJDY1_shared_448268
alfalfaRep2vsXJDY1_shared_44884,alfalfaRep2vsXJDY1_shared_44884
alfalfaRep2vsXJDY1_shared_449394,alfalfaRep2vsXJDY1_shared_449394
alfalfaRep2vsXJDY1_shared_450111,alfalfaRep2vsXJDY1_shared_450111
alfalfaRep2vsXJDY1_shared_450621,alfalfaRep2vsXJDY1_shared_450621
alfalfaRep2vsXJDY1_shared_451293,alfalfaRep2vsXJDY1_shared_451293
alfalfaRep2vsXJDY1_shared_452321,alfalfaRep2vsXJDY1_shared_452321
alfalfaRep2vsXJDY1_shared_452984,alfalfaRep2vsXJDY1_shared_452984
alfalfaRep2vsXJDY1_shared_453608,alfalfaRep2vsXJDY1_shared_453608
alfalfaRep2vsXJDY1_shared_454354,alfalfaRep2vsXJDY1_shared_454354
alfalfaRep2vsXJDY1_shared_454602,alfalfaRep2vsXJDY1_shared_454602
alfalfaRep2vsXJDY1_shared_455463,alfalfaRep2vsXJDY1_shared_455463
alfalfaRep2vsXJDY1_shared_456285,alfalfaRep2vsXJDY1_shared_456285
alfalfaRep2vsXJDY1_shared_457684,alfalfaRep2vsXJDY1_shared_457684
alfalfaRep2vsXJDY1_shared_458044,alfalfaRep2vsXJDY1_shared_458044
alfalfaRep2vsXJDY1_shared_458178,alfalfaRep2vsXJDY1_shared_458178
alfalfaRep2vsXJDY1_shared_458658,alfalfaRep2vsXJDY1_shared_458658
alfalfaRep2vsXJDY1_shared_459722,alfalfaRep2vsXJDY1_shared_459722
alfalfaRep2vsXJDY1_shared_460397,alfalfaRep2vsXJDY1_shared_460397
alfalfaRep2vsXJDY1_shared_461773,alfalfaRep2vsXJDY1_shared_461773
alfalfaRep2vsXJDY1_shared_462545,alfalfaRep2vsXJDY1_shared_462545
alfalfaRep2vsXJDY1_shared_463101,alfalfaRep2vsXJDY1_shared_463101
alfalfaRep2vsXJDY1_shared_463642,alfalfaRep2vsXJDY1_shared_463642
alfalfaRep2vsXJDY1_shared_46501,alfalfaRep2vsXJDY1_shared_46501
alfalfaRep2vsXJDY1_shared_466104,alfalfaRep2vsXJDY1_shared_466104
alfalfaRep2vsXJDY1_shared_466515,alfalfaRep2vsXJDY1_shared_466515
alfalfaRep2vsXJDY1_shared_467447,alfalfaRep2vsXJDY1_shared_467447
alfalfaRep2vsXJDY1_shared_468699,alfalfaRep2vsXJDY1_shared_468699
alfalfaRep2vsXJDY1_shared_468977,alfalfaRep2vsXJDY1_shared_468977
alfalfaRep2vsXJDY1_shared_469644,alfalfaRep2vsXJDY1_shared_469644
alfalfaRep2vsXJDY1_shared_470270,alfalfaRep2vsXJDY1_shared_470270
alfalfaRep2vsXJDY1_shared_470534,alfalfaRep2vsXJDY1_shared_470534
alfalfaRep2vsXJDY1_shared_471611,alfalfaRep2vsXJDY1_shared_471611
alfalfaRep2vsXJDY1_shared_47177,alfalfaRep2vsXJDY1_shared_47177
alfalfaRep2vsXJDY1_shared_472598,alfalfaRep2vsXJDY1_shared_472598
alfalfaRep2vsXJDY1_shared_473431,alfalfaRep2vsXJDY1_shared_473431
alfalfaRep2vsXJDY1_shared_474195,alfalfaRep2vsXJDY1_shared_474195
alfalfaRep2vsXJDY1_shared_475033,alfalfaRep2vsXJDY1_shared_475033
alfalfaRep2vsXJDY1_shared_475409,alfalfaRep2vsXJDY1_shared_475409
alfalfaRep2vsXJDY1_shared_475993,alfalfaRep2vsXJDY1_shared_475993
alfalfaRep2vsXJDY1_shared_476510,alfalfaRep2vsXJDY1_shared_476510
alfalfaRep2vsXJDY1_shared_477355,alfalfaRep2vsXJDY1_shared_477355
alfalfaRep2vsXJDY1_shared_478035,alfalfaRep2vsXJDY1_shared_478035
alfalfaRep2vsXJDY1_shared_47806,alfalfaRep2vsXJDY1_shared_47806
alfalfaRep2vsXJDY1_shared_478402,alfalfaRep2vsXJDY1_shared_478402
alfalfaRep2vsXJDY1_shared_480370,alfalfaRep2vsXJDY1_shared_480370
alfalfaRep2vsXJDY1_shared_480728,alfalfaRep2vsXJDY1_shared_480728
alfalfaRep2vsXJDY1_shared_481012,alfalfaRep2vsXJDY1_shared_481012
alfalfaRep2vsXJDY1_shared_481966,alfalfaRep2vsXJDY1_shared_481966
alfalfaRep2vsXJDY1_shared_483536,alfalfaRep2vsXJDY1_shared_483536
alfalfaRep2vsXJDY1_shared_484361,alfalfaRep2vsXJDY1_shared_484361
alfalfaRep2vsXJDY1_shared_484995,alfalfaRep2vsXJDY1_shared_484995
alfalfaRep2vsXJDY1_shared_48504,alfalfaRep2vsXJDY1_shared_48504
alfalfaRep2vsXJDY1_shared_485666,alfalfaRep2vsXJDY1_shared_485666
alfalfaRep2vsXJDY1_shared_486032,alfalfaRep2vsXJDY1_shared_486032
alfalfaRep2vsXJDY1_shared_4866,alfalfaRep2vsXJDY1_shared_4866
alfalfaRep2vsXJDY1_shared_487086,alfalfaRep2vsXJDY1_shared_487086
alfalfaRep2vsXJDY1_shared_487593,alfalfaRep2vsXJDY1_shared_487593
alfalfaRep2vsXJDY1_shared_488093,alfalfaRep2vsXJDY1_shared_488093
alfalfaRep2vsXJDY1_shared_488952,alfalfaRep2vsXJDY1_shared_488952
alfalfaRep2vsXJDY1_shared_489251,alfalfaRep2vsXJDY1_shared_489251
alfalfaRep2vsXJDY1_shared_489351,alfalfaRep2vsXJDY1_shared_489351
alfalfaRep2vsXJDY1_shared_490090,alfalfaRep2vsXJDY1_shared_490090
alfalfaRep2vsXJDY1_shared_490722,alfalfaRep2vsXJDY1_shared_490722
alfalfaRep2vsXJDY1_shared_49123,alfalfaRep2vsXJDY1_shared_49123
alfalfaRep2vsXJDY1_shared_491290,alfalfaRep2vsXJDY1_shared_491290
alfalfaRep2vsXJDY1_shared_491513,alfalfaRep2vsXJDY1_shared_491513
alfalfaRep2vsXJDY1_shared_492900,alfalfaRep2vsXJDY1_shared_492900
alfalfaRep2vsXJDY1_shared_494280,alfalfaRep2vsXJDY1_shared_494280
alfalfaRep2vsXJDY1_shared_494389,alfalfaRep2vsXJDY1_shared_494389
alfalfaRep2vsXJDY1_shared_494582,alfalfaRep2vsXJDY1_shared_494582
alfalfaRep2vsXJDY1_shared_495147,alfalfaRep2vsXJDY1_shared_495147
alfalfaRep2vsXJDY1_shared_495742,alfalfaRep2vsXJDY1_shared_495742
alfalfaRep2vsXJDY1_shared_496562,alfalfaRep2vsXJDY1_shared_496562
alfalfaRep2vsXJDY1_shared_496717,alfalfaRep2vsXJDY1_shared_496717
alfalfaRep2vsXJDY1_shared_49740,alfalfaRep2vsXJDY1_shared_49740
alfalfaRep2vsXJDY1_shared_498657,alfalfaRep2vsXJDY1_shared_498657
alfalfaRep2vsXJDY1_shared_500738,alfalfaRep2vsXJDY1_shared_500738
alfalfaRep2vsXJDY1_shared_500968,alfalfaRep2vsXJDY1_shared_500968
alfalfaRep2vsXJDY1_shared_501680,alfalfaRep2vsXJDY1_shared_501680
alfalfaRep2vsXJDY1_shared_503083,alfalfaRep2vsXJDY1_shared_503083
alfalfaRep2vsXJDY1_shared_503692,alfalfaRep2vsXJDY1_shared_503692
alfalfaRep2vsXJDY1_shared_504648,alfalfaRep2vsXJDY1_shared_504648
alfalfaRep2vsXJDY1_shared_505309,alfalfaRep2vsXJDY1_shared_505309
alfalfaRep2vsXJDY1_shared_505469,alfalfaRep2vsXJDY1_shared_505469
alfalfaRep2vsXJDY1_shared_506201,alfalfaRep2vsXJDY1_shared_506201
alfalfaRep2vsXJDY1_shared_506657,alfalfaRep2vsXJDY1_shared_506657
alfalfaRep2vsXJDY1_shared_507350,alfalfaRep2vsXJDY1_shared_507350
alfalfaRep2vsXJDY1_shared_507534,alfalfaRep2vsXJDY1_shared_507534
alfalfaRep2vsXJDY1_shared_508523,alfalfaRep2vsXJDY1_shared_508523
alfalfaRep2vsXJDY1_shared_508703,alfalfaRep2vsXJDY1_shared_508703
alfalfaRep2vsXJDY1_shared_509315,alfalfaRep2vsXJDY1_shared_509315
alfalfaRep2vsXJDY1_shared_50943,alfalfaRep2vsXJDY1_shared_50943
alfalfaRep2vsXJDY1_shared_510703,alfalfaRep2vsXJDY1_shared_510703
alfalfaRep2vsXJDY1_shared_511098,alfalfaRep2vsXJDY1_shared_511098
alfalfaRep2vsXJDY1_shared_512598,alfalfaRep2vsXJDY1_shared_512598
alfalfaRep2vsXJDY1_shared_513134,alfalfaRep2vsXJDY1_shared_513134
alfalfaRep2vsXJDY1_shared_514421,alfalfaRep2vsXJDY1_shared_514421
alfalfaRep2vsXJDY1_shared_515382,alfalfaRep2vsXJDY1_shared_515382
alfalfaRep2vsXJDY1_shared_516578,alfalfaRep2vsXJDY1_shared_516578
alfalfaRep2vsXJDY1_shared_517378,alfalfaRep2vsXJDY1_shared_517378
alfalfaRep2vsXJDY1_shared_517669,alfalfaRep2vsXJDY1_shared_517669
alfalfaRep2vsXJDY1_shared_518088,alfalfaRep2vsXJDY1_shared_518088
alfalfaRep2vsXJDY1_shared_51987,alfalfaRep2vsXJDY1_shared_51987
alfalfaRep2vsXJDY1_shared_520194,alfalfaRep2vsXJDY1_shared_520194
alfalfaRep2vsXJDY1_shared_521219,alfalfaRep2vsXJDY1_shared_521219
alfalfaRep2vsXJDY1_shared_522503,alfalfaRep2vsXJDY1_shared_522503
alfalfaRep2vsXJDY1_shared_523139,alfalfaRep2vsXJDY1_shared_523139
alfalfaRep2vsXJDY1_shared_524003,alfalfaRep2vsXJDY1_shared_524003
alfalfaRep2vsXJDY1_shared_524939,alfalfaRep2vsXJDY1_shared_524939
alfalfaRep2vsXJDY1_shared_52672,alfalfaRep2vsXJDY1_shared_52672
alfalfaRep2vsXJDY1_shared_527189,alfalfaRep2vsXJDY1_shared_527189
alfalfaRep2vsXJDY1_shared_52809,alfalfaRep2vsXJDY1_shared_52809
alfalfaRep2vsXJDY1_shared_528947,alfalfaRep2vsXJDY1_shared_528947
alfalfaRep2vsXJDY1_shared_52976,alfalfaRep2vsXJDY1_shared_52976
alfalfaRep2vsXJDY1_shared_530987,alfalfaRep2vsXJDY1_shared_530987
alfalfaRep2vsXJDY1_shared_532066,alfalfaRep2vsXJDY1_shared_532066
alfalfaRep2vsXJDY1_shared_53324,alfalfaRep2vsXJDY1_shared_53324
alfalfaRep2vsXJDY1_shared_534487,alfalfaRep2vsXJDY1_shared_534487
alfalfaRep2vsXJDY1_shared_535270,alfalfaRep2vsXJDY1_shared_535270
alfalfaRep2vsXJDY1_shared_535533,alfalfaRep2vsXJDY1_shared_535533
alfalfaRep2vsXJDY1_shared_536931,alfalfaRep2vsXJDY1_shared_536931
alfalfaRep2vsXJDY1_shared_538033,alfalfaRep2vsXJDY1_shared_538033
alfalfaRep2vsXJDY1_shared_539257,alfalfaRep2vsXJDY1_shared_539257
alfalfaRep2vsXJDY1_shared_539544,alfalfaRep2vsXJDY1_shared_539544
alfalfaRep2vsXJDY1_shared_540089,alfalfaRep2vsXJDY1_shared_540089
alfalfaRep2vsXJDY1_shared_541603,alfalfaRep2vsXJDY1_shared_541603
alfalfaRep2vsXJDY1_shared_542034,alfalfaRep2vsXJDY1_shared_542034
alfalfaRep2vsXJDY1_shared_54286,alfalfaRep2vsXJDY1_shared_54286
alfalfaRep2vsXJDY1_shared_543098,alfalfaRep2vsXJDY1_shared_543098
alfalfaRep2vsXJDY1_shared_543360,alfalfaRep2vsXJDY1_shared_543360
alfalfaRep2vsXJDY1_shared_544755,alfalfaRep2vsXJDY1_shared_544755
alfalfaRep2vsXJDY1_shared_545180,alfalfaRep2vsXJDY1_shared_545180
alfalfaRep2vsXJDY1_shared_54519,alfalfaRep2vsXJDY1_shared_54519
alfalfaRep2vsXJDY1_shared_545626,alfalfaRep2vsXJDY1_shared_545626
alfalfaRep2vsXJDY1_shared_546895,alfalfaRep2vsXJDY1_shared_546895
alfalfaRep2vsXJDY1_shared_548329,alfalfaRep2vsXJDY1_shared_548329
alfalfaRep2vsXJDY1_shared_548617,alfalfaRep2vsXJDY1_shared_548617
alfalfaRep2vsXJDY1_shared_550394,alfalfaRep2vsXJDY1_shared_550394
alfalfaRep2vsXJDY1_shared_550762,alfalfaRep2vsXJDY1_shared_550762
alfalfaRep2vsXJDY1_shared_551122,alfalfaRep2vsXJDY1_shared_551122
alfalfaRep2vsXJDY1_shared_552055,alfalfaRep2vsXJDY1_shared_552055
alfalfaRep2vsXJDY1_shared_553783,alfalfaRep2vsXJDY1_shared_553783
alfalfaRep2vsXJDY1_shared_556315,alfalfaRep2vsXJDY1_shared_556315
alfalfaRep2vsXJDY1_shared_556667,alfalfaRep2vsXJDY1_shared_556667
alfalfaRep2vsXJDY1_shared_557195,alfalfaRep2vsXJDY1_shared_557195
alfalfaRep2vsXJDY1_shared_557785,alfalfaRep2vsXJDY1_shared_557785
alfalfaRep2vsXJDY1_shared_559190,alfalfaRep2vsXJDY1_shared_559190
alfalfaRep2vsXJDY1_shared_559675,alfalfaRep2vsXJDY1_shared_559675
alfalfaRep2vsXJDY1_shared_561019,alfalfaRep2vsXJDY1_shared_561019
alfalfaRep2vsXJDY1_shared_561373,alfalfaRep2vsXJDY1_shared_561373
alfalfaRep2vsXJDY1_shared_562548,alfalfaRep2vsXJDY1_shared_562548
alfalfaRep2vsXJDY1_shared_562992,alfalfaRep2vsXJDY1_shared_562992
alfalfaRep2vsXJDY1_shared_56316,alfalfaRep2vsXJDY1_shared_56316
alfalfaRep2vsXJDY1_shared_564198,alfalfaRep2vsXJDY1_shared_564198
alfalfaRep2vsXJDY1_shared_567277,alfalfaRep2vsXJDY1_shared_567277
alfalfaRep2vsXJDY1_shared_56732,alfalfaRep2vsXJDY1_shared_56732
alfalfaRep2vsXJDY1_shared_567904,alfalfaRep2vsXJDY1_shared_567904
alfalfaRep2vsXJDY1_shared_568598,alfalfaRep2vsXJDY1_shared_568598
alfalfaRep2vsXJDY1_shared_569590,alfalfaRep2vsXJDY1_shared_569590
alfalfaRep2vsXJDY1_shared_570754,alfalfaRep2vsXJDY1_shared_570754
alfalfaRep2vsXJDY1_shared_573063,alfalfaRep2vsXJDY1_shared_573063
alfalfaRep2vsXJDY1_shared_573291,alfalfaRep2vsXJDY1_shared_573291
alfalfaRep2vsXJDY1_shared_574950,alfalfaRep2vsXJDY1_shared_574950
alfalfaRep2vsXJDY1_shared_576245,alfalfaRep2vsXJDY1_shared_576245
alfalfaRep2vsXJDY1_shared_576815,alfalfaRep2vsXJDY1_shared_576815
alfalfaRep2vsXJDY1_shared_577745,alfalfaRep2vsXJDY1_shared_577745
alfalfaRep2vsXJDY1_shared_578657,alfalfaRep2vsXJDY1_shared_578657
alfalfaRep2vsXJDY1_shared_579765,alfalfaRep2vsXJDY1_shared_579765
alfalfaRep2vsXJDY1_shared_580623,alfalfaRep2vsXJDY1_shared_580623
alfalfaRep2vsXJDY1_shared_580687,alfalfaRep2vsXJDY1_shared_580687
alfalfaRep2vsXJDY1_shared_58072,alfalfaRep2vsXJDY1_shared_58072
alfalfaRep2vsXJDY1_shared_580870,alfalfaRep2vsXJDY1_shared_580870
alfalfaRep2vsXJDY1_shared_581266,alfalfaRep2vsXJDY1_shared_581266
alfalfaRep2vsXJDY1_shared_583014,alfalfaRep2vsXJDY1_shared_583014
alfalfaRep2vsXJDY1_shared_584308,alfalfaRep2vsXJDY1_shared_584308
alfalfaRep2vsXJDY1_shared_584474,alfalfaRep2vsXJDY1_shared_584474
alfalfaRep2vsXJDY1_shared_585092,alfalfaRep2vsXJDY1_shared_585092
alfalfaRep2vsXJDY1_shared_585725,alfalfaRep2vsXJDY1_shared_585725
alfalfaRep2vsXJDY1_shared_58608,alfalfaRep2vsXJDY1_shared_58608
alfalfaRep2vsXJDY1_shared_586158,alfalfaRep2vsXJDY1_shared_586158
alfalfaRep2vsXJDY1_shared_586602,alfalfaRep2vsXJDY1_shared_586602
alfalfaRep2vsXJDY1_shared_587376,alfalfaRep2vsXJDY1_shared_587376
alfalfaRep2vsXJDY1_shared_588070,alfalfaRep2vsXJDY1_shared_588070
alfalfaRep2vsXJDY1_shared_589696,alfalfaRep2vsXJDY1_shared_589696
alfalfaRep2vsXJDY1_shared_590242,alfalfaRep2vsXJDY1_shared_590242
alfalfaRep2vsXJDY1_shared_59244,alfalfaRep2vsXJDY1_shared_59244
alfalfaRep2vsXJDY1_shared_593731,alfalfaRep2vsXJDY1_shared_593731
alfalfaRep2vsXJDY1_shared_594519,alfalfaRep2vsXJDY1_shared_594519
alfalfaRep2vsXJDY1_shared_595121,alfalfaRep2vsXJDY1_shared_595121
alfalfaRep2vsXJDY1_shared_595941,alfalfaRep2vsXJDY1_shared_595941
alfalfaRep2vsXJDY1_shared_596692,alfalfaRep2vsXJDY1_shared_596692
alfalfaRep2vsXJDY1_shared_598256,alfalfaRep2vsXJDY1_shared_598256
alfalfaRep2vsXJDY1_shared_598720,alfalfaRep2vsXJDY1_shared_598720
alfalfaRep2vsXJDY1_shared_599958,alfalfaRep2vsXJDY1_shared_599958
alfalfaRep2vsXJDY1_shared_600847,alfalfaRep2vsXJDY1_shared_600847
alfalfaRep2vsXJDY1_shared_603908,alfalfaRep2vsXJDY1_shared_603908
alfalfaRep2vsXJDY1_shared_60394,alfalfaRep2vsXJDY1_shared_60394
alfalfaRep2vsXJDY1_shared_604308,alfalfaRep2vsXJDY1_shared_604308
alfalfaRep2vsXJDY1_shared_604948,alfalfaRep2vsXJDY1_shared_604948
alfalfaRep2vsXJDY1_shared_605846,alfalfaRep2vsXJDY1_shared_605846
alfalfaRep2vsXJDY1_shared_606255,alfalfaRep2vsXJDY1_shared_606255
alfalfaRep2vsXJDY1_shared_606435,alfalfaRep2vsXJDY1_shared_606435
alfalfaRep2vsXJDY1_shared_606740,alfalfaRep2vsXJDY1_shared_606740
alfalfaRep2vsXJDY1_shared_608437,alfalfaRep2vsXJDY1_shared_608437
alfalfaRep2vsXJDY1_shared_609128,alfalfaRep2vsXJDY1_shared_609128
alfalfaRep2vsXJDY1_shared_609683,alfalfaRep2vsXJDY1_shared_609683
alfalfaRep2vsXJDY1_shared_610044,alfalfaRep2vsXJDY1_shared_610044
alfalfaRep2vsXJDY1_shared_611306,alfalfaRep2vsXJDY1_shared_611306
alfalfaRep2vsXJDY1_shared_612283,alfalfaRep2vsXJDY1_shared_612283
alfalfaRep2vsXJDY1_shared_613270,alfalfaRep2vsXJDY1_shared_613270
alfalfaRep2vsXJDY1_shared_614917,alfalfaRep2vsXJDY1_shared_614917
alfalfaRep2vsXJDY1_shared_617218,alfalfaRep2vsXJDY1_shared_617218
alfalfaRep2vsXJDY1_shared_618285,alfalfaRep2vsXJDY1_shared_618285
alfalfaRep2vsXJDY1_shared_61941,alfalfaRep2vsXJDY1_shared_61941
alfalfaRep2vsXJDY1_shared_620142,alfalfaRep2vsXJDY1_shared_620142
alfalfaRep2vsXJDY1_shared_621140,alfalfaRep2vsXJDY1_shared_621140
alfalfaRep2vsXJDY1_shared_621847,alfalfaRep2vsXJDY1_shared_621847
alfalfaRep2vsXJDY1_shared_623367,alfalfaRep2vsXJDY1_shared_623367
alfalfaRep2vsXJDY1_shared_62409,alfalfaRep2vsXJDY1_shared_62409
alfalfaRep2vsXJDY1_shared_624476,alfalfaRep2vsXJDY1_shared_624476
alfalfaRep2vsXJDY1_shared_625794,alfalfaRep2vsXJDY1_shared_625794
alfalfaRep2vsXJDY1_shared_627416,alfalfaRep2vsXJDY1_shared_627416
alfalfaRep2vsXJDY1_shared_62805,alfalfaRep2vsXJDY1_shared_62805
alfalfaRep2vsXJDY1_shared_628504,alfalfaRep2vsXJDY1_shared_628504
alfalfaRep2vsXJDY1_shared_629222,alfalfaRep2vsXJDY1_shared_629222
alfalfaRep2vsXJDY1_shared_630835,alfalfaRep2vsXJDY1_shared_630835
alfalfaRep2vsXJDY1_shared_631281,alfalfaRep2vsXJDY1_shared_631281
alfalfaRep2vsXJDY1_shared_631778,alfalfaRep2vsXJDY1_shared_631778
alfalfaRep2vsXJDY1_shared_633059,alfalfaRep2vsXJDY1_shared_633059
alfalfaRep2vsXJDY1_shared_63356,alfalfaRep2vsXJDY1_shared_63356
alfalfaRep2vsXJDY1_shared_634347,alfalfaRep2vsXJDY1_shared_634347
alfalfaRep2vsXJDY1_shared_635553,alfalfaRep2vsXJDY1_shared_635553
alfalfaRep2vsXJDY1_shared_635993,alfalfaRep2vsXJDY1_shared_635993
alfalfaRep2vsXJDY1_shared_637893,alfalfaRep2vsXJDY1_shared_637893
alfalfaRep2vsXJDY1_shared_639118,alfalfaRep2vsXJDY1_shared_639118
alfalfaRep2vsXJDY1_shared_640506,alfalfaRep2vsXJDY1_shared_640506
alfalfaRep2vsXJDY1_shared_642030,alfalfaRep2vsXJDY1_shared_642030
alfalfaRep2vsXJDY1_shared_643059,alfalfaRep2vsXJDY1_shared_643059
alfalfaRep2vsXJDY1_shared_643805,alfalfaRep2vsXJDY1_shared_643805
alfalfaRep2vsXJDY1_shared_644914,alfalfaRep2vsXJDY1_shared_644914
alfalfaRep2vsXJDY1_shared_645134,alfalfaRep2vsXJDY1_shared_645134
alfalfaRep2vsXJDY1_shared_646399,alfalfaRep2vsXJDY1_shared_646399
alfalfaRep2vsXJDY1_shared_647787,alfalfaRep2vsXJDY1_shared_647787
alfalfaRep2vsXJDY1_shared_649061,alfalfaRep2vsXJDY1_shared_649061
alfalfaRep2vsXJDY1_shared_650511,alfalfaRep2vsXJDY1_shared_650511
alfalfaRep2vsXJDY1_shared_651571,alfalfaRep2vsXJDY1_shared_651571
alfalfaRep2vsXJDY1_shared_652597,alfalfaRep2vsXJDY1_shared_652597
alfalfaRep2vsXJDY1_shared_654071,alfalfaRep2vsXJDY1_shared_654071
alfalfaRep2vsXJDY1_shared_65437,alfalfaRep2vsXJDY1_shared_65437
alfalfaRep2vsXJDY1_shared_655242,alfalfaRep2vsXJDY1_shared_655242
alfalfaRep2vsXJDY1_shared_656046,alfalfaRep2vsXJDY1_shared_656046
alfalfaRep2vsXJDY1_shared_65635,alfalfaRep2vsXJDY1_shared_65635
alfalfaRep2vsXJDY1_shared_657581,alfalfaRep2vsXJDY1_shared_657581
alfalfaRep2vsXJDY1_shared_658236,alfalfaRep2vsXJDY1_shared_658236
alfalfaRep2vsXJDY1_shared_658923,alfalfaRep2vsXJDY1_shared_658923
alfalfaRep2vsXJDY1_shared_659970,alfalfaRep2vsXJDY1_shared_659970
alfalfaRep2vsXJDY1_shared_66042,alfalfaRep2vsXJDY1_shared_66042
alfalfaRep2vsXJDY1_shared_661047,alfalfaRep2vsXJDY1_shared_661047
alfalfaRep2vsXJDY1_shared_662061,alfalfaRep2vsXJDY1_shared_662061
alfalfaRep2vsXJDY1_shared_663399,alfalfaRep2vsXJDY1_shared_663399
alfalfaRep2vsXJDY1_shared_663620,alfalfaRep2vsXJDY1_shared_663620
alfalfaRep2vsXJDY1_shared_664112,alfalfaRep2vsXJDY1_shared_664112
alfalfaRep2vsXJDY1_shared_665096,alfalfaRep2vsXJDY1_shared_665096
alfalfaRep2vsXJDY1_shared_665286,alfalfaRep2vsXJDY1_shared_665286
alfalfaRep2vsXJDY1_shared_665847,alfalfaRep2vsXJDY1_shared_665847
alfalfaRep2vsXJDY1_shared_66613,alfalfaRep2vsXJDY1_shared_66613
alfalfaRep2vsXJDY1_shared_667535,alfalfaRep2vsXJDY1_shared_667535
alfalfaRep2vsXJDY1_shared_667956,alfalfaRep2vsXJDY1_shared_667956
alfalfaRep2vsXJDY1_shared_669249,alfalfaRep2vsXJDY1_shared_669249
alfalfaRep2vsXJDY1_shared_6700,alfalfaRep2vsXJDY1_shared_6700
alfalfaRep2vsXJDY1_shared_670668,alfalfaRep2vsXJDY1_shared_670668
alfalfaRep2vsXJDY1_shared_671210,alfalfaRep2vsXJDY1_shared_671210
alfalfaRep2vsXJDY1_shared_671538,alfalfaRep2vsXJDY1_shared_671538
alfalfaRep2vsXJDY1_shared_673615,alfalfaRep2vsXJDY1_shared_673615
alfalfaRep2vsXJDY1_shared_674096,alfalfaRep2vsXJDY1_shared_674096
alfalfaRep2vsXJDY1_shared_675511,alfalfaRep2vsXJDY1_shared_675511
alfalfaRep2vsXJDY1_shared_67684,alfalfaRep2vsXJDY1_shared_67684
alfalfaRep2vsXJDY1_shared_678085,alfalfaRep2vsXJDY1_shared_678085
alfalfaRep2vsXJDY1_shared_678257,alfalfaRep2vsXJDY1_shared_678257
alfalfaRep2vsXJDY1_shared_678720,alfalfaRep2vsXJDY1_shared_678720
alfalfaRep2vsXJDY1_shared_679993,alfalfaRep2vsXJDY1_shared_679993
alfalfaRep2vsXJDY1_shared_680164,alfalfaRep2vsXJDY1_shared_680164
alfalfaRep2vsXJDY1_shared_682190,alfalfaRep2vsXJDY1_shared_682190
alfalfaRep2vsXJDY1_shared_682923,alfalfaRep2vsXJDY1_shared_682923
alfalfaRep2vsXJDY1_shared_68307,alfalfaRep2vsXJDY1_shared_68307
alfalfaRep2vsXJDY1_shared_683621,alfalfaRep2vsXJDY1_shared_683621
alfalfaRep2vsXJDY1_shared_683982,alfalfaRep2vsXJDY1_shared_683982
alfalfaRep2vsXJDY1_shared_684574,alfalfaRep2vsXJDY1_shared_684574
alfalfaRep2vsXJDY1_shared_685711,alfalfaRep2vsXJDY1_shared_685711
alfalfaRep2vsXJDY1_shared_686061,alfalfaRep2vsXJDY1_shared_686061
alfalfaRep2vsXJDY1_shared_687547,alfalfaRep2vsXJDY1_shared_687547
alfalfaRep2vsXJDY1_shared_688379,alfalfaRep2vsXJDY1_shared_688379
alfalfaRep2vsXJDY1_shared_689559,alfalfaRep2vsXJDY1_shared_689559
alfalfaRep2vsXJDY1_shared_690004,alfalfaRep2vsXJDY1_shared_690004
alfalfaRep2vsXJDY1_shared_69121,alfalfaRep2vsXJDY1_shared_69121
alfalfaRep2vsXJDY1_shared_691266,alfalfaRep2vsXJDY1_shared_691266
alfalfaRep2vsXJDY1_shared_691391,alfalfaRep2vsXJDY1_shared_691391
alfalfaRep2vsXJDY1_shared_691607,alfalfaRep2vsXJDY1_shared_691607
alfalfaRep2vsXJDY1_shared_693245,alfalfaRep2vsXJDY1_shared_693245
alfalfaRep2vsXJDY1_shared_694513,alfalfaRep2vsXJDY1_shared_694513
alfalfaRep2vsXJDY1_shared_695548,alfalfaRep2vsXJDY1_shared_695548
alfalfaRep2vsXJDY1_shared_696167,alfalfaRep2vsXJDY1_shared_696167
alfalfaRep2vsXJDY1_shared_696605,alfalfaRep2vsXJDY1_shared_696605
alfalfaRep2vsXJDY1_shared_697142,alfalfaRep2vsXJDY1_shared_697142
alfalfaRep2vsXJDY1_shared_697943,alfalfaRep2vsXJDY1_shared_697943
alfalfaRep2vsXJDY1_shared_698250,alfalfaRep2vsXJDY1_shared_698250
alfalfaRep2vsXJDY1_shared_699669,alfalfaRep2vsXJDY1_shared_699669
alfalfaRep2vsXJDY1_shared_700143,alfalfaRep2vsXJDY1_shared_700143
alfalfaRep2vsXJDY1_shared_700560,alfalfaRep2vsXJDY1_shared_700560
alfalfaRep2vsXJDY1_shared_701292,alfalfaRep2vsXJDY1_shared_701292
alfalfaRep2vsXJDY1_shared_701618,alfalfaRep2vsXJDY1_shared_701618
alfalfaRep2vsXJDY1_shared_701904,alfalfaRep2vsXJDY1_shared_701904
alfalfaRep2vsXJDY1_shared_702725,alfalfaRep2vsXJDY1_shared_702725
alfalfaRep2vsXJDY1_shared_703603,alfalfaRep2vsXJDY1_shared_703603
alfalfaRep2vsXJDY1_shared_704703,alfalfaRep2vsXJDY1_shared_704703
alfalfaRep2vsXJDY1_shared_704941,alfalfaRep2vsXJDY1_shared_704941
alfalfaRep2vsXJDY1_shared_705787,alfalfaRep2vsXJDY1_shared_705787
alfalfaRep2vsXJDY1_shared_705905,alfalfaRep2vsXJDY1_shared_705905
alfalfaRep2vsXJDY1_shared_706663,alfalfaRep2vsXJDY1_shared_706663
alfalfaRep2vsXJDY1_shared_707265,alfalfaRep2vsXJDY1_shared_707265
alfalfaRep2vsXJDY1_shared_708426,alfalfaRep2vsXJDY1_shared_708426
alfalfaRep2vsXJDY1_shared_709600,alfalfaRep2vsXJDY1_shared_709600
alfalfaRep2vsXJDY1_shared_710284,alfalfaRep2vsXJDY1_shared_710284
alfalfaRep2vsXJDY1_shared_711302,alfalfaRep2vsXJDY1_shared_711302
alfalfaRep2vsXJDY1_shared_711400,alfalfaRep2vsXJDY1_shared_711400
alfalfaRep2vsXJDY1_shared_712164,alfalfaRep2vsXJDY1_shared_712164
alfalfaRep2vsXJDY1_shared_712449,alfalfaRep2vsXJDY1_shared_712449
alfalfaRep2vsXJDY1_shared_713081,alfalfaRep2vsXJDY1_shared_713081
alfalfaRep2vsXJDY1_shared_71508,alfalfaRep2vsXJDY1_shared_71508
alfalfaRep2vsXJDY1_shared_715240,alfalfaRep2vsXJDY1_shared_715240
alfalfaRep2vsXJDY1_shared_715458,alfalfaRep2vsXJDY1_shared_715458
alfalfaRep2vsXJDY1_shared_716626,alfalfaRep2vsXJDY1_shared_716626
alfalfaRep2vsXJDY1_shared_716778,alfalfaRep2vsXJDY1_shared_716778
alfalfaRep2vsXJDY1_shared_71725,alfalfaRep2vsXJDY1_shared_71725
alfalfaRep2vsXJDY1_shared_717870,alfalfaRep2vsXJDY1_shared_717870
alfalfaRep2vsXJDY1_shared_71815,alfalfaRep2vsXJDY1_shared_71815
alfalfaRep2vsXJDY1_shared_719088,alfalfaRep2vsXJDY1_shared_719088
alfalfaRep2vsXJDY1_shared_719763,alfalfaRep2vsXJDY1_shared_719763
alfalfaRep2vsXJDY1_shared_720287,alfalfaRep2vsXJDY1_shared_720287
alfalfaRep2vsXJDY1_shared_721282,alfalfaRep2vsXJDY1_shared_721282
alfalfaRep2vsXJDY1_shared_721835,alfalfaRep2vsXJDY1_shared_721835
alfalfaRep2vsXJDY1_shared_722893,alfalfaRep2vsXJDY1_shared_722893
alfalfaRep2vsXJDY1_shared_723506,alfalfaRep2vsXJDY1_shared_723506
alfalfaRep2vsXJDY1_shared_724833,alfalfaRep2vsXJDY1_shared_724833
alfalfaRep2vsXJDY1_shared_725046,alfalfaRep2vsXJDY1_shared_725046
alfalfaRep2vsXJDY1_shared_725575,alfalfaRep2vsXJDY1_shared_725575
alfalfaRep2vsXJDY1_shared_726794,alfalfaRep2vsXJDY1_shared_726794
alfalfaRep2vsXJDY1_shared_727338,alfalfaRep2vsXJDY1_shared_727338
alfalfaRep2vsXJDY1_shared_727574,alfalfaRep2vsXJDY1_shared_727574
alfalfaRep2vsXJDY1_shared_729036,alfalfaRep2vsXJDY1_shared_729036
alfalfaRep2vsXJDY1_shared_730162,alfalfaRep2vsXJDY1_shared_730162
alfalfaRep2vsXJDY1_shared_730576,alfalfaRep2vsXJDY1_shared_730576
alfalfaRep2vsXJDY1_shared_731510,alfalfaRep2vsXJDY1_shared_731510
alfalfaRep2vsXJDY1_shared_732944,alfalfaRep2vsXJDY1_shared_732944
alfalfaRep2vsXJDY1_shared_734018,alfalfaRep2vsXJDY1_shared_734018
alfalfaRep2vsXJDY1_shared_7341,alfalfaRep2vsXJDY1_shared_7341
alfalfaRep2vsXJDY1_shared_734537,alfalfaRep2vsXJDY1_shared_734537
alfalfaRep2vsXJDY1_shared_73513,alfalfaRep2vsXJDY1_shared_73513
alfalfaRep2vsXJDY1_shared_735986,alfalfaRep2vsXJDY1_shared_735986
alfalfaRep2vsXJDY1_shared_737080,alfalfaRep2vsXJDY1_shared_737080
alfalfaRep2vsXJDY1_shared_738216,alfalfaRep2vsXJDY1_shared_738216
alfalfaRep2vsXJDY1_shared_740005,alfalfaRep2vsXJDY1_shared_740005
alfalfaRep2vsXJDY1_shared_740917,alfalfaRep2vsXJDY1_shared_740917
alfalfaRep2vsXJDY1_shared_741344,alfalfaRep2vsXJDY1_shared_741344
alfalfaRep2vsXJDY1_shared_742106,alfalfaRep2vsXJDY1_shared_742106
alfalfaRep2vsXJDY1_shared_742399,alfalfaRep2vsXJDY1_shared_742399
alfalfaRep2vsXJDY1_shared_743037,alfalfaRep2vsXJDY1_shared_743037
alfalfaRep2vsXJDY1_shared_743856,alfalfaRep2vsXJDY1_shared_743856
alfalfaRep2vsXJDY1_shared_744006,alfalfaRep2vsXJDY1_shared_744006
alfalfaRep2vsXJDY1_shared_74405,alfalfaRep2vsXJDY1_shared_74405
alfalfaRep2vsXJDY1_shared_744965,alfalfaRep2vsXJDY1_shared_744965
alfalfaRep2vsXJDY1_shared_745207,alfalfaRep2vsXJDY1_shared_745207
alfalfaRep2vsXJDY1_shared_747308,alfalfaRep2vsXJDY1_shared_747308
alfalfaRep2vsXJDY1_shared_74761,alfalfaRep2vsXJDY1_shared_74761
alfalfaRep2vsXJDY1_shared_748763,alfalfaRep2vsXJDY1_shared_748763
alfalfaRep2vsXJDY1_shared_749374,alfalfaRep2vsXJDY1_shared_749374
alfalfaRep2vsXJDY1_shared_750296,alfalfaRep2vsXJDY1_shared_750296
alfalfaRep2vsXJDY1_shared_750781,alfalfaRep2vsXJDY1_shared_750781
alfalfaRep2vsXJDY1_shared_751363,alfalfaRep2vsXJDY1_shared_751363
alfalfaRep2vsXJDY1_shared_75149,alfalfaRep2vsXJDY1_shared_75149
alfalfaRep2vsXJDY1_shared_751599,alfalfaRep2vsXJDY1_shared_751599
alfalfaRep2vsXJDY1_shared_75503,alfalfaRep2vsXJDY1_shared_75503
alfalfaRep2vsXJDY1_shared_757271,alfalfaRep2vsXJDY1_shared_757271
alfalfaRep2vsXJDY1_shared_758640,alfalfaRep2vsXJDY1_shared_758640
alfalfaRep2vsXJDY1_shared_758852,alfalfaRep2vsXJDY1_shared_758852
alfalfaRep2vsXJDY1_shared_759137,alfalfaRep2vsXJDY1_shared_759137
alfalfaRep2vsXJDY1_shared_76075,alfalfaRep2vsXJDY1_shared_76075
alfalfaRep2vsXJDY1_shared_761671,alfalfaRep2vsXJDY1_shared_761671
alfalfaRep2vsXJDY1_shared_762189,alfalfaRep2vsXJDY1_shared_762189
alfalfaRep2vsXJDY1_shared_762325,alfalfaRep2vsXJDY1_shared_762325
alfalfaRep2vsXJDY1_shared_763010,alfalfaRep2vsXJDY1_shared_763010
alfalfaRep2vsXJDY1_shared_763173,alfalfaRep2vsXJDY1_shared_763173
alfalfaRep2vsXJDY1_shared_763451,alfalfaRep2vsXJDY1_shared_763451
alfalfaRep2vsXJDY1_shared_764206,alfalfaRep2vsXJDY1_shared_764206
alfalfaRep2vsXJDY1_shared_765304,alfalfaRep2vsXJDY1_shared_765304
alfalfaRep2vsXJDY1_shared_766008,alfalfaRep2vsXJDY1_shared_766008
alfalfaRep2vsXJDY1_shared_766639,alfalfaRep2vsXJDY1_shared_766639
alfalfaRep2vsXJDY1_shared_767477,alfalfaRep2vsXJDY1_shared_767477
alfalfaRep2vsXJDY1_shared_767863,alfalfaRep2vsXJDY1_shared_767863
alfalfaRep2vsXJDY1_shared_770786,alfalfaRep2vsXJDY1_shared_770786
alfalfaRep2vsXJDY1_shared_771336,alfalfaRep2vsXJDY1_shared_771336
alfalfaRep2vsXJDY1_shared_771643,alfalfaRep2vsXJDY1_shared_771643
alfalfaRep2vsXJDY1_shared_772211,alfalfaRep2vsXJDY1_shared_772211
alfalfaRep2vsXJDY1_shared_772637,alfalfaRep2vsXJDY1_shared_772637
alfalfaRep2vsXJDY1_shared_773251,alfalfaRep2vsXJDY1_shared_773251
alfalfaRep2vsXJDY1_shared_774414,alfalfaRep2vsXJDY1_shared_774414
alfalfaRep2vsXJDY1_shared_775775,alfalfaRep2vsXJDY1_shared_775775
alfalfaRep2vsXJDY1_shared_776680,alfalfaRep2vsXJDY1_shared_776680
alfalfaRep2vsXJDY1_shared_778132,alfalfaRep2vsXJDY1_shared_778132
alfalfaRep2vsXJDY1_shared_77901,alfalfaRep2vsXJDY1_shared_77901
alfalfaRep2vsXJDY1_shared_779514,alfalfaRep2vsXJDY1_shared_779514
alfalfaRep2vsXJDY1_shared_779911,alfalfaRep2vsXJDY1_shared_779911
alfalfaRep2vsXJDY1_shared_780271,alfalfaRep2vsXJDY1_shared_780271
alfalfaRep2vsXJDY1_shared_780759,alfalfaRep2vsXJDY1_shared_780759
alfalfaRep2vsXJDY1_shared_781112,alfalfaRep2vsXJDY1_shared_781112
alfalfaRep2vsXJDY1_shared_782541,alfalfaRep2vsXJDY1_shared_782541
alfalfaRep2vsXJDY1_shared_782711,alfalfaRep2vsXJDY1_shared_782711
alfalfaRep2vsXJDY1_shared_782857,alfalfaRep2vsXJDY1_shared_782857
alfalfaRep2vsXJDY1_shared_783399,alfalfaRep2vsXJDY1_shared_783399
alfalfaRep2vsXJDY1_shared_786991,alfalfaRep2vsXJDY1_shared_786991
alfalfaRep2vsXJDY1_shared_787357,alfalfaRep2vsXJDY1_shared_787357
alfalfaRep2vsXJDY1_shared_78820,alfalfaRep2vsXJDY1_shared_78820
alfalfaRep2vsXJDY1_shared_788358,alfalfaRep2vsXJDY1_shared_788358
alfalfaRep2vsXJDY1_shared_789225,alfalfaRep2vsXJDY1_shared_789225
alfalfaRep2vsXJDY1_shared_789796,alfalfaRep2vsXJDY1_shared_789796
alfalfaRep2vsXJDY1_shared_790798,alfalfaRep2vsXJDY1_shared_790798
alfalfaRep2vsXJDY1_shared_791769,alfalfaRep2vsXJDY1_shared_791769
alfalfaRep2vsXJDY1_shared_792793,alfalfaRep2vsXJDY1_shared_792793
alfalfaRep2vsXJDY1_shared_79449,alfalfaRep2vsXJDY1_shared_79449
alfalfaRep2vsXJDY1_shared_795041,alfalfaRep2vsXJDY1_shared_795041
alfalfaRep2vsXJDY1_shared_796686,alfalfaRep2vsXJDY1_shared_796686
alfalfaRep2vsXJDY1_shared_797438,alfalfaRep2vsXJDY1_shared_797438
alfalfaRep2vsXJDY1_shared_797947,alfalfaRep2vsXJDY1_shared_797947
alfalfaRep2vsXJDY1_shared_798991,alfalfaRep2vsXJDY1_shared_798991
alfalfaRep2vsXJDY1_shared_799366,alfalfaRep2vsXJDY1_shared_799366
alfalfaRep2vsXJDY1_shared_801052,alfalfaRep2vsXJDY1_shared_801052
alfalfaRep2vsXJDY1_shared_802875,alfalfaRep2vsXJDY1_shared_802875
alfalfaRep2vsXJDY1_shared_803676,alfalfaRep2vsXJDY1_shared_803676
alfalfaRep2vsXJDY1_shared_805100,alfalfaRep2vsXJDY1_shared_805100
alfalfaRep2vsXJDY1_shared_806051,alfalfaRep2vsXJDY1_shared_806051
alfalfaRep2vsXJDY1_shared_807812,alfalfaRep2vsXJDY1_shared_807812
alfalfaRep2vsXJDY1_shared_80840,alfalfaRep2vsXJDY1_shared_80840
alfalfaRep2vsXJDY1_shared_809346,alfalfaRep2vsXJDY1_shared_809346
alfalfaRep2vsXJDY1_shared_810066,alfalfaRep2vsXJDY1_shared_810066
alfalfaRep2vsXJDY1_shared_811851,alfalfaRep2vsXJDY1_shared_811851
alfalfaRep2vsXJDY1_shared_811932,alfalfaRep2vsXJDY1_shared_811932
alfalfaRep2vsXJDY1_shared_812537,alfalfaRep2vsXJDY1_shared_812537
alfalfaRep2vsXJDY1_shared_812677,alfalfaRep2vsXJDY1_shared_812677
alfalfaRep2vsXJDY1_shared_812982,alfalfaRep2vsXJDY1_shared_812982
alfalfaRep2vsXJDY1_shared_813393,alfalfaRep2vsXJDY1_shared_813393
alfalfaRep2vsXJDY1_shared_816523,alfalfaRep2vsXJDY1_shared_816523
alfalfaRep2vsXJDY1_shared_81664,alfalfaRep2vsXJDY1_shared_81664
alfalfaRep2vsXJDY1_shared_817584,alfalfaRep2vsXJDY1_shared_817584
alfalfaRep2vsXJDY1_shared_81832,alfalfaRep2vsXJDY1_shared_81832
alfalfaRep2vsXJDY1_shared_819135,alfalfaRep2vsXJDY1_shared_819135
alfalfaRep2vsXJDY1_shared_821294,alfalfaRep2vsXJDY1_shared_821294
alfalfaRep2vsXJDY1_shared_821926,alfalfaRep2vsXJDY1_shared_821926
alfalfaRep2vsXJDY1_shared_821958,alfalfaRep2vsXJDY1_shared_821958
alfalfaRep2vsXJDY1_shared_822509,alfalfaRep2vsXJDY1_shared_822509
alfalfaRep2vsXJDY1_shared_823167,alfalfaRep2vsXJDY1_shared_823167
alfalfaRep2vsXJDY1_shared_825146,alfalfaRep2vsXJDY1_shared_825146
alfalfaRep2vsXJDY1_shared_825483,alfalfaRep2vsXJDY1_shared_825483
alfalfaRep2vsXJDY1_shared_82901,alfalfaRep2vsXJDY1_shared_82901
alfalfaRep2vsXJDY1_shared_830090,alfalfaRep2vsXJDY1_shared_830090
alfalfaRep2vsXJDY1_shared_830346,alfalfaRep2vsXJDY1_shared_830346
alfalfaRep2vsXJDY1_shared_830697,alfalfaRep2vsXJDY1_shared_830697
alfalfaRep2vsXJDY1_shared_831778,alfalfaRep2vsXJDY1_shared_831778
alfalfaRep2vsXJDY1_shared_832209,alfalfaRep2vsXJDY1_shared_832209
alfalfaRep2vsXJDY1_shared_834882,alfalfaRep2vsXJDY1_shared_834882
alfalfaRep2vsXJDY1_shared_836527,alfalfaRep2vsXJDY1_shared_836527
alfalfaRep2vsXJDY1_shared_837715,alfalfaRep2vsXJDY1_shared_837715
alfalfaRep2vsXJDY1_shared_83791,alfalfaRep2vsXJDY1_shared_83791
alfalfaRep2vsXJDY1_shared_838802,alfalfaRep2vsXJDY1_shared_838802
alfalfaRep2vsXJDY1_shared_841037,alfalfaRep2vsXJDY1_shared_841037
alfalfaRep2vsXJDY1_shared_84203,alfalfaRep2vsXJDY1_shared_84203
alfalfaRep2vsXJDY1_shared_842245,alfalfaRep2vsXJDY1_shared_842245
alfalfaRep2vsXJDY1_shared_843890,alfalfaRep2vsXJDY1_shared_843890
alfalfaRep2vsXJDY1_shared_844389,alfalfaRep2vsXJDY1_shared_844389
alfalfaRep2vsXJDY1_shared_844642,alfalfaRep2vsXJDY1_shared_844642
alfalfaRep2vsXJDY1_shared_846023,alfalfaRep2vsXJDY1_shared_846023
alfalfaRep2vsXJDY1_shared_846320,alfalfaRep2vsXJDY1_shared_846320
alfalfaRep2vsXJDY1_shared_847137,alfalfaRep2vsXJDY1_shared_847137
alfalfaRep2vsXJDY1_shared_848697,alfalfaRep2vsXJDY1_shared_848697
alfalfaRep2vsXJDY1_shared_849545,alfalfaRep2vsXJDY1_shared_849545
alfalfaRep2vsXJDY1_shared_84980,alfalfaRep2vsXJDY1_shared_84980
alfalfaRep2vsXJDY1_shared_851269,alfalfaRep2vsXJDY1_shared_851269
alfalfaRep2vsXJDY1_shared_853553,alfalfaRep2vsXJDY1_shared_853553
alfalfaRep2vsXJDY1_shared_854793,alfalfaRep2vsXJDY1_shared_854793
alfalfaRep2vsXJDY1_shared_855899,alfalfaRep2vsXJDY1_shared_855899
alfalfaRep2vsXJDY1_shared_85620,alfalfaRep2vsXJDY1_shared_85620
alfalfaRep2vsXJDY1_shared_856700,alfalfaRep2vsXJDY1_shared_856700
alfalfaRep2vsXJDY1_shared_858529,alfalfaRep2vsXJDY1_shared_858529
alfalfaRep2vsXJDY1_shared_859134,alfalfaRep2vsXJDY1_shared_859134
alfalfaRep2vsXJDY1_shared_860888,alfalfaRep2vsXJDY1_shared_860888
alfalfaRep2vsXJDY1_shared_862349,alfalfaRep2vsXJDY1_shared_862349
alfalfaRep2vsXJDY1_shared_862934,alfalfaRep2vsXJDY1_shared_862934
alfalfaRep2vsXJDY1_shared_863473,alfalfaRep2vsXJDY1_shared_863473
alfalfaRep2vsXJDY1_shared_8638,alfalfaRep2vsXJDY1_shared_8638
alfalfaRep2vsXJDY1_shared_864667,alfalfaRep2vsXJDY1_shared_864667
alfalfaRep2vsXJDY1_shared_865964,alfalfaRep2vsXJDY1_shared_865964
alfalfaRep2vsXJDY1_shared_866884,alfalfaRep2vsXJDY1_shared_866884
alfalfaRep2vsXJDY1_shared_867222,alfalfaRep2vsXJDY1_shared_867222
alfalfaRep2vsXJDY1_shared_868398,alfalfaRep2vsXJDY1_shared_868398
alfalfaRep2vsXJDY1_shared_869224,alfalfaRep2vsXJDY1_shared_869224
alfalfaRep2vsXJDY1_shared_869430,alfalfaRep2vsXJDY1_shared_869430
alfalfaRep2vsXJDY1_shared_870526,alfalfaRep2vsXJDY1_shared_870526
alfalfaRep2vsXJDY1_shared_87078,alfalfaRep2vsXJDY1_shared_87078
alfalfaRep2vsXJDY1_shared_870914,alfalfaRep2vsXJDY1_shared_870914
alfalfaRep2vsXJDY1_shared_872751,alfalfaRep2vsXJDY1_shared_872751
alfalfaRep2vsXJDY1_shared_873188,alfalfaRep2vsXJDY1_shared_873188
alfalfaRep2vsXJDY1_shared_874521,alfalfaRep2vsXJDY1_shared_874521
alfalfaRep2vsXJDY1_shared_876680,alfalfaRep2vsXJDY1_shared_876680
alfalfaRep2vsXJDY1_shared_877122,alfalfaRep2vsXJDY1_shared_877122
alfalfaRep2vsXJDY1_shared_87789,alfalfaRep2vsXJDY1_shared_87789
alfalfaRep2vsXJDY1_shared_877966,alfalfaRep2vsXJDY1_shared_877966
alfalfaRep2vsXJDY1_shared_878221,alfalfaRep2vsXJDY1_shared_878221
alfalfaRep2vsXJDY1_shared_878784,alfalfaRep2vsXJDY1_shared_878784
alfalfaRep2vsXJDY1_shared_879540,alfalfaRep2vsXJDY1_shared_879540
alfalfaRep2vsXJDY1_shared_879940,alfalfaRep2vsXJDY1_shared_879940
alfalfaRep2vsXJDY1_shared_880402,alfalfaRep2vsXJDY1_shared_880402
alfalfaRep2vsXJDY1_shared_881354,alfalfaRep2vsXJDY1_shared_881354
alfalfaRep2vsXJDY1_shared_882042,alfalfaRep2vsXJDY1_shared_882042
alfalfaRep2vsXJDY1_shared_882444,alfalfaRep2vsXJDY1_shared_882444
alfalfaRep2vsXJDY1_shared_88269,alfalfaRep2vsXJDY1_shared_88269
alfalfaRep2vsXJDY1_shared_883265,alfalfaRep2vsXJDY1_shared_883265
alfalfaRep2vsXJDY1_shared_883956,alfalfaRep2vsXJDY1_shared_883956
alfalfaRep2vsXJDY1_shared_884825,alfalfaRep2vsXJDY1_shared_884825
alfalfaRep2vsXJDY1_shared_885367,alfalfaRep2vsXJDY1_shared_885367
alfalfaRep2vsXJDY1_shared_886330,alfalfaRep2vsXJDY1_shared_886330
alfalfaRep2vsXJDY1_shared_887118,alfalfaRep2vsXJDY1_shared_887118
alfalfaRep2vsXJDY1_shared_887862,alfalfaRep2vsXJDY1_shared_887862
alfalfaRep2vsXJDY1_shared_889245,alfalfaRep2vsXJDY1_shared_889245
alfalfaRep2vsXJDY1_shared_890678,alfalfaRep2vsXJDY1_shared_890678
alfalfaRep2vsXJDY1_shared_89184,alfalfaRep2vsXJDY1_shared_89184
alfalfaRep2vsXJDY1_shared_892123,alfalfaRep2vsXJDY1_shared_892123
alfalfaRep2vsXJDY1_shared_893219,alfalfaRep2vsXJDY1_shared_893219
alfalfaRep2vsXJDY1_shared_894386,alfalfaRep2vsXJDY1_shared_894386
alfalfaRep2vsXJDY1_shared_894700,alfalfaRep2vsXJDY1_shared_894700
alfalfaRep2vsXJDY1_shared_894790,alfalfaRep2vsXJDY1_shared_894790
alfalfaRep2vsXJDY1_shared_895532,alfalfaRep2vsXJDY1_shared_895532
alfalfaRep2vsXJDY1_shared_897095,alfalfaRep2vsXJDY1_shared_897095
alfalfaRep2vsXJDY1_shared_89875,alfalfaRep2vsXJDY1_shared_89875
alfalfaRep2vsXJDY1_shared_899204,alfalfaRep2vsXJDY1_shared_899204
alfalfaRep2vsXJDY1_shared_899414,alfalfaRep2vsXJDY1_shared_899414
alfalfaRep2vsXJDY1_shared_900032,alfalfaRep2vsXJDY1_shared_900032
alfalfaRep2vsXJDY1_shared_900226,alfalfaRep2vsXJDY1_shared_900226
alfalfaRep2vsXJDY1_shared_900994,alfalfaRep2vsXJDY1_shared_900994
alfalfaRep2vsXJDY1_shared_902078,alfalfaRep2vsXJDY1_shared_902078
alfalfaRep2vsXJDY1_shared_902658,alfalfaRep2vsXJDY1_shared_902658
alfalfaRep2vsXJDY1_shared_90309,alfalfaRep2vsXJDY1_shared_90309
alfalfaRep2vsXJDY1_shared_904768,alfalfaRep2vsXJDY1_shared_904768
alfalfaRep2vsXJDY1_shared_906403,alfalfaRep2vsXJDY1_shared_906403
alfalfaRep2vsXJDY1_shared_907157,alfalfaRep2vsXJDY1_shared_907157
alfalfaRep2vsXJDY1_shared_907942,alfalfaRep2vsXJDY1_shared_907942
alfalfaRep2vsXJDY1_shared_908069,alfalfaRep2vsXJDY1_shared_908069
alfalfaRep2vsXJDY1_shared_908298,alfalfaRep2vsXJDY1_shared_908298
alfalfaRep2vsXJDY1_shared_90850,alfalfaRep2vsXJDY1_shared_90850
alfalfaRep2vsXJDY1_shared_908826,alfalfaRep2vsXJDY1_shared_908826
alfalfaRep2vsXJDY1_shared_909862,alfalfaRep2vsXJDY1_shared_909862
alfalfaRep2vsXJDY1_shared_911316,alfalfaRep2vsXJDY1_shared_911316
alfalfaRep2vsXJDY1_shared_911921,alfalfaRep2vsXJDY1_shared_911921
alfalfaRep2vsXJDY1_shared_912495,alfalfaRep2vsXJDY1_shared_912495
alfalfaRep2vsXJDY1_shared_913678,alfalfaRep2vsXJDY1_shared_913678
alfalfaRep2vsXJDY1_shared_914493,alfalfaRep2vsXJDY1_shared_914493
alfalfaRep2vsXJDY1_shared_91474,alfalfaRep2vsXJDY1_shared_91474
alfalfaRep2vsXJDY1_shared_915069,alfalfaRep2vsXJDY1_shared_915069
alfalfaRep2vsXJDY1_shared_915262,alfalfaRep2vsXJDY1_shared_915262
alfalfaRep2vsXJDY1_shared_917037,alfalfaRep2vsXJDY1_shared_917037
alfalfaRep2vsXJDY1_shared_917099,alfalfaRep2vsXJDY1_shared_917099
alfalfaRep2vsXJDY1_shared_917200,alfalfaRep2vsXJDY1_shared_917200
alfalfaRep2vsXJDY1_shared_917516,alfalfaRep2vsXJDY1_shared_917516
alfalfaRep2vsXJDY1_shared_918,alfalfaRep2vsXJDY1_shared_918
alfalfaRep2vsXJDY1_shared_918263,alfalfaRep2vsXJDY1_shared_918263
alfalfaRep2vsXJDY1_shared_91973,alfalfaRep2vsXJDY1_shared_91973
alfalfaRep2vsXJDY1_shared_919934,alfalfaRep2vsXJDY1_shared_919934
alfalfaRep2vsXJDY1_shared_920760,alfalfaRep2vsXJDY1_shared_920760
alfalfaRep2vsXJDY1_shared_921879,alfalfaRep2vsXJDY1_shared_921879
alfalfaRep2vsXJDY1_shared_922682,alfalfaRep2vsXJDY1_shared_922682
alfalfaRep2vsXJDY1_shared_923349,alfalfaRep2vsXJDY1_shared_923349
alfalfaRep2vsXJDY1_shared_923598,alfalfaRep2vsXJDY1_shared_923598
alfalfaRep2vsXJDY1_shared_924853,alfalfaRep2vsXJDY1_shared_924853
alfalfaRep2vsXJDY1_shared_925542,alfalfaRep2vsXJDY1_shared_925542
alfalfaRep2vsXJDY1_shared_926537,alfalfaRep2vsXJDY1_shared_926537
alfalfaRep2vsXJDY1_shared_927249,alfalfaRep2vsXJDY1_shared_927249
alfalfaRep2vsXJDY1_shared_928396,alfalfaRep2vsXJDY1_shared_928396
alfalfaRep2vsXJDY1_shared_929184,alfalfaRep2vsXJDY1_shared_929184
alfalfaRep2vsXJDY1_shared_930069,alfalfaRep2vsXJDY1_shared_930069
alfalfaRep2vsXJDY1_shared_930705,alfalfaRep2vsXJDY1_shared_930705
alfalfaRep2vsXJDY1_shared_931050,alfalfaRep2vsXJDY1_shared_931050
alfalfaRep2vsXJDY1_shared_931429,alfalfaRep2vsXJDY1_shared_931429
alfalfaRep2vsXJDY1_shared_931603,alfalfaRep2vsXJDY1_shared_931603
alfalfaRep2vsXJDY1_shared_931893,alfalfaRep2vsXJDY1_shared_931893
alfalfaRep2vsXJDY1_shared_932420,alfalfaRep2vsXJDY1_shared_932420
alfalfaRep2vsXJDY1_shared_93309,alfalfaRep2vsXJDY1_shared_93309
alfalfaRep2vsXJDY1_shared_934008,alfalfaRep2vsXJDY1_shared_934008
alfalfaRep2vsXJDY1_shared_934342,alfalfaRep2vsXJDY1_shared_934342
alfalfaRep2vsXJDY1_shared_935766,alfalfaRep2vsXJDY1_shared_935766
alfalfaRep2vsXJDY1_shared_937320,alfalfaRep2vsXJDY1_shared_937320
alfalfaRep2vsXJDY1_shared_938113,alfalfaRep2vsXJDY1_shared_938113
alfalfaRep2vsXJDY1_shared_938488,alfalfaRep2vsXJDY1_shared_938488
alfalfaRep2vsXJDY1_shared_939915,alfalfaRep2vsXJDY1_shared_939915
alfalfaRep2vsXJDY1_shared_940866,alfalfaRep2vsXJDY1_shared_940866
alfalfaRep2vsXJDY1_shared_941317,alfalfaRep2vsXJDY1_shared_941317
alfalfaRep2vsXJDY1_shared_942159,alfalfaRep2vsXJDY1_shared_942159
alfalfaRep2vsXJDY1_shared_942795,alfalfaRep2vsXJDY1_shared_942795
alfalfaRep2vsXJDY1_shared_943182,alfalfaRep2vsXJDY1_shared_943182
alfalfaRep2vsXJDY1_shared_944252,alfalfaRep2vsXJDY1_shared_944252
alfalfaRep2vsXJDY1_shared_945348,alfalfaRep2vsXJDY1_shared_945348
alfalfaRep2vsXJDY1_shared_946735,alfalfaRep2vsXJDY1_shared_946735
alfalfaRep2vsXJDY1_shared_947333,alfalfaRep2vsXJDY1_shared_947333
alfalfaRep2vsXJDY1_shared_947576,alfalfaRep2vsXJDY1_shared_947576
alfalfaRep2vsXJDY1_shared_948441,alfalfaRep2vsXJDY1_shared_948441
alfalfaRep2vsXJDY1_shared_948852,alfalfaRep2vsXJDY1_shared_948852
alfalfaRep2vsXJDY1_shared_949168,alfalfaRep2vsXJDY1_shared_949168
alfalfaRep2vsXJDY1_shared_949756,alfalfaRep2vsXJDY1_shared_949756
alfalfaRep2vsXJDY1_shared_952151,alfalfaRep2vsXJDY1_shared_952151
alfalfaRep2vsXJDY1_shared_953294,alfalfaRep2vsXJDY1_shared_953294
alfalfaRep2vsXJDY1_shared_953700,alfalfaRep2vsXJDY1_shared_953700
alfalfaRep2vsXJDY1_shared_95480,alfalfaRep2vsXJDY1_shared_95480
alfalfaRep2vsXJDY1_shared_955106,alfalfaRep2vsXJDY1_shared_955106
alfalfaRep2vsXJDY1_shared_955571,alfalfaRep2vsXJDY1_shared_955571
alfalfaRep2vsXJDY1_shared_955923,alfalfaRep2vsXJDY1_shared_955923
alfalfaRep2vsXJDY1_shared_9562,alfalfaRep2vsXJDY1_shared_9562
alfalfaRep2vsXJDY1_shared_957261,alfalfaRep2vsXJDY1_shared_957261
alfalfaRep2vsXJDY1_shared_957552,alfalfaRep2vsXJDY1_shared_957552
alfalfaRep2vsXJDY1_shared_957646,alfalfaRep2vsXJDY1_shared_957646
alfalfaRep2vsXJDY1_shared_959572,alfalfaRep2vsXJDY1_shared_959572
alfalfaRep2vsXJDY1_shared_960190,alfalfaRep2vsXJDY1_shared_960190
alfalfaRep2vsXJDY1_shared_960550,alfalfaRep2vsXJDY1_shared_960550
alfalfaRep2vsXJDY1_shared_960806,alfalfaRep2vsXJDY1_shared_960806
alfalfaRep2vsXJDY1_shared_961713,alfalfaRep2vsXJDY1_shared_961713
alfalfaRep2vsXJDY1_shared_962290,alfalfaRep2vsXJDY1_shared_962290
alfalfaRep2vsXJDY1_shared_963213,alfalfaRep2vsXJDY1_shared_963213
alfalfaRep2vsXJDY1_shared_96388,alfalfaRep2vsXJDY1_shared_96388
alfalfaRep2vsXJDY1_shared_963977,alfalfaRep2vsXJDY1_shared_963977
alfalfaRep2vsXJDY1_shared_964513,alfalfaRep2vsXJDY1_shared_964513
alfalfaRep2vsXJDY1_shared_964678,alfalfaRep2vsXJDY1_shared_964678
alfalfaRep2vsXJDY1_shared_965602,alfalfaRep2vsXJDY1_shared_965602
alfalfaRep2vsXJDY1_shared_966524,alfalfaRep2vsXJDY1_shared_966524
alfalfaRep2vsXJDY1_shared_967769,alfalfaRep2vsXJDY1_shared_967769
alfalfaRep2vsXJDY1_shared_968033,alfalfaRep2vsXJDY1_shared_968033
alfalfaRep2vsXJDY1_shared_968220,alfalfaRep2vsXJDY1_shared_968220
alfalfaRep2vsXJDY1_shared_969342,alfalfaRep2vsXJDY1_shared_969342
alfalfaRep2vsXJDY1_shared_970040,alfalfaRep2vsXJDY1_shared_970040
alfalfaRep2vsXJDY1_shared_971032,alfalfaRep2vsXJDY1_shared_971032
alfalfaRep2vsXJDY1_shared_97228,alfalfaRep2vsXJDY1_shared_97228
alfalfaRep2vsXJDY1_shared_973086,alfalfaRep2vsXJDY1_shared_973086
alfalfaRep2vsXJDY1_shared_973996,alfalfaRep2vsXJDY1_shared_973996
alfalfaRep2vsXJDY1_shared_974237,alfalfaRep2vsXJDY1_shared_974237
alfalfaRep2vsXJDY1_shared_975336,alfalfaRep2vsXJDY1_shared_975336
alfalfaRep2vsXJDY1_shared_976745,alfalfaRep2vsXJDY1_shared_976745
alfalfaRep2vsXJDY1_shared_976870,alfalfaRep2vsXJDY1_shared_976870
alfalfaRep2vsXJDY1_shared_977111,alfalfaRep2vsXJDY1_shared_977111
alfalfaRep2vsXJDY1_shared_977868,alfalfaRep2vsXJDY1_shared_977868
alfalfaRep2vsXJDY1_shared_978865,alfalfaRep2vsXJDY1_shared_978865
alfalfaRep2vsXJDY1_shared_980009,alfalfaRep2vsXJDY1_shared_980009
alfalfaRep2vsXJDY1_shared_980309,alfalfaRep2vsXJDY1_shared_980309
alfalfaRep2vsXJDY1_shared_981406,alfalfaRep2vsXJDY1_shared_981406
alfalfaRep2vsXJDY1_shared_982678,alfalfaRep2vsXJDY1_shared_982678
alfalfaRep2vsXJDY1_shared_98391,alfalfaRep2vsXJDY1_shared_98391
alfalfaRep2vsXJDY1_shared_983917,alfalfaRep2vsXJDY1_shared_983917
alfalfaRep2vsXJDY1_shared_985953,alfalfaRep2vsXJDY1_shared_985953
alfalfaRep2vsXJDY1_shared_987500,alfalfaRep2vsXJDY1_shared_987500
alfalfaRep2vsXJDY1_shared_988622,alfalfaRep2vsXJDY1_shared_988622
alfalfaRep2vsXJDY1_shared_988933,alfalfaRep2vsXJDY1_shared_988933
alfalfaRep2vsXJDY1_shared_989295,alfalfaRep2vsXJDY1_shared_989295
alfalfaRep2vsXJDY1_shared_990214,alfalfaRep2vsXJDY1_shared_990214
alfalfaRep2vsXJDY1_shared_990931,alfalfaRep2vsXJDY1_shared_990931
alfalfaRep2vsXJDY1_shared_991214,alfalfaRep2vsXJDY1_shared_991214
alfalfaRep2vsXJDY1_shared_991902,alfalfaRep2vsXJDY1_shared_991902
alfalfaRep2vsXJDY1_shared_992732,alfalfaRep2vsXJDY1_shared_992732
alfalfaRep2vsXJDY1_shared_99276,alfalfaRep2vsXJDY1_shared_99276
alfalfaRep2vsXJDY1_shared_993458,alfalfaRep2vsXJDY1_shared_993458
alfalfaRep2vsXJDY1_shared_994849,alfalfaRep2vsXJDY1_shared_994849
alfalfaRep2vsXJDY1_shared_995206,alfalfaRep2vsXJDY1_shared_995206
alfalfaRep2vsXJDY1_shared_995979,alfalfaRep2vsXJDY1_shared_995979
alfalfaRep2vsXJDY1_shared_997076,alfalfaRep2vsXJDY1_shared_997076
alfalfaRep2vsXJDY1_shared_997782,alfalfaRep2vsXJDY1_shared_997782
alfalfaRep2vsXJDY1_shared_998370,alfalfaRep2vsXJDY1_shared_998370
alfalfaRep2vsXJDY1_shared_999401,alfalfaRep2vsXJDY1_shared_999401
alfalfaRep2vsXJDY1_shared_99944,alfalfaRep2vsXJDY1_shared_99944
