alfalfaRep2vsXJDY1_shared_918,chr1.1_000194324
alfalfaRep2vsXJDY1_shared_1307,chr1.1_000309952
alfalfaRep2vsXJDY1_shared_2075,chr1.1_000452961
alfalfaRep2vsXJDY1_shared_2522,chr1.1_000532584
alfalfaRep2vsXJDY1_shared_3444,chr1.1_000735393
alfalfaRep2vsXJDY1_shared_3958,chr1.1_000837330
alfalfaRep2vsXJDY1_shared_4363,chr1.1_000915014
alfalfaRep2vsXJDY1_shared_4866,chr1.1_001169609
alfalfaRep2vsXJDY1_shared_6700,chr1.1_001494903
alfalfaRep2vsXJDY1_shared_7341,chr1.1_001590881
alfalfaRep2vsXJDY1_shared_8638,chr1.1_001938036
alfalfaRep2vsXJDY1_shared_9562,chr1.1_002111756
alfalfaRep2vsXJDY1_shared_10160,chr1.1_002341138
alfalfaRep2vsXJDY1_shared_10573,chr1.1_002432574
alfalfaRep2vsXJDY1_shared_12255,chr1.1_002703089
alfalfaRep2vsXJDY1_shared_12888,chr1.1_002798325
alfalfaRep2vsXJDY1_shared_14402,chr1.1_003103125
alfalfaRep2vsXJDY1_shared_15134,chr1.1_003243094
alfalfaRep2vsXJDY1_shared_15462,chr1.1_003329439
alfalfaRep2vsXJDY1_shared_16392,chr1.1_003491884
alfalfaRep2vsXJDY1_shared_16839,chr1.1_003613850
alfalfaRep2vsXJDY1_shared_17314,chr1.1_003712477
alfalfaRep2vsXJDY1_shared_18477,chr1.1_003898103
alfalfaRep2vsXJDY1_shared_19396,chr1.1_004102347
alfalfaRep2vsXJDY1_shared_19866,chr1.1_004315961
alfalfaRep2vsXJDY1_shared_20344,chr1.1_004436755
alfalfaRep2vsXJDY1_shared_20786,chr1.1_004538231
alfalfaRep2vsXJDY1_shared_21142,chr1.1_004614862
alfalfaRep2vsXJDY1_shared_21725,chr1.1_004757298
alfalfaRep2vsXJDY1_shared_22456,chr1.1_004964967
alfalfaRep2vsXJDY1_shared_22728,chr1.1_005027893
alfalfaRep2vsXJDY1_shared_23622,chr1.1_005278309
alfalfaRep2vsXJDY1_shared_24824,chr1.1_005509457
alfalfaRep2vsXJDY1_shared_25328,chr1.1_005618685
alfalfaRep2vsXJDY1_shared_26570,chr1.1_005850336
alfalfaRep2vsXJDY1_shared_27637,chr1.1_006072575
alfalfaRep2vsXJDY1_shared_28834,chr1.1_006263297
alfalfaRep2vsXJDY1_shared_29211,chr1.1_006342913
alfalfaRep2vsXJDY1_shared_29551,chr1.1_006491042
alfalfaRep2vsXJDY1_shared_30508,chr1.1_006660525
alfalfaRep2vsXJDY1_shared_31111,chr1.1_006759713
alfalfaRep2vsXJDY1_shared_31677,chr1.1_006927231
alfalfaRep2vsXJDY1_shared_32410,chr1.1_007050147
alfalfaRep2vsXJDY1_shared_33296,chr1.1_007233177
alfalfaRep2vsXJDY1_shared_34078,chr1.1_007349949
alfalfaRep2vsXJDY1_shared_35245,chr1.1_007519233
alfalfaRep2vsXJDY1_shared_36330,chr1.1_007830610
alfalfaRep2vsXJDY1_shared_37935,chr1.1_008362856
alfalfaRep2vsXJDY1_shared_39039,chr1.1_008573540
alfalfaRep2vsXJDY1_shared_39539,chr1.1_008671918
alfalfaRep2vsXJDY1_shared_41820,chr1.1_009082943
alfalfaRep2vsXJDY1_shared_42209,chr1.1_009175857
alfalfaRep2vsXJDY1_shared_42431,chr1.1_009325684
alfalfaRep2vsXJDY1_shared_44134,chr1.1_009654615
alfalfaRep2vsXJDY1_shared_44884,chr1.1_009788520
alfalfaRep2vsXJDY1_shared_46501,chr1.1_010059811
alfalfaRep2vsXJDY1_shared_47177,chr1.1_010182954
alfalfaRep2vsXJDY1_shared_47806,chr1.1_010318074
alfalfaRep2vsXJDY1_shared_48504,chr1.1_010513693
alfalfaRep2vsXJDY1_shared_49123,chr1.1_010654139
alfalfaRep2vsXJDY1_shared_49740,chr1.1_010740435
alfalfaRep2vsXJDY1_shared_50943,chr1.1_011053888
alfalfaRep2vsXJDY1_shared_51987,chr1.1_011205612
alfalfaRep2vsXJDY1_shared_52672,chr1.1_011294632
alfalfaRep2vsXJDY1_shared_52809,chr1.1_011550587
alfalfaRep2vsXJDY1_shared_52976,chr1.1_011602715
alfalfaRep2vsXJDY1_shared_53324,chr1.1_011667046
alfalfaRep2vsXJDY1_shared_54286,chr1.1_011839955
alfalfaRep2vsXJDY1_shared_54519,chr1.1_012022200
alfalfaRep2vsXJDY1_shared_56316,chr1.1_012607158
alfalfaRep2vsXJDY1_shared_56732,chr1.1_012673656
alfalfaRep2vsXJDY1_shared_58072,chr1.1_012905400
alfalfaRep2vsXJDY1_shared_58608,chr1.1_012952616
alfalfaRep2vsXJDY1_shared_59244,chr1.1_013166244
alfalfaRep2vsXJDY1_shared_60394,chr1.1_013536075
alfalfaRep2vsXJDY1_shared_61941,chr1.1_014007601
alfalfaRep2vsXJDY1_shared_62409,chr1.1_014100127
alfalfaRep2vsXJDY1_shared_62805,chr1.1_014207906
alfalfaRep2vsXJDY1_shared_63356,chr1.1_014290088
alfalfaRep2vsXJDY1_shared_65437,chr1.1_014683124
alfalfaRep2vsXJDY1_shared_65635,chr1.1_014788595
alfalfaRep2vsXJDY1_shared_66042,chr1.1_014974968
alfalfaRep2vsXJDY1_shared_66613,chr1.1_015044468
alfalfaRep2vsXJDY1_shared_67684,chr1.1_015282744
alfalfaRep2vsXJDY1_shared_68307,chr1.1_015424890
alfalfaRep2vsXJDY1_shared_69121,chr1.1_015712918
alfalfaRep2vsXJDY1_shared_71508,chr1.1_016006885
alfalfaRep2vsXJDY1_shared_71725,chr1.1_016136535
alfalfaRep2vsXJDY1_shared_71815,chr1.1_016221768
alfalfaRep2vsXJDY1_shared_73513,chr1.1_016403559
alfalfaRep2vsXJDY1_shared_74405,chr1.1_016522945
alfalfaRep2vsXJDY1_shared_74761,chr1.1_016563045
alfalfaRep2vsXJDY1_shared_75149,chr1.1_016763798
alfalfaRep2vsXJDY1_shared_75503,chr1.1_016976894
alfalfaRep2vsXJDY1_shared_76075,chr1.1_017030914
alfalfaRep2vsXJDY1_shared_77901,chr1.1_017368305
alfalfaRep2vsXJDY1_shared_78820,chr1.1_017502654
alfalfaRep2vsXJDY1_shared_79449,chr1.1_017604907
alfalfaRep2vsXJDY1_shared_80840,chr1.1_017863839
alfalfaRep2vsXJDY1_shared_81664,chr1.1_018083264
alfalfaRep2vsXJDY1_shared_81832,chr1.1_018128065
alfalfaRep2vsXJDY1_shared_82901,chr1.1_018362099
alfalfaRep2vsXJDY1_shared_83791,chr1.1_018698343
alfalfaRep2vsXJDY1_shared_84203,chr1.1_018789059
alfalfaRep2vsXJDY1_shared_84980,chr1.1_018934716
alfalfaRep2vsXJDY1_shared_85620,chr1.1_019009023
alfalfaRep2vsXJDY1_shared_87078,chr1.1_019232221
alfalfaRep2vsXJDY1_shared_87789,chr1.1_019281061
alfalfaRep2vsXJDY1_shared_88269,chr1.1_019387175
alfalfaRep2vsXJDY1_shared_89184,chr1.1_019596141
alfalfaRep2vsXJDY1_shared_89875,chr1.1_019780298
alfalfaRep2vsXJDY1_shared_90309,chr1.1_020097917
alfalfaRep2vsXJDY1_shared_90850,chr1.1_020310833
alfalfaRep2vsXJDY1_shared_91474,chr1.1_020548930
alfalfaRep2vsXJDY1_shared_91973,chr1.1_020860458
alfalfaRep2vsXJDY1_shared_93309,chr1.1_021161903
alfalfaRep2vsXJDY1_shared_95480,chr1.1_022487705
alfalfaRep2vsXJDY1_shared_96388,chr1.1_022582932
alfalfaRep2vsXJDY1_shared_97228,chr1.1_023060630
alfalfaRep2vsXJDY1_shared_98391,chr1.1_023241568
alfalfaRep2vsXJDY1_shared_99276,chr1.1_023395952
alfalfaRep2vsXJDY1_shared_99944,chr1.1_023535207
alfalfaRep2vsXJDY1_shared_100476,chr1.1_023709651
alfalfaRep2vsXJDY1_shared_102631,chr1.1_024489859
alfalfaRep2vsXJDY1_shared_103358,chr1.1_024760634
alfalfaRep2vsXJDY1_shared_104922,chr1.1_024951410
alfalfaRep2vsXJDY1_shared_106441,chr1.1_025281938
alfalfaRep2vsXJDY1_shared_107708,chr1.1_025474859
alfalfaRep2vsXJDY1_shared_109319,chr1.1_025688638
alfalfaRep2vsXJDY1_shared_109758,chr1.1_025728959
alfalfaRep2vsXJDY1_shared_112172,chr1.1_026050142
alfalfaRep2vsXJDY1_shared_113174,chr1.1_026445102
alfalfaRep2vsXJDY1_shared_113702,chr1.1_026502181
alfalfaRep2vsXJDY1_shared_114372,chr1.1_026672067
alfalfaRep2vsXJDY1_shared_115183,chr1.1_026865008
alfalfaRep2vsXJDY1_shared_115498,chr1.1_026940687
alfalfaRep2vsXJDY1_shared_116082,chr1.1_027050989
alfalfaRep2vsXJDY1_shared_116977,chr1.1_027377103
alfalfaRep2vsXJDY1_shared_117372,chr1.1_027461652
alfalfaRep2vsXJDY1_shared_117892,chr1.1_027966972
alfalfaRep2vsXJDY1_shared_118490,chr1.1_028084165
alfalfaRep2vsXJDY1_shared_118973,chr1.1_028189850
alfalfaRep2vsXJDY1_shared_120089,chr1.1_028465946
alfalfaRep2vsXJDY1_shared_121129,chr1.1_028687110
alfalfaRep2vsXJDY1_shared_122038,chr1.1_028857948
alfalfaRep2vsXJDY1_shared_122567,chr1.1_028955804
alfalfaRep2vsXJDY1_shared_123356,chr1.1_029222133
alfalfaRep2vsXJDY1_shared_124379,chr1.1_029326140
alfalfaRep2vsXJDY1_shared_124668,chr1.1_029362039
alfalfaRep2vsXJDY1_shared_125972,chr1.1_029584457
alfalfaRep2vsXJDY1_shared_128079,chr1.1_030458048
alfalfaRep2vsXJDY1_shared_128640,chr1.1_030744456
alfalfaRep2vsXJDY1_shared_129218,chr1.1_030969636
alfalfaRep2vsXJDY1_shared_130630,chr1.1_031180522
alfalfaRep2vsXJDY1_shared_131286,chr1.1_031360007
alfalfaRep2vsXJDY1_shared_132080,chr1.1_031442927
alfalfaRep2vsXJDY1_shared_132861,chr1.1_031546487
alfalfaRep2vsXJDY1_shared_133994,chr1.1_031816459
alfalfaRep2vsXJDY1_shared_134370,chr1.1_031907509
alfalfaRep2vsXJDY1_shared_134875,chr1.1_032107042
alfalfaRep2vsXJDY1_shared_135021,chr1.1_032180745
alfalfaRep2vsXJDY1_shared_135951,chr1.1_032924623
alfalfaRep2vsXJDY1_shared_137007,chr1.1_033171704
alfalfaRep2vsXJDY1_shared_139838,chr1.1_034199458
alfalfaRep2vsXJDY1_shared_140040,chr1.1_034284365
alfalfaRep2vsXJDY1_shared_141100,chr1.1_034579746
alfalfaRep2vsXJDY1_shared_141554,chr1.1_034663420
alfalfaRep2vsXJDY1_shared_143590,chr1.1_034929778
alfalfaRep2vsXJDY1_shared_144350,chr1.1_035085053
alfalfaRep2vsXJDY1_shared_146317,chr1.1_035253375
alfalfaRep2vsXJDY1_shared_147302,chr1.1_035517292
alfalfaRep2vsXJDY1_shared_147834,chr1.1_035606739
alfalfaRep2vsXJDY1_shared_148106,chr1.1_035758205
alfalfaRep2vsXJDY1_shared_148526,chr1.1_035847212
alfalfaRep2vsXJDY1_shared_149743,chr1.1_036130046
alfalfaRep2vsXJDY1_shared_151419,chr1.1_036517797
alfalfaRep2vsXJDY1_shared_152608,chr1.1_037016138
alfalfaRep2vsXJDY1_shared_154003,chr1.1_037235555
alfalfaRep2vsXJDY1_shared_155068,chr1.1_037514123
alfalfaRep2vsXJDY1_shared_155840,chr1.1_037725360
alfalfaRep2vsXJDY1_shared_157417,chr1.1_038088164
alfalfaRep2vsXJDY1_shared_157689,chr1.1_038307940
alfalfaRep2vsXJDY1_shared_158955,chr1.1_038471232
alfalfaRep2vsXJDY1_shared_159530,chr1.1_038598815
alfalfaRep2vsXJDY1_shared_160163,chr1.1_038750613
alfalfaRep2vsXJDY1_shared_160318,chr1.1_038795094
alfalfaRep2vsXJDY1_shared_162460,chr1.1_039099328
alfalfaRep2vsXJDY1_shared_163852,chr1.1_039649704
alfalfaRep2vsXJDY1_shared_164275,chr1.1_039750391
alfalfaRep2vsXJDY1_shared_164885,chr1.1_039921266
alfalfaRep2vsXJDY1_shared_165800,chr1.1_040119373
alfalfaRep2vsXJDY1_shared_166117,chr1.1_040239853
alfalfaRep2vsXJDY1_shared_166423,chr1.1_040459914
alfalfaRep2vsXJDY1_shared_167114,chr1.1_040541523
alfalfaRep2vsXJDY1_shared_167960,chr1.1_040765683
alfalfaRep2vsXJDY1_shared_168289,chr1.1_040884556
alfalfaRep2vsXJDY1_shared_168959,chr1.1_041090446
alfalfaRep2vsXJDY1_shared_170279,chr1.1_041475198
alfalfaRep2vsXJDY1_shared_170751,chr1.1_041552398
alfalfaRep2vsXJDY1_shared_173451,chr1.1_041861948
alfalfaRep2vsXJDY1_shared_173951,chr1.1_041973913
alfalfaRep2vsXJDY1_shared_174256,chr1.1_042133605
alfalfaRep2vsXJDY1_shared_174642,chr1.1_042326466
alfalfaRep2vsXJDY1_shared_176440,chr1.1_042878649
alfalfaRep2vsXJDY1_shared_176622,chr1.1_042937109
alfalfaRep2vsXJDY1_shared_177693,chr1.1_043165938
alfalfaRep2vsXJDY1_shared_178363,chr1.1_043407161
alfalfaRep2vsXJDY1_shared_179354,chr1.1_043662924
alfalfaRep2vsXJDY1_shared_180691,chr1.1_043883037
alfalfaRep2vsXJDY1_shared_181094,chr1.1_043956745
alfalfaRep2vsXJDY1_shared_183241,chr1.1_044240352
alfalfaRep2vsXJDY1_shared_183988,chr1.1_044362502
alfalfaRep2vsXJDY1_shared_185373,chr1.1_044852814
alfalfaRep2vsXJDY1_shared_185989,chr1.1_045057203
alfalfaRep2vsXJDY1_shared_186906,chr1.1_045279885
alfalfaRep2vsXJDY1_shared_187867,chr1.1_045471702
alfalfaRep2vsXJDY1_shared_188281,chr1.1_045523314
alfalfaRep2vsXJDY1_shared_188618,chr1.1_045583010
alfalfaRep2vsXJDY1_shared_190147,chr1.1_045815957
alfalfaRep2vsXJDY1_shared_191280,chr1.1_045978944
alfalfaRep2vsXJDY1_shared_192169,chr1.1_046180304
alfalfaRep2vsXJDY1_shared_192687,chr1.1_046229506
alfalfaRep2vsXJDY1_shared_193059,chr1.1_046377798
alfalfaRep2vsXJDY1_shared_193865,chr1.1_046506264
alfalfaRep2vsXJDY1_shared_195748,chr1.1_046790681
alfalfaRep2vsXJDY1_shared_196098,chr1.1_046909735
alfalfaRep2vsXJDY1_shared_197451,chr1.1_047070995
alfalfaRep2vsXJDY1_shared_198970,chr1.1_047343338
alfalfaRep2vsXJDY1_shared_200363,chr1.1_047570277
alfalfaRep2vsXJDY1_shared_201736,chr1.1_047675063
alfalfaRep2vsXJDY1_shared_204296,chr1.1_048245831
alfalfaRep2vsXJDY1_shared_204477,chr1.1_048290432
alfalfaRep2vsXJDY1_shared_206229,chr1.1_048594376
alfalfaRep2vsXJDY1_shared_207293,chr1.1_048745063
alfalfaRep2vsXJDY1_shared_207769,chr1.1_048967392
alfalfaRep2vsXJDY1_shared_209351,chr1.1_049209776
alfalfaRep2vsXJDY1_shared_211986,chr1.1_049674571
alfalfaRep2vsXJDY1_shared_212898,chr1.1_049986705
alfalfaRep2vsXJDY1_shared_213570,chr1.1_050196038
alfalfaRep2vsXJDY1_shared_214743,chr1.1_050410075
alfalfaRep2vsXJDY1_shared_214942,chr1.1_050445236
alfalfaRep2vsXJDY1_shared_216101,chr1.1_050666099
alfalfaRep2vsXJDY1_shared_217052,chr1.1_050888730
alfalfaRep2vsXJDY1_shared_218485,chr1.1_051100476
alfalfaRep2vsXJDY1_shared_219181,chr1.1_051210992
alfalfaRep2vsXJDY1_shared_219882,chr1.1_051370226
alfalfaRep2vsXJDY1_shared_220383,chr1.1_051484533
alfalfaRep2vsXJDY1_shared_220710,chr1.1_051632256
alfalfaRep2vsXJDY1_shared_221157,chr1.1_051703372
alfalfaRep2vsXJDY1_shared_221627,chr1.1_051814520
alfalfaRep2vsXJDY1_shared_222768,chr1.1_051972182
alfalfaRep2vsXJDY1_shared_223104,chr1.1_052161558
alfalfaRep2vsXJDY1_shared_223365,chr1.1_052249466
alfalfaRep2vsXJDY1_shared_224559,chr1.1_052470363
alfalfaRep2vsXJDY1_shared_226518,chr1.1_052738087
alfalfaRep2vsXJDY1_shared_227923,chr1.1_052910315
alfalfaRep2vsXJDY1_shared_228861,chr1.1_053016387
alfalfaRep2vsXJDY1_shared_230283,chr1.1_053207743
alfalfaRep2vsXJDY1_shared_230704,chr1.1_053252858
alfalfaRep2vsXJDY1_shared_231662,chr1.1_053507789
alfalfaRep2vsXJDY1_shared_233067,chr1.1_053727670
alfalfaRep2vsXJDY1_shared_234372,chr1.1_053888429
alfalfaRep2vsXJDY1_shared_234572,chr1.1_054011025
alfalfaRep2vsXJDY1_shared_235426,chr1.1_054336339
alfalfaRep2vsXJDY1_shared_235921,chr1.1_054507030
alfalfaRep2vsXJDY1_shared_236482,chr1.1_054605569
alfalfaRep2vsXJDY1_shared_237578,chr1.1_054806633
alfalfaRep2vsXJDY1_shared_237898,chr1.1_054850273
alfalfaRep2vsXJDY1_shared_239356,chr1.1_055078568
alfalfaRep2vsXJDY1_shared_240106,chr1.1_055198190
alfalfaRep2vsXJDY1_shared_241072,chr1.1_055541494
alfalfaRep2vsXJDY1_shared_241742,chr1.1_055663565
alfalfaRep2vsXJDY1_shared_241992,chr1.1_055756341
alfalfaRep2vsXJDY1_shared_242291,chr1.1_055963219
alfalfaRep2vsXJDY1_shared_242943,chr1.1_056166196
alfalfaRep2vsXJDY1_shared_243306,chr1.1_056238297
alfalfaRep2vsXJDY1_shared_245309,chr1.1_056493802
alfalfaRep2vsXJDY1_shared_246108,chr1.1_056606323
alfalfaRep2vsXJDY1_shared_246501,chr1.1_056647379
alfalfaRep2vsXJDY1_shared_247823,chr1.1_056908185
alfalfaRep2vsXJDY1_shared_248338,chr1.1_056974244
alfalfaRep2vsXJDY1_shared_249825,chr1.1_057154748
alfalfaRep2vsXJDY1_shared_251342,chr1.1_057428157
alfalfaRep2vsXJDY1_shared_252390,chr1.1_057627717
alfalfaRep2vsXJDY1_shared_253058,chr1.1_057869947
alfalfaRep2vsXJDY1_shared_253493,chr1.1_057981154
alfalfaRep2vsXJDY1_shared_253690,chr1.1_058019546
alfalfaRep2vsXJDY1_shared_254411,chr1.1_058204817
alfalfaRep2vsXJDY1_shared_254656,chr1.1_058282718
alfalfaRep2vsXJDY1_shared_255681,chr1.1_058425180
alfalfaRep2vsXJDY1_shared_256192,chr1.1_058563877
alfalfaRep2vsXJDY1_shared_256986,chr1.1_058774660
alfalfaRep2vsXJDY1_shared_258997,chr1.1_059058568
alfalfaRep2vsXJDY1_shared_259868,chr1.1_059269690
alfalfaRep2vsXJDY1_shared_260389,chr1.1_059477047
alfalfaRep2vsXJDY1_shared_262139,chr1.1_059868522
alfalfaRep2vsXJDY1_shared_263128,chr1.1_060072647
alfalfaRep2vsXJDY1_shared_263676,chr1.1_060190289
alfalfaRep2vsXJDY1_shared_265253,chr1.1_060454213
alfalfaRep2vsXJDY1_shared_265413,chr1.1_060508241
alfalfaRep2vsXJDY1_shared_266699,chr1.1_060661578
alfalfaRep2vsXJDY1_shared_268102,chr1.1_060904991
alfalfaRep2vsXJDY1_shared_268692,chr1.1_061015913
alfalfaRep2vsXJDY1_shared_269641,chr1.1_061244894
alfalfaRep2vsXJDY1_shared_270127,chr1.1_061361427
alfalfaRep2vsXJDY1_shared_271257,chr1.1_061556964
alfalfaRep2vsXJDY1_shared_271799,chr1.1_061744598
alfalfaRep2vsXJDY1_shared_272292,chr1.1_061878825
alfalfaRep2vsXJDY1_shared_272712,chr1.1_061916680
alfalfaRep2vsXJDY1_shared_274184,chr1.1_062212163
alfalfaRep2vsXJDY1_shared_275144,chr1.1_062342149
alfalfaRep2vsXJDY1_shared_276889,chr1.1_062673159
alfalfaRep2vsXJDY1_shared_277266,chr1.1_062762651
alfalfaRep2vsXJDY1_shared_278214,chr1.1_062973817
alfalfaRep2vsXJDY1_shared_278520,chr1.1_063109180
alfalfaRep2vsXJDY1_shared_279301,chr1.1_063422231
alfalfaRep2vsXJDY1_shared_279787,chr1.1_063517450
alfalfaRep2vsXJDY1_shared_280431,chr1.1_063670977
alfalfaRep2vsXJDY1_shared_282564,chr1.1_064260200
alfalfaRep2vsXJDY1_shared_283866,chr1.1_064512571
alfalfaRep2vsXJDY1_shared_284770,chr1.1_064709912
alfalfaRep2vsXJDY1_shared_285446,chr1.1_064843909
alfalfaRep2vsXJDY1_shared_286460,chr1.1_064977592
alfalfaRep2vsXJDY1_shared_286883,chr1.1_065291839
alfalfaRep2vsXJDY1_shared_287720,chr1.1_065610245
alfalfaRep2vsXJDY1_shared_288022,chr1.1_065651962
alfalfaRep2vsXJDY1_shared_288565,chr1.1_065913202
alfalfaRep2vsXJDY1_shared_289041,chr1.1_065987140
alfalfaRep2vsXJDY1_shared_289448,chr1.1_066048468
alfalfaRep2vsXJDY1_shared_290921,chr1.1_066243893
alfalfaRep2vsXJDY1_shared_291188,chr1.1_066308844
alfalfaRep2vsXJDY1_shared_292090,chr1.1_066462122
alfalfaRep2vsXJDY1_shared_293350,chr1.1_066653706
alfalfaRep2vsXJDY1_shared_294989,chr1.1_067016814
alfalfaRep2vsXJDY1_shared_295129,chr1.1_067076739
alfalfaRep2vsXJDY1_shared_296384,chr1.1_067331622
alfalfaRep2vsXJDY1_shared_298496,chr1.1_067627947
alfalfaRep2vsXJDY1_shared_299335,chr1.1_067727317
alfalfaRep2vsXJDY1_shared_299774,chr1.1_067783227
alfalfaRep2vsXJDY1_shared_301778,chr1.1_068356794
alfalfaRep2vsXJDY1_shared_302209,chr1.1_068477558
alfalfaRep2vsXJDY1_shared_303008,chr1.1_068772824
alfalfaRep2vsXJDY1_shared_303765,chr1.1_068859167
alfalfaRep2vsXJDY1_shared_304407,chr1.1_068948271
alfalfaRep2vsXJDY1_shared_305316,chr1.1_069097581
alfalfaRep2vsXJDY1_shared_306199,chr1.1_069275148
alfalfaRep2vsXJDY1_shared_307921,chr1.1_069497229
alfalfaRep2vsXJDY1_shared_308528,chr1.1_069607033
alfalfaRep2vsXJDY1_shared_310723,chr1.1_069984402
alfalfaRep2vsXJDY1_shared_311033,chr1.1_070030472
alfalfaRep2vsXJDY1_shared_312837,chr1.1_070288058
alfalfaRep2vsXJDY1_shared_314081,chr1.1_070738276
alfalfaRep2vsXJDY1_shared_315180,chr1.1_070878680
alfalfaRep2vsXJDY1_shared_316380,chr1.1_071071717
alfalfaRep2vsXJDY1_shared_317736,chr1.1_071333915
alfalfaRep2vsXJDY1_shared_319196,chr1.1_071537340
alfalfaRep2vsXJDY1_shared_319650,chr1.1_071659392
alfalfaRep2vsXJDY1_shared_320822,chr1.1_071902779
alfalfaRep2vsXJDY1_shared_322547,chr1.1_072105213
alfalfaRep2vsXJDY1_shared_323740,chr1.1_072294346
alfalfaRep2vsXJDY1_shared_324787,chr1.1_072564623
alfalfaRep2vsXJDY1_shared_325327,chr1.1_072633470
alfalfaRep2vsXJDY1_shared_326138,chr1.1_072911768
alfalfaRep2vsXJDY1_shared_326451,chr1.1_073072750
alfalfaRep2vsXJDY1_shared_327919,chr1.1_073335128
alfalfaRep2vsXJDY1_shared_328293,chr1.1_073381901
alfalfaRep2vsXJDY1_shared_328779,chr1.1_073499503
alfalfaRep2vsXJDY1_shared_330200,chr1.1_073741122
alfalfaRep2vsXJDY1_shared_330966,chr1.1_073917225
alfalfaRep2vsXJDY1_shared_331497,chr1.1_074003328
alfalfaRep2vsXJDY1_shared_332276,chr1.1_074288136
alfalfaRep2vsXJDY1_shared_332769,chr1.1_074445606
alfalfaRep2vsXJDY1_shared_333360,chr1.1_074623263
alfalfaRep2vsXJDY1_shared_334326,chr1.1_074842300
alfalfaRep2vsXJDY1_shared_335069,chr1.1_075061265
alfalfaRep2vsXJDY1_shared_335724,chr1.1_075143374
alfalfaRep2vsXJDY1_shared_336834,chr1.1_075309520
alfalfaRep2vsXJDY1_shared_337566,chr1.1_075444453
alfalfaRep2vsXJDY1_shared_338076,chr1.1_075562195
alfalfaRep2vsXJDY1_shared_338528,chr1.1_075668041
alfalfaRep2vsXJDY1_shared_338595,chr1.1_075797305
alfalfaRep2vsXJDY1_shared_339500,chr1.1_076061917
alfalfaRep2vsXJDY1_shared_340211,chr1.1_076269128
alfalfaRep2vsXJDY1_shared_341256,chr1.1_076401726
alfalfaRep2vsXJDY1_shared_343027,chr1.1_076590836
alfalfaRep2vsXJDY1_shared_344167,chr1.1_076773801
alfalfaRep2vsXJDY1_shared_344963,chr1.1_076861974
alfalfaRep2vsXJDY1_shared_345545,chr1.1_077069813
alfalfaRep2vsXJDY1_shared_346645,chr1.1_077233102
alfalfaRep2vsXJDY1_shared_347931,chr1.1_077454304
alfalfaRep2vsXJDY1_shared_348204,chr1.1_077487606
alfalfaRep2vsXJDY1_shared_349224,chr1.1_077708852
alfalfaRep2vsXJDY1_shared_350440,chr1.1_077908817
alfalfaRep2vsXJDY1_shared_352321,chr1.1_078197005
alfalfaRep2vsXJDY1_shared_353160,chr1.1_078353592
alfalfaRep2vsXJDY1_shared_354412,chr1.1_078564815
alfalfaRep2vsXJDY1_shared_355186,chr1.1_078756250
alfalfaRep2vsXJDY1_shared_355655,chr1.1_078896738
alfalfaRep2vsXJDY1_shared_356494,chr1.1_079067515
alfalfaRep2vsXJDY1_shared_358539,chr1.1_079690059
alfalfaRep2vsXJDY1_shared_359509,chr1.1_079871662
alfalfaRep2vsXJDY1_shared_359853,chr1.1_079947678
alfalfaRep2vsXJDY1_shared_361151,chr1.1_080108022
alfalfaRep2vsXJDY1_shared_362182,chr1.1_080365520
alfalfaRep2vsXJDY1_shared_363031,chr1.1_080473699
alfalfaRep2vsXJDY1_shared_363760,chr1.1_080596889
alfalfaRep2vsXJDY1_shared_364452,chr1.1_080757246
alfalfaRep2vsXJDY1_shared_365028,chr1.1_080888940
alfalfaRep2vsXJDY1_shared_367046,chr1.1_081270233
alfalfaRep2vsXJDY1_shared_367438,chr1.1_081321362
alfalfaRep2vsXJDY1_shared_368222,chr1.1_081443125
alfalfaRep2vsXJDY1_shared_368950,chr1.1_081577787
alfalfaRep2vsXJDY1_shared_369962,chr1.1_081862655
alfalfaRep2vsXJDY1_shared_370070,chr1.1_081910582
alfalfaRep2vsXJDY1_shared_373194,chr2.1_000171719
alfalfaRep2vsXJDY1_shared_373546,chr2.1_000218426
alfalfaRep2vsXJDY1_shared_373856,chr2.1_000313197
alfalfaRep2vsXJDY1_shared_373892,chr2.1_000616827
alfalfaRep2vsXJDY1_shared_374223,chr2.1_000651174
alfalfaRep2vsXJDY1_shared_374498,chr2.1_000925919
alfalfaRep2vsXJDY1_shared_375575,chr2.1_001148661
alfalfaRep2vsXJDY1_shared_376796,chr2.1_001387962
alfalfaRep2vsXJDY1_shared_378026,chr2.1_001699360
alfalfaRep2vsXJDY1_shared_378485,chr2.1_001844350
alfalfaRep2vsXJDY1_shared_378856,chr2.1_002020911
alfalfaRep2vsXJDY1_shared_378992,chr2.1_002180364
alfalfaRep2vsXJDY1_shared_380221,chr2.1_002601144
alfalfaRep2vsXJDY1_shared_380564,chr2.1_002907091
alfalfaRep2vsXJDY1_shared_380791,chr2.1_002963182
alfalfaRep2vsXJDY1_shared_381312,chr2.1_003167657
alfalfaRep2vsXJDY1_shared_382282,chr2.1_003383309
alfalfaRep2vsXJDY1_shared_383017,chr2.1_003485139
alfalfaRep2vsXJDY1_shared_384658,chr2.1_003814453
alfalfaRep2vsXJDY1_shared_385929,chr2.1_004048159
alfalfaRep2vsXJDY1_shared_386893,chr2.1_004228766
alfalfaRep2vsXJDY1_shared_388083,chr2.1_004409859
alfalfaRep2vsXJDY1_shared_389372,chr2.1_004642549
alfalfaRep2vsXJDY1_shared_390417,chr2.1_004934550
alfalfaRep2vsXJDY1_shared_391380,chr2.1_005091230
alfalfaRep2vsXJDY1_shared_392097,chr2.1_005194072
alfalfaRep2vsXJDY1_shared_392956,chr2.1_005398237
alfalfaRep2vsXJDY1_shared_393173,chr2.1_005458463
alfalfaRep2vsXJDY1_shared_394472,chr2.1_005666195
alfalfaRep2vsXJDY1_shared_395777,chr2.1_006010709
alfalfaRep2vsXJDY1_shared_396439,chr2.1_006192930
alfalfaRep2vsXJDY1_shared_397730,chr2.1_006363128
alfalfaRep2vsXJDY1_shared_399670,chr2.1_006661298
alfalfaRep2vsXJDY1_shared_400134,chr2.1_006733104
alfalfaRep2vsXJDY1_shared_401588,chr2.1_006975295
alfalfaRep2vsXJDY1_shared_401922,chr2.1_007034650
alfalfaRep2vsXJDY1_shared_402994,chr2.1_007292278
alfalfaRep2vsXJDY1_shared_403429,chr2.1_007456230
alfalfaRep2vsXJDY1_shared_403699,chr2.1_007487844
alfalfaRep2vsXJDY1_shared_403811,chr2.1_007721952
alfalfaRep2vsXJDY1_shared_404342,chr2.1_007887726
alfalfaRep2vsXJDY1_shared_404672,chr2.1_008002584
alfalfaRep2vsXJDY1_shared_405378,chr2.1_008315059
alfalfaRep2vsXJDY1_shared_405703,chr2.1_008444668
alfalfaRep2vsXJDY1_shared_406862,chr2.1_008612395
alfalfaRep2vsXJDY1_shared_406995,chr2.1_008836327
alfalfaRep2vsXJDY1_shared_407671,chr2.1_009015188
alfalfaRep2vsXJDY1_shared_407950,chr2.1_009068382
alfalfaRep2vsXJDY1_shared_408234,chr2.1_009112874
alfalfaRep2vsXJDY1_shared_409025,chr2.1_009359877
alfalfaRep2vsXJDY1_shared_410374,chr2.1_009635376
alfalfaRep2vsXJDY1_shared_411023,chr2.1_009767791
alfalfaRep2vsXJDY1_shared_412934,chr2.1_010055664
alfalfaRep2vsXJDY1_shared_414759,chr2.1_010317390
alfalfaRep2vsXJDY1_shared_415083,chr2.1_010373459
alfalfaRep2vsXJDY1_shared_416931,chr2.1_010623720
alfalfaRep2vsXJDY1_shared_417236,chr2.1_010674301
alfalfaRep2vsXJDY1_shared_418539,chr2.1_011003401
alfalfaRep2vsXJDY1_shared_418755,chr2.1_011040841
alfalfaRep2vsXJDY1_shared_419545,chr2.1_011251949
alfalfaRep2vsXJDY1_shared_420067,chr2.1_011316362
alfalfaRep2vsXJDY1_shared_420836,chr2.1_011524057
alfalfaRep2vsXJDY1_shared_420852,chr2.1_012093545
alfalfaRep2vsXJDY1_shared_420903,chr2.1_012162639
alfalfaRep2vsXJDY1_shared_421749,chr2.1_012389610
alfalfaRep2vsXJDY1_shared_422524,chr2.1_012560495
alfalfaRep2vsXJDY1_shared_423222,chr2.1_012736370
alfalfaRep2vsXJDY1_shared_423976,chr2.1_012870813
alfalfaRep2vsXJDY1_shared_424599,chr2.1_013045665
alfalfaRep2vsXJDY1_shared_424785,chr2.1_013328742
alfalfaRep2vsXJDY1_shared_424897,chr2.1_013554140
alfalfaRep2vsXJDY1_shared_424988,chr2.1_013591541
alfalfaRep2vsXJDY1_shared_425211,chr2.1_013744405
alfalfaRep2vsXJDY1_shared_425961,chr2.1_014078405
alfalfaRep2vsXJDY1_shared_427079,chr2.1_014328793
alfalfaRep2vsXJDY1_shared_427673,chr2.1_015047364
alfalfaRep2vsXJDY1_shared_427786,chr2.1_015167963
alfalfaRep2vsXJDY1_shared_428768,chr2.1_015546760
alfalfaRep2vsXJDY1_shared_428965,chr2.1_015580772
alfalfaRep2vsXJDY1_shared_429225,chr2.1_015674052
alfalfaRep2vsXJDY1_shared_429720,chr2.1_015854085
alfalfaRep2vsXJDY1_shared_430394,chr2.1_016361328
alfalfaRep2vsXJDY1_shared_430646,chr2.1_016422728
alfalfaRep2vsXJDY1_shared_431132,chr2.1_016536323
alfalfaRep2vsXJDY1_shared_432716,chr2.1_016773051
alfalfaRep2vsXJDY1_shared_433899,chr2.1_017012486
alfalfaRep2vsXJDY1_shared_435578,chr2.1_017248294
alfalfaRep2vsXJDY1_shared_436783,chr2.1_017466740
alfalfaRep2vsXJDY1_shared_437176,chr2.1_017523753
alfalfaRep2vsXJDY1_shared_438766,chr2.1_017785072
alfalfaRep2vsXJDY1_shared_439278,chr2.1_017880939
alfalfaRep2vsXJDY1_shared_439718,chr2.1_018114654
alfalfaRep2vsXJDY1_shared_439921,chr2.1_018170166
alfalfaRep2vsXJDY1_shared_441139,chr2.1_018541904
alfalfaRep2vsXJDY1_shared_441472,chr2.1_018655733
alfalfaRep2vsXJDY1_shared_441933,chr2.1_018932743
alfalfaRep2vsXJDY1_shared_442387,chr2.1_019107884
alfalfaRep2vsXJDY1_shared_443018,chr2.1_019230286
alfalfaRep2vsXJDY1_shared_445180,chr2.1_019555960
alfalfaRep2vsXJDY1_shared_445838,chr2.1_019721552
alfalfaRep2vsXJDY1_shared_447235,chr2.1_020026604
alfalfaRep2vsXJDY1_shared_448268,chr2.1_020208636
alfalfaRep2vsXJDY1_shared_449394,chr2.1_020414306
alfalfaRep2vsXJDY1_shared_450111,chr2.1_020593857
alfalfaRep2vsXJDY1_shared_450621,chr2.1_020700275
alfalfaRep2vsXJDY1_shared_451293,chr2.1_020847689
alfalfaRep2vsXJDY1_shared_452321,chr2.1_021057253
alfalfaRep2vsXJDY1_shared_452984,chr2.1_021180129
alfalfaRep2vsXJDY1_shared_453608,chr2.1_021307327
alfalfaRep2vsXJDY1_shared_454354,chr2.1_021715940
alfalfaRep2vsXJDY1_shared_454602,chr2.1_021760578
alfalfaRep2vsXJDY1_shared_455463,chr2.1_021940432
alfalfaRep2vsXJDY1_shared_456285,chr2.1_022077644
alfalfaRep2vsXJDY1_shared_457684,chr2.1_022240561
alfalfaRep2vsXJDY1_shared_458044,chr2.1_022295500
alfalfaRep2vsXJDY1_shared_458178,chr2.1_022396780
alfalfaRep2vsXJDY1_shared_458658,chr2.1_022706941
alfalfaRep2vsXJDY1_shared_459722,chr2.1_022860062
alfalfaRep2vsXJDY1_shared_460397,chr2.1_022969378
alfalfaRep2vsXJDY1_shared_461773,chr2.1_023268062
alfalfaRep2vsXJDY1_shared_462545,chr2.1_023474066
alfalfaRep2vsXJDY1_shared_463101,chr2.1_023614459
alfalfaRep2vsXJDY1_shared_463642,chr2.1_023801041
alfalfaRep2vsXJDY1_shared_466104,chr2.1_024189918
alfalfaRep2vsXJDY1_shared_466515,chr2.1_024286528
alfalfaRep2vsXJDY1_shared_467447,chr2.1_024528970
alfalfaRep2vsXJDY1_shared_468699,chr2.1_024735928
alfalfaRep2vsXJDY1_shared_468977,chr2.1_024871434
alfalfaRep2vsXJDY1_shared_469644,chr2.1_025104386
alfalfaRep2vsXJDY1_shared_470270,chr2.1_025246759
alfalfaRep2vsXJDY1_shared_470534,chr2.1_025346311
alfalfaRep2vsXJDY1_shared_471611,chr2.1_025633056
alfalfaRep2vsXJDY1_shared_472598,chr2.1_026011411
alfalfaRep2vsXJDY1_shared_473431,chr2.1_026194808
alfalfaRep2vsXJDY1_shared_474195,chr2.1_026320609
alfalfaRep2vsXJDY1_shared_475033,chr2.1_026547174
alfalfaRep2vsXJDY1_shared_475409,chr2.1_026688907
alfalfaRep2vsXJDY1_shared_475993,chr2.1_026813682
alfalfaRep2vsXJDY1_shared_476510,chr2.1_027033435
alfalfaRep2vsXJDY1_shared_477355,chr2.1_027367868
alfalfaRep2vsXJDY1_shared_478035,chr2.1_027594933
alfalfaRep2vsXJDY1_shared_478402,chr2.1_027641453
alfalfaRep2vsXJDY1_shared_480370,chr2.1_028191883
alfalfaRep2vsXJDY1_shared_480728,chr2.1_028285508
alfalfaRep2vsXJDY1_shared_481012,chr2.1_028326010
alfalfaRep2vsXJDY1_shared_481966,chr2.1_028514003
alfalfaRep2vsXJDY1_shared_483536,chr2.1_028922998
alfalfaRep2vsXJDY1_shared_484361,chr2.1_029076020
alfalfaRep2vsXJDY1_shared_484995,chr2.1_029212976
alfalfaRep2vsXJDY1_shared_485666,chr2.1_029400670
alfalfaRep2vsXJDY1_shared_486032,chr2.1_029479495
alfalfaRep2vsXJDY1_shared_487086,chr2.1_029876584
alfalfaRep2vsXJDY1_shared_487593,chr2.1_030067564
alfalfaRep2vsXJDY1_shared_488093,chr2.1_030277703
alfalfaRep2vsXJDY1_shared_488952,chr2.1_030427151
alfalfaRep2vsXJDY1_shared_489251,chr2.1_030489387
alfalfaRep2vsXJDY1_shared_489351,chr2.1_030541502
alfalfaRep2vsXJDY1_shared_490090,chr2.1_030902340
alfalfaRep2vsXJDY1_shared_490722,chr2.1_031087764
alfalfaRep2vsXJDY1_shared_491290,chr2.1_031258804
alfalfaRep2vsXJDY1_shared_491513,chr2.1_031326786
alfalfaRep2vsXJDY1_shared_492900,chr2.1_031548451
alfalfaRep2vsXJDY1_shared_494280,chr2.1_031831772
alfalfaRep2vsXJDY1_shared_494389,chr2.1_031944591
alfalfaRep2vsXJDY1_shared_494582,chr2.1_032131303
alfalfaRep2vsXJDY1_shared_495147,chr2.1_032457958
alfalfaRep2vsXJDY1_shared_495742,chr2.1_032709342
alfalfaRep2vsXJDY1_shared_496562,chr2.1_032875977
alfalfaRep2vsXJDY1_shared_496717,chr2.1_033068714
alfalfaRep2vsXJDY1_shared_498657,chr2.1_033282412
alfalfaRep2vsXJDY1_shared_500738,chr2.1_033688592
alfalfaRep2vsXJDY1_shared_500968,chr2.1_033856731
alfalfaRep2vsXJDY1_shared_501680,chr2.1_033990110
alfalfaRep2vsXJDY1_shared_503083,chr2.1_034321384
alfalfaRep2vsXJDY1_shared_503692,chr2.1_034395072
alfalfaRep2vsXJDY1_shared_504648,chr2.1_034756443
alfalfaRep2vsXJDY1_shared_505309,chr2.1_034925238
alfalfaRep2vsXJDY1_shared_505469,chr2.1_035124673
alfalfaRep2vsXJDY1_shared_506201,chr2.1_035207815
alfalfaRep2vsXJDY1_shared_506657,chr2.1_035313781
alfalfaRep2vsXJDY1_shared_507350,chr2.1_035506130
alfalfaRep2vsXJDY1_shared_507534,chr2.1_035577872
alfalfaRep2vsXJDY1_shared_508523,chr2.1_035829358
alfalfaRep2vsXJDY1_shared_508703,chr2.1_035889815
alfalfaRep2vsXJDY1_shared_509315,chr2.1_036100298
alfalfaRep2vsXJDY1_shared_510703,chr2.1_036491870
alfalfaRep2vsXJDY1_shared_511098,chr2.1_036610401
alfalfaRep2vsXJDY1_shared_512598,chr2.1_036858792
alfalfaRep2vsXJDY1_shared_513134,chr2.1_036971213
alfalfaRep2vsXJDY1_shared_514421,chr2.1_037242148
alfalfaRep2vsXJDY1_shared_515382,chr2.1_037380587
alfalfaRep2vsXJDY1_shared_516578,chr2.1_038305718
alfalfaRep2vsXJDY1_shared_517378,chr2.1_038589238
alfalfaRep2vsXJDY1_shared_517669,chr2.1_038804616
alfalfaRep2vsXJDY1_shared_518088,chr2.1_039514617
alfalfaRep2vsXJDY1_shared_520194,chr2.1_039727181
alfalfaRep2vsXJDY1_shared_521219,chr2.1_039860975
alfalfaRep2vsXJDY1_shared_522503,chr2.1_040034152
alfalfaRep2vsXJDY1_shared_523139,chr2.1_040166628
alfalfaRep2vsXJDY1_shared_524003,chr2.1_040366311
alfalfaRep2vsXJDY1_shared_524939,chr2.1_040506359
alfalfaRep2vsXJDY1_shared_527189,chr2.1_041045050
alfalfaRep2vsXJDY1_shared_528947,chr2.1_041375928
alfalfaRep2vsXJDY1_shared_530987,chr2.1_041649168
alfalfaRep2vsXJDY1_shared_532066,chr2.1_041830665
alfalfaRep2vsXJDY1_shared_534487,chr2.1_042506293
alfalfaRep2vsXJDY1_shared_535270,chr2.1_042739112
alfalfaRep2vsXJDY1_shared_535533,chr2.1_042778272
alfalfaRep2vsXJDY1_shared_536931,chr2.1_043006909
alfalfaRep2vsXJDY1_shared_538033,chr2.1_043201762
alfalfaRep2vsXJDY1_shared_539257,chr2.1_043422195
alfalfaRep2vsXJDY1_shared_539544,chr2.1_043489993
alfalfaRep2vsXJDY1_shared_540089,chr2.1_043689452
alfalfaRep2vsXJDY1_shared_541603,chr2.1_044140037
alfalfaRep2vsXJDY1_shared_542034,chr2.1_044751688
alfalfaRep2vsXJDY1_shared_543098,chr2.1_044946110
alfalfaRep2vsXJDY1_shared_543360,chr2.1_045022364
alfalfaRep2vsXJDY1_shared_544755,chr2.1_045298116
alfalfaRep2vsXJDY1_shared_545180,chr2.1_045368921
alfalfaRep2vsXJDY1_shared_545626,chr2.1_045540090
alfalfaRep2vsXJDY1_shared_546895,chr2.1_045723615
alfalfaRep2vsXJDY1_shared_548329,chr2.1_046005479
alfalfaRep2vsXJDY1_shared_548617,chr2.1_046035946
alfalfaRep2vsXJDY1_shared_550394,chr2.1_046354459
alfalfaRep2vsXJDY1_shared_550762,chr2.1_046776775
alfalfaRep2vsXJDY1_shared_551122,chr2.1_046857023
alfalfaRep2vsXJDY1_shared_552055,chr2.1_047039760
alfalfaRep2vsXJDY1_shared_553783,chr2.1_047884563
alfalfaRep2vsXJDY1_shared_556315,chr2.1_048550212
alfalfaRep2vsXJDY1_shared_556667,chr2.1_048603552
alfalfaRep2vsXJDY1_shared_557195,chr2.1_048837289
alfalfaRep2vsXJDY1_shared_557785,chr2.1_049014621
alfalfaRep2vsXJDY1_shared_559190,chr2.1_049131264
alfalfaRep2vsXJDY1_shared_559675,chr2.1_049264926
alfalfaRep2vsXJDY1_shared_561019,chr2.1_049539929
alfalfaRep2vsXJDY1_shared_561373,chr2.1_049573583
alfalfaRep2vsXJDY1_shared_562548,chr2.1_049720757
alfalfaRep2vsXJDY1_shared_562992,chr2.1_049809886
alfalfaRep2vsXJDY1_shared_564198,chr2.1_050058158
alfalfaRep2vsXJDY1_shared_567277,chr2.1_051108088
alfalfaRep2vsXJDY1_shared_567904,chr2.1_051165676
alfalfaRep2vsXJDY1_shared_568598,chr2.1_051224634
alfalfaRep2vsXJDY1_shared_569590,chr2.1_051587388
alfalfaRep2vsXJDY1_shared_570754,chr2.1_051751007
alfalfaRep2vsXJDY1_shared_573063,chr2.1_052243977
alfalfaRep2vsXJDY1_shared_573291,chr2.1_052278775
alfalfaRep2vsXJDY1_shared_574950,chr2.1_052530989
alfalfaRep2vsXJDY1_shared_576245,chr2.1_052899289
alfalfaRep2vsXJDY1_shared_576815,chr2.1_052980656
alfalfaRep2vsXJDY1_shared_577745,chr2.1_053361957
alfalfaRep2vsXJDY1_shared_578657,chr2.1_053515611
alfalfaRep2vsXJDY1_shared_579765,chr2.1_053691014
alfalfaRep2vsXJDY1_shared_580623,chr2.1_054603199
alfalfaRep2vsXJDY1_shared_580687,chr2.1_054729177
alfalfaRep2vsXJDY1_shared_580870,chr2.1_054904224
alfalfaRep2vsXJDY1_shared_581266,chr2.1_055016679
alfalfaRep2vsXJDY1_shared_583014,chr2.1_055260894
alfalfaRep2vsXJDY1_shared_584308,chr2.1_055455133
alfalfaRep2vsXJDY1_shared_584474,chr2.1_055552178
alfalfaRep2vsXJDY1_shared_585092,chr2.1_055673290
alfalfaRep2vsXJDY1_shared_585725,chr2.1_055772890
alfalfaRep2vsXJDY1_shared_586158,chr2.1_055945951
alfalfaRep2vsXJDY1_shared_586602,chr2.1_056115106
alfalfaRep2vsXJDY1_shared_587376,chr2.1_056309720
alfalfaRep2vsXJDY1_shared_588070,chr2.1_056400517
alfalfaRep2vsXJDY1_shared_589696,chr2.1_056640940
alfalfaRep2vsXJDY1_shared_590242,chr2.1_056859414
alfalfaRep2vsXJDY1_shared_593731,chr2.1_057453849
alfalfaRep2vsXJDY1_shared_594519,chr2.1_057595958
alfalfaRep2vsXJDY1_shared_595121,chr2.1_057755046
alfalfaRep2vsXJDY1_shared_595941,chr2.1_058002281
alfalfaRep2vsXJDY1_shared_596692,chr2.1_058157464
alfalfaRep2vsXJDY1_shared_598256,chr2.1_058523773
alfalfaRep2vsXJDY1_shared_598720,chr2.1_058592683
alfalfaRep2vsXJDY1_shared_599958,chr2.1_058853678
alfalfaRep2vsXJDY1_shared_600847,chr2.1_059121840
alfalfaRep2vsXJDY1_shared_603908,chr2.1_059711171
alfalfaRep2vsXJDY1_shared_604308,chr2.1_059915667
alfalfaRep2vsXJDY1_shared_604948,chr2.1_060009912
alfalfaRep2vsXJDY1_shared_605846,chr2.1_060253680
alfalfaRep2vsXJDY1_shared_606255,chr2.1_060565140
alfalfaRep2vsXJDY1_shared_606435,chr2.1_060643873
alfalfaRep2vsXJDY1_shared_606740,chr2.1_060724660
alfalfaRep2vsXJDY1_shared_608437,chr2.1_060976699
alfalfaRep2vsXJDY1_shared_609128,chr2.1_061111570
alfalfaRep2vsXJDY1_shared_609683,chr2.1_061258903
alfalfaRep2vsXJDY1_shared_610044,chr2.1_061404621
alfalfaRep2vsXJDY1_shared_611306,chr2.1_061664787
alfalfaRep2vsXJDY1_shared_612283,chr2.1_061948846
alfalfaRep2vsXJDY1_shared_613270,chr2.1_062106966
alfalfaRep2vsXJDY1_shared_614917,chr2.1_062392216
alfalfaRep2vsXJDY1_shared_617218,chr2.1_062686943
alfalfaRep2vsXJDY1_shared_618285,chr2.1_062903490
alfalfaRep2vsXJDY1_shared_620142,chr2.1_063190022
alfalfaRep2vsXJDY1_shared_621140,chr2.1_063400783
alfalfaRep2vsXJDY1_shared_621847,chr2.1_063597346
alfalfaRep2vsXJDY1_shared_623367,chr2.1_063806235
alfalfaRep2vsXJDY1_shared_624476,chr2.1_063981014
alfalfaRep2vsXJDY1_shared_625794,chr2.1_064241380
alfalfaRep2vsXJDY1_shared_627416,chr2.1_064602891
alfalfaRep2vsXJDY1_shared_628504,chr2.1_064769324
alfalfaRep2vsXJDY1_shared_629222,chr2.1_064883289
alfalfaRep2vsXJDY1_shared_630835,chr2.1_065045514
alfalfaRep2vsXJDY1_shared_631281,chr2.1_065155040
alfalfaRep2vsXJDY1_shared_631778,chr2.1_065247188
alfalfaRep2vsXJDY1_shared_633059,chr2.1_065466152
alfalfaRep2vsXJDY1_shared_634347,chr2.1_065717581
alfalfaRep2vsXJDY1_shared_635553,chr2.1_066001759
alfalfaRep2vsXJDY1_shared_635993,chr2.1_066106257
alfalfaRep2vsXJDY1_shared_637893,chr2.1_066472368
alfalfaRep2vsXJDY1_shared_639118,chr2.1_066683600
alfalfaRep2vsXJDY1_shared_640506,chr2.1_066838977
alfalfaRep2vsXJDY1_shared_642030,chr2.1_067135012
alfalfaRep2vsXJDY1_shared_643059,chr2.1_067373166
alfalfaRep2vsXJDY1_shared_643805,chr2.1_067447855
alfalfaRep2vsXJDY1_shared_644914,chr2.1_067626412
alfalfaRep2vsXJDY1_shared_645134,chr2.1_067661499
alfalfaRep2vsXJDY1_shared_646399,chr2.1_067882260
alfalfaRep2vsXJDY1_shared_647787,chr2.1_068078282
alfalfaRep2vsXJDY1_shared_649061,chr2.1_068273884
alfalfaRep2vsXJDY1_shared_650511,chr2.1_068488669
alfalfaRep2vsXJDY1_shared_651571,chr2.1_068647559
alfalfaRep2vsXJDY1_shared_652597,chr2.1_068811538
alfalfaRep2vsXJDY1_shared_654071,chr2.1_069084772
alfalfaRep2vsXJDY1_shared_655242,chr2.1_069285127
alfalfaRep2vsXJDY1_shared_656046,chr2.1_069452021
alfalfaRep2vsXJDY1_shared_657581,chr2.1_069751074
alfalfaRep2vsXJDY1_shared_658236,chr2.1_069941140
alfalfaRep2vsXJDY1_shared_658923,chr2.1_070070056
alfalfaRep2vsXJDY1_shared_659970,chr2.1_070290505
alfalfaRep2vsXJDY1_shared_661047,chr2.1_070426284
alfalfaRep2vsXJDY1_shared_662061,chr2.1_070602821
alfalfaRep2vsXJDY1_shared_663399,chr2.1_070778290
alfalfaRep2vsXJDY1_shared_663620,chr2.1_070813755
alfalfaRep2vsXJDY1_shared_664112,chr2.1_071006912
alfalfaRep2vsXJDY1_shared_665096,chr2.1_071240581
alfalfaRep2vsXJDY1_shared_665286,chr2.1_071273181
alfalfaRep2vsXJDY1_shared_665847,chr2.1_071379437
alfalfaRep2vsXJDY1_shared_667535,chr2.1_071631466
alfalfaRep2vsXJDY1_shared_667956,chr2.1_071735044
alfalfaRep2vsXJDY1_shared_669249,chr2.1_071996153
alfalfaRep2vsXJDY1_shared_670668,chr2.1_072279166
alfalfaRep2vsXJDY1_shared_671210,chr2.1_072374957
alfalfaRep2vsXJDY1_shared_671538,chr2.1_072464009
alfalfaRep2vsXJDY1_shared_673615,chr2.1_072758607
alfalfaRep2vsXJDY1_shared_674096,chr2.1_072855319
alfalfaRep2vsXJDY1_shared_675511,chr2.1_073079552
alfalfaRep2vsXJDY1_shared_678085,chr2.1_073425434
alfalfaRep2vsXJDY1_shared_678257,chr2.1_073482886
alfalfaRep2vsXJDY1_shared_678720,chr2.1_073570461
alfalfaRep2vsXJDY1_shared_679993,chr2.1_073847072
alfalfaRep2vsXJDY1_shared_680164,chr2.1_073931457
alfalfaRep2vsXJDY1_shared_682190,chr2.1_074381285
alfalfaRep2vsXJDY1_shared_682923,chr2.1_074504073
alfalfaRep2vsXJDY1_shared_683621,chr2.1_074664094
alfalfaRep2vsXJDY1_shared_683982,chr2.1_074821189
alfalfaRep2vsXJDY1_shared_684574,chr2.1_074927082
alfalfaRep2vsXJDY1_shared_685711,chr2.1_075135596
alfalfaRep2vsXJDY1_shared_686061,chr2.1_075183312
alfalfaRep2vsXJDY1_shared_687547,chr2.1_075539465
alfalfaRep2vsXJDY1_shared_688379,chr2.1_075671787
alfalfaRep2vsXJDY1_shared_689559,chr2.1_075950164
alfalfaRep2vsXJDY1_shared_690004,chr2.1_076029897
alfalfaRep2vsXJDY1_shared_691266,chr2.1_076438134
alfalfaRep2vsXJDY1_shared_691391,chr3.1_000619360
alfalfaRep2vsXJDY1_shared_691607,chr3.1_000695673
alfalfaRep2vsXJDY1_shared_693245,chr3.1_000890340
alfalfaRep2vsXJDY1_shared_694513,chr3.1_001112364
alfalfaRep2vsXJDY1_shared_695548,chr3.1_001430610
alfalfaRep2vsXJDY1_shared_696167,chr3.1_001541394
alfalfaRep2vsXJDY1_shared_696605,chr3.1_001921630
alfalfaRep2vsXJDY1_shared_697142,chr3.1_002070122
alfalfaRep2vsXJDY1_shared_697943,chr3.1_002221858
alfalfaRep2vsXJDY1_shared_698250,chr3.1_002338008
alfalfaRep2vsXJDY1_shared_699669,chr3.1_002587746
alfalfaRep2vsXJDY1_shared_700143,chr3.1_003133270
alfalfaRep2vsXJDY1_shared_700560,chr3.1_003296425
alfalfaRep2vsXJDY1_shared_701292,chr3.1_003544214
alfalfaRep2vsXJDY1_shared_701618,chr3.1_003630998
alfalfaRep2vsXJDY1_shared_701904,chr3.1_003759869
alfalfaRep2vsXJDY1_shared_702725,chr3.1_003920560
alfalfaRep2vsXJDY1_shared_703603,chr3.1_004000939
alfalfaRep2vsXJDY1_shared_704703,chr3.1_004179505
alfalfaRep2vsXJDY1_shared_704941,chr3.1_004373821
alfalfaRep2vsXJDY1_shared_705787,chr3.1_004598764
alfalfaRep2vsXJDY1_shared_705905,chr3.1_004703056
alfalfaRep2vsXJDY1_shared_706663,chr3.1_004885531
alfalfaRep2vsXJDY1_shared_707265,chr3.1_004945725
alfalfaRep2vsXJDY1_shared_708426,chr3.1_005156054
alfalfaRep2vsXJDY1_shared_709600,chr3.1_005267797
alfalfaRep2vsXJDY1_shared_710284,chr3.1_005484673
alfalfaRep2vsXJDY1_shared_711302,chr3.1_006085857
alfalfaRep2vsXJDY1_shared_711400,chr3.1_006164877
alfalfaRep2vsXJDY1_shared_712164,chr3.1_006538706
alfalfaRep2vsXJDY1_shared_712449,chr3.1_006575541
alfalfaRep2vsXJDY1_shared_713081,chr3.1_006730575
alfalfaRep2vsXJDY1_shared_715240,chr3.1_007002282
alfalfaRep2vsXJDY1_shared_715458,chr3.1_007096643
alfalfaRep2vsXJDY1_shared_716626,chr3.1_007656071
alfalfaRep2vsXJDY1_shared_716778,chr3.1_007692184
alfalfaRep2vsXJDY1_shared_717870,chr3.1_007867764
alfalfaRep2vsXJDY1_shared_719088,chr3.1_008069655
alfalfaRep2vsXJDY1_shared_719763,chr3.1_008295978
alfalfaRep2vsXJDY1_shared_720287,chr3.1_008431851
alfalfaRep2vsXJDY1_shared_721282,chr3.1_008637528
alfalfaRep2vsXJDY1_shared_721835,chr3.1_008820784
alfalfaRep2vsXJDY1_shared_722893,chr3.1_008984137
alfalfaRep2vsXJDY1_shared_723506,chr3.1_009091213
alfalfaRep2vsXJDY1_shared_724833,chr3.1_009379167
alfalfaRep2vsXJDY1_shared_725046,chr3.1_009441649
alfalfaRep2vsXJDY1_shared_725575,chr3.1_009753903
alfalfaRep2vsXJDY1_shared_726794,chr3.1_010139925
alfalfaRep2vsXJDY1_shared_727338,chr3.1_010261844
alfalfaRep2vsXJDY1_shared_727574,chr3.1_010301710
alfalfaRep2vsXJDY1_shared_729036,chr3.1_010508284
alfalfaRep2vsXJDY1_shared_730162,chr3.1_010791523
alfalfaRep2vsXJDY1_shared_730576,chr3.1_010956413
alfalfaRep2vsXJDY1_shared_731510,chr3.1_011191399
alfalfaRep2vsXJDY1_shared_732944,chr3.1_011481016
alfalfaRep2vsXJDY1_shared_734018,chr3.1_011632610
alfalfaRep2vsXJDY1_shared_734537,chr3.1_011935321
alfalfaRep2vsXJDY1_shared_735986,chr3.1_012390730
alfalfaRep2vsXJDY1_shared_737080,chr3.1_012823703
alfalfaRep2vsXJDY1_shared_738216,chr3.1_013341410
alfalfaRep2vsXJDY1_shared_740005,chr3.1_013597345
alfalfaRep2vsXJDY1_shared_740917,chr3.1_013719083
alfalfaRep2vsXJDY1_shared_741344,chr3.1_013905640
alfalfaRep2vsXJDY1_shared_742106,chr3.1_014234776
alfalfaRep2vsXJDY1_shared_742399,chr3.1_014352896
alfalfaRep2vsXJDY1_shared_743037,chr3.1_014662831
alfalfaRep2vsXJDY1_shared_743856,chr3.1_014912585
alfalfaRep2vsXJDY1_shared_744006,chr3.1_014955794
alfalfaRep2vsXJDY1_shared_744965,chr3.1_015437240
alfalfaRep2vsXJDY1_shared_745207,chr3.1_015689906
alfalfaRep2vsXJDY1_shared_747308,chr3.1_016188956
alfalfaRep2vsXJDY1_shared_748763,chr3.1_016610875
alfalfaRep2vsXJDY1_shared_749374,chr3.1_016794891
alfalfaRep2vsXJDY1_shared_750296,chr3.1_016909645
alfalfaRep2vsXJDY1_shared_750781,chr3.1_017002073
alfalfaRep2vsXJDY1_shared_751363,chr3.1_017226890
alfalfaRep2vsXJDY1_shared_751599,chr3.1_017319408
alfalfaRep2vsXJDY1_shared_757271,chr3.1_018689569
alfalfaRep2vsXJDY1_shared_758640,chr3.1_019592330
alfalfaRep2vsXJDY1_shared_758852,chr3.1_019665408
alfalfaRep2vsXJDY1_shared_759137,chr3.1_019719534
alfalfaRep2vsXJDY1_shared_761671,chr3.1_020093449
alfalfaRep2vsXJDY1_shared_762189,chr3.1_020356815
alfalfaRep2vsXJDY1_shared_762325,chr3.1_020401615
alfalfaRep2vsXJDY1_shared_763010,chr3.1_020614448
alfalfaRep2vsXJDY1_shared_763173,chr3.1_020706777
alfalfaRep2vsXJDY1_shared_763451,chr3.1_020822805
alfalfaRep2vsXJDY1_shared_764206,chr3.1_021290180
alfalfaRep2vsXJDY1_shared_765304,chr3.1_021907485
alfalfaRep2vsXJDY1_shared_766008,chr3.1_021987096
alfalfaRep2vsXJDY1_shared_766639,chr3.1_022338664
alfalfaRep2vsXJDY1_shared_767477,chr3.1_022503573
alfalfaRep2vsXJDY1_shared_767863,chr3.1_022654519
alfalfaRep2vsXJDY1_shared_770786,chr3.1_023421160
alfalfaRep2vsXJDY1_shared_771336,chr3.1_023567227
alfalfaRep2vsXJDY1_shared_771643,chr3.1_023630612
alfalfaRep2vsXJDY1_shared_772211,chr3.1_023935665
alfalfaRep2vsXJDY1_shared_772637,chr3.1_024031730
alfalfaRep2vsXJDY1_shared_773251,chr3.1_024337262
alfalfaRep2vsXJDY1_shared_774414,chr3.1_024635691
alfalfaRep2vsXJDY1_shared_775775,chr3.1_024828011
alfalfaRep2vsXJDY1_shared_776680,chr3.1_025197475
alfalfaRep2vsXJDY1_shared_778132,chr3.1_026035367
alfalfaRep2vsXJDY1_shared_779514,chr3.1_026163286
alfalfaRep2vsXJDY1_shared_779911,chr3.1_026620370
alfalfaRep2vsXJDY1_shared_780271,chr3.1_027034933
alfalfaRep2vsXJDY1_shared_780759,chr3.1_027536476
alfalfaRep2vsXJDY1_shared_781112,chr3.1_027683010
alfalfaRep2vsXJDY1_shared_782541,chr3.1_028054746
alfalfaRep2vsXJDY1_shared_782711,chr3.1_028104831
alfalfaRep2vsXJDY1_shared_782857,chr3.1_028312597
alfalfaRep2vsXJDY1_shared_783399,chr3.1_028434787
alfalfaRep2vsXJDY1_shared_786991,chr3.1_029689315
alfalfaRep2vsXJDY1_shared_787357,chr3.1_029854967
alfalfaRep2vsXJDY1_shared_788358,chr3.1_030104569
alfalfaRep2vsXJDY1_shared_789225,chr3.1_030246951
alfalfaRep2vsXJDY1_shared_789796,chr3.1_030359276
alfalfaRep2vsXJDY1_shared_790798,chr3.1_030593835
alfalfaRep2vsXJDY1_shared_791769,chr3.1_030850490
alfalfaRep2vsXJDY1_shared_792793,chr3.1_031127384
alfalfaRep2vsXJDY1_shared_795041,chr3.1_031335056
alfalfaRep2vsXJDY1_shared_796686,chr3.1_031597411
alfalfaRep2vsXJDY1_shared_797438,chr3.1_031823210
alfalfaRep2vsXJDY1_shared_797947,chr3.1_031882813
alfalfaRep2vsXJDY1_shared_798991,chr3.1_032087755
alfalfaRep2vsXJDY1_shared_799366,chr3.1_032189111
alfalfaRep2vsXJDY1_shared_801052,chr3.1_032527655
alfalfaRep2vsXJDY1_shared_802875,chr3.1_032963065
alfalfaRep2vsXJDY1_shared_803676,chr3.1_033334412
alfalfaRep2vsXJDY1_shared_805100,chr3.1_033652615
alfalfaRep2vsXJDY1_shared_806051,chr3.1_033850264
alfalfaRep2vsXJDY1_shared_807812,chr3.1_034111507
alfalfaRep2vsXJDY1_shared_809346,chr3.1_034394143
alfalfaRep2vsXJDY1_shared_810066,chr3.1_034491941
alfalfaRep2vsXJDY1_shared_811851,chr3.1_034811838
alfalfaRep2vsXJDY1_shared_811932,chr3.1_034893744
alfalfaRep2vsXJDY1_shared_812537,chr3.1_035088245
alfalfaRep2vsXJDY1_shared_812677,chr3.1_035149155
alfalfaRep2vsXJDY1_shared_812982,chr3.1_035290918
alfalfaRep2vsXJDY1_shared_813393,chr3.1_035402823
alfalfaRep2vsXJDY1_shared_816523,chr3.1_036154190
alfalfaRep2vsXJDY1_shared_817584,chr3.1_036506595
alfalfaRep2vsXJDY1_shared_819135,chr3.1_036767886
alfalfaRep2vsXJDY1_shared_821294,chr3.1_037140532
alfalfaRep2vsXJDY1_shared_821926,chr3.1_037355724
alfalfaRep2vsXJDY1_shared_821958,chr3.1_037388128
alfalfaRep2vsXJDY1_shared_822509,chr3.1_037652507
alfalfaRep2vsXJDY1_shared_823167,chr3.1_037923054
alfalfaRep2vsXJDY1_shared_825146,chr3.1_038238006
alfalfaRep2vsXJDY1_shared_825483,chr3.1_038303519
alfalfaRep2vsXJDY1_shared_830090,chr3.1_038840261
alfalfaRep2vsXJDY1_shared_830346,chr3.1_039266956
alfalfaRep2vsXJDY1_shared_830697,chr3.1_039722494
alfalfaRep2vsXJDY1_shared_831778,chr3.1_040152033
alfalfaRep2vsXJDY1_shared_832209,chr3.1_040218014
alfalfaRep2vsXJDY1_shared_834882,chr3.1_040466885
alfalfaRep2vsXJDY1_shared_836527,chr3.1_040725640
alfalfaRep2vsXJDY1_shared_837715,chr3.1_040891924
alfalfaRep2vsXJDY1_shared_838802,chr3.1_041090026
alfalfaRep2vsXJDY1_shared_841037,chr3.1_041369407
alfalfaRep2vsXJDY1_shared_842245,chr3.1_041495216
alfalfaRep2vsXJDY1_shared_843890,chr3.1_041830393
alfalfaRep2vsXJDY1_shared_844389,chr3.1_042153532
alfalfaRep2vsXJDY1_shared_844642,chr3.1_042188167
alfalfaRep2vsXJDY1_shared_846023,chr3.1_042573209
alfalfaRep2vsXJDY1_shared_846320,chr3.1_042621440
alfalfaRep2vsXJDY1_shared_847137,chr3.1_043123005
alfalfaRep2vsXJDY1_shared_848697,chr3.1_043331710
alfalfaRep2vsXJDY1_shared_849545,chr3.1_043535584
alfalfaRep2vsXJDY1_shared_851269,chr3.1_043749631
alfalfaRep2vsXJDY1_shared_853553,chr3.1_044366628
alfalfaRep2vsXJDY1_shared_854793,chr3.1_044534339
alfalfaRep2vsXJDY1_shared_855899,chr3.1_044716808
alfalfaRep2vsXJDY1_shared_856700,chr3.1_044911019
alfalfaRep2vsXJDY1_shared_858529,chr3.1_045221007
alfalfaRep2vsXJDY1_shared_859134,chr3.1_045391318
alfalfaRep2vsXJDY1_shared_860888,chr3.1_046074525
alfalfaRep2vsXJDY1_shared_862349,chr3.1_046346810
alfalfaRep2vsXJDY1_shared_862934,chr3.1_046559528
alfalfaRep2vsXJDY1_shared_863473,chr3.1_046666645
alfalfaRep2vsXJDY1_shared_864667,chr3.1_046868714
alfalfaRep2vsXJDY1_shared_865964,chr3.1_047052565
alfalfaRep2vsXJDY1_shared_866884,chr3.1_047175528
alfalfaRep2vsXJDY1_shared_867222,chr3.1_047237168
alfalfaRep2vsXJDY1_shared_868398,chr3.1_047494037
alfalfaRep2vsXJDY1_shared_869224,chr3.1_047768231
alfalfaRep2vsXJDY1_shared_869430,chr3.1_047831715
alfalfaRep2vsXJDY1_shared_870526,chr3.1_048199144
alfalfaRep2vsXJDY1_shared_870914,chr3.1_048307328
alfalfaRep2vsXJDY1_shared_872751,chr3.1_048653253
alfalfaRep2vsXJDY1_shared_873188,chr3.1_048830809
alfalfaRep2vsXJDY1_shared_874521,chr3.1_049070031
alfalfaRep2vsXJDY1_shared_876680,chr3.1_049527032
alfalfaRep2vsXJDY1_shared_877122,chr3.1_049635432
alfalfaRep2vsXJDY1_shared_877966,chr3.1_049953293
alfalfaRep2vsXJDY1_shared_878221,chr3.1_050007209
alfalfaRep2vsXJDY1_shared_878784,chr3.1_050189320
alfalfaRep2vsXJDY1_shared_879540,chr3.1_050397980
alfalfaRep2vsXJDY1_shared_879940,chr3.1_050483190
alfalfaRep2vsXJDY1_shared_880402,chr3.1_050906611
alfalfaRep2vsXJDY1_shared_881354,chr3.1_051270614
alfalfaRep2vsXJDY1_shared_882042,chr3.1_051418183
alfalfaRep2vsXJDY1_shared_882444,chr3.1_051569473
alfalfaRep2vsXJDY1_shared_883265,chr3.1_052123789
alfalfaRep2vsXJDY1_shared_883956,chr3.1_052207570
alfalfaRep2vsXJDY1_shared_884825,chr3.1_052446364
alfalfaRep2vsXJDY1_shared_885367,chr3.1_052635497
alfalfaRep2vsXJDY1_shared_886330,chr3.1_052775383
alfalfaRep2vsXJDY1_shared_887118,chr3.1_052963824
alfalfaRep2vsXJDY1_shared_887862,chr3.1_053066321
alfalfaRep2vsXJDY1_shared_889245,chr3.1_053205775
alfalfaRep2vsXJDY1_shared_890678,chr3.1_053349663
alfalfaRep2vsXJDY1_shared_892123,chr3.1_053603314
alfalfaRep2vsXJDY1_shared_893219,chr3.1_053722459
alfalfaRep2vsXJDY1_shared_894386,chr3.1_053868941
alfalfaRep2vsXJDY1_shared_894700,chr3.1_053985956
alfalfaRep2vsXJDY1_shared_894790,chr3.1_054075311
alfalfaRep2vsXJDY1_shared_895532,chr3.1_054346561
alfalfaRep2vsXJDY1_shared_897095,chr3.1_054613403
alfalfaRep2vsXJDY1_shared_899204,chr3.1_054989876
alfalfaRep2vsXJDY1_shared_899414,chr3.1_055148829
alfalfaRep2vsXJDY1_shared_900032,chr3.1_055321736
alfalfaRep2vsXJDY1_shared_900226,chr3.1_055361915
alfalfaRep2vsXJDY1_shared_900994,chr3.1_055612085
alfalfaRep2vsXJDY1_shared_902078,chr3.1_055879521
alfalfaRep2vsXJDY1_shared_902658,chr3.1_056033516
alfalfaRep2vsXJDY1_shared_904768,chr3.1_056270557
alfalfaRep2vsXJDY1_shared_906403,chr3.1_056507630
alfalfaRep2vsXJDY1_shared_907157,chr3.1_056630807
alfalfaRep2vsXJDY1_shared_907942,chr3.1_056852572
alfalfaRep2vsXJDY1_shared_908069,chr3.1_056927846
alfalfaRep2vsXJDY1_shared_908298,chr3.1_057063532
alfalfaRep2vsXJDY1_shared_908826,chr3.1_057149346
alfalfaRep2vsXJDY1_shared_909862,chr3.1_057360963
alfalfaRep2vsXJDY1_shared_911316,chr3.1_057640794
alfalfaRep2vsXJDY1_shared_911921,chr3.1_057758445
alfalfaRep2vsXJDY1_shared_912495,chr3.1_057983297
alfalfaRep2vsXJDY1_shared_913678,chr3.1_058234082
alfalfaRep2vsXJDY1_shared_914493,chr3.1_058435025
alfalfaRep2vsXJDY1_shared_915069,chr3.1_058489131
alfalfaRep2vsXJDY1_shared_915262,chr3.1_058546385
alfalfaRep2vsXJDY1_shared_917037,chr3.1_058741122
alfalfaRep2vsXJDY1_shared_917099,chr3.1_058780248
alfalfaRep2vsXJDY1_shared_917200,chr3.1_058989121
alfalfaRep2vsXJDY1_shared_917516,chr3.1_059175868
alfalfaRep2vsXJDY1_shared_918263,chr3.1_059307087
alfalfaRep2vsXJDY1_shared_919934,chr3.1_059582437
alfalfaRep2vsXJDY1_shared_920760,chr3.1_059769343
alfalfaRep2vsXJDY1_shared_921879,chr3.1_060023594
alfalfaRep2vsXJDY1_shared_922682,chr3.1_060184339
alfalfaRep2vsXJDY1_shared_923349,chr3.1_060270254
alfalfaRep2vsXJDY1_shared_923598,chr3.1_060345893
alfalfaRep2vsXJDY1_shared_924853,chr3.1_060627172
alfalfaRep2vsXJDY1_shared_925542,chr3.1_060774942
alfalfaRep2vsXJDY1_shared_926537,chr3.1_061067045
alfalfaRep2vsXJDY1_shared_927249,chr3.1_061145399
alfalfaRep2vsXJDY1_shared_928396,chr3.1_061393310
alfalfaRep2vsXJDY1_shared_929184,chr3.1_061528782
alfalfaRep2vsXJDY1_shared_930069,chr3.1_061623018
alfalfaRep2vsXJDY1_shared_930705,chr3.1_061786370
alfalfaRep2vsXJDY1_shared_931050,chr3.1_061911846
alfalfaRep2vsXJDY1_shared_931429,chr3.1_062442788
alfalfaRep2vsXJDY1_shared_931603,chr3.1_062616485
alfalfaRep2vsXJDY1_shared_931893,chr3.1_063046982
alfalfaRep2vsXJDY1_shared_932420,chr3.1_063321831
alfalfaRep2vsXJDY1_shared_934008,chr3.1_063663170
alfalfaRep2vsXJDY1_shared_934342,chr3.1_063745435
alfalfaRep2vsXJDY1_shared_935766,chr3.1_063964007
alfalfaRep2vsXJDY1_shared_937320,chr3.1_064193990
alfalfaRep2vsXJDY1_shared_938113,chr3.1_064334225
alfalfaRep2vsXJDY1_shared_938488,chr3.1_064377714
alfalfaRep2vsXJDY1_shared_939915,chr3.1_064643112
alfalfaRep2vsXJDY1_shared_940866,chr3.1_064834597
alfalfaRep2vsXJDY1_shared_941317,chr3.1_065062082
alfalfaRep2vsXJDY1_shared_942159,chr3.1_065262411
alfalfaRep2vsXJDY1_shared_942795,chr3.1_065325157
alfalfaRep2vsXJDY1_shared_943182,chr3.1_065419775
alfalfaRep2vsXJDY1_shared_944252,chr3.1_065613215
alfalfaRep2vsXJDY1_shared_945348,chr3.1_065815376
alfalfaRep2vsXJDY1_shared_946735,chr3.1_066048994
alfalfaRep2vsXJDY1_shared_947333,chr3.1_066254938
alfalfaRep2vsXJDY1_shared_947576,chr3.1_066407281
alfalfaRep2vsXJDY1_shared_948441,chr3.1_066575975
alfalfaRep2vsXJDY1_shared_948852,chr3.1_066635815
alfalfaRep2vsXJDY1_shared_949168,chr3.1_066686768
alfalfaRep2vsXJDY1_shared_949756,chr3.1_066873285
alfalfaRep2vsXJDY1_shared_952151,chr3.1_067244188
alfalfaRep2vsXJDY1_shared_953294,chr3.1_067477150
alfalfaRep2vsXJDY1_shared_953700,chr3.1_067540142
alfalfaRep2vsXJDY1_shared_955106,chr3.1_067921079
alfalfaRep2vsXJDY1_shared_955571,chr3.1_068002100
alfalfaRep2vsXJDY1_shared_955923,chr3.1_068178068
alfalfaRep2vsXJDY1_shared_957261,chr3.1_068442838
alfalfaRep2vsXJDY1_shared_957552,chr3.1_068500656
alfalfaRep2vsXJDY1_shared_957646,chr3.1_068656342
alfalfaRep2vsXJDY1_shared_959572,chr3.1_069231202
alfalfaRep2vsXJDY1_shared_960190,chr3.1_069450464
alfalfaRep2vsXJDY1_shared_960550,chr3.1_069591327
alfalfaRep2vsXJDY1_shared_960806,chr3.1_069669859
alfalfaRep2vsXJDY1_shared_961713,chr3.1_069820753
alfalfaRep2vsXJDY1_shared_962290,chr3.1_070224611
alfalfaRep2vsXJDY1_shared_963213,chr3.1_070350159
alfalfaRep2vsXJDY1_shared_963977,chr3.1_070543405
alfalfaRep2vsXJDY1_shared_964513,chr3.1_070849199
alfalfaRep2vsXJDY1_shared_964678,chr3.1_070951996
alfalfaRep2vsXJDY1_shared_965602,chr3.1_071286896
alfalfaRep2vsXJDY1_shared_966524,chr3.1_071432239
alfalfaRep2vsXJDY1_shared_967769,chr3.1_071605426
alfalfaRep2vsXJDY1_shared_968033,chr3.1_071758890
alfalfaRep2vsXJDY1_shared_968220,chr3.1_071793071
alfalfaRep2vsXJDY1_shared_969342,chr3.1_072014851
alfalfaRep2vsXJDY1_shared_970040,chr3.1_072122893
alfalfaRep2vsXJDY1_shared_971032,chr3.1_072363790
alfalfaRep2vsXJDY1_shared_973086,chr3.1_072611357
alfalfaRep2vsXJDY1_shared_973996,chr3.1_072804612
alfalfaRep2vsXJDY1_shared_974237,chr3.1_072858585
alfalfaRep2vsXJDY1_shared_975336,chr3.1_073188967
alfalfaRep2vsXJDY1_shared_976745,chr3.1_073400352
alfalfaRep2vsXJDY1_shared_976870,chr3.1_073435393
alfalfaRep2vsXJDY1_shared_977111,chr3.1_073527322
alfalfaRep2vsXJDY1_shared_977868,chr3.1_073688611
alfalfaRep2vsXJDY1_shared_978865,chr3.1_073802878
alfalfaRep2vsXJDY1_shared_980009,chr3.1_074095973
alfalfaRep2vsXJDY1_shared_980309,chr3.1_074150027
alfalfaRep2vsXJDY1_shared_981406,chr3.1_074356792
alfalfaRep2vsXJDY1_shared_982678,chr3.1_074764341
alfalfaRep2vsXJDY1_shared_983917,chr3.1_074943903
alfalfaRep2vsXJDY1_shared_985953,chr3.1_075317772
alfalfaRep2vsXJDY1_shared_987500,chr3.1_075626145
alfalfaRep2vsXJDY1_shared_988622,chr3.1_075789251
alfalfaRep2vsXJDY1_shared_988933,chr3.1_075872371
alfalfaRep2vsXJDY1_shared_989295,chr3.1_075963488
alfalfaRep2vsXJDY1_shared_990214,chr3.1_076196038
alfalfaRep2vsXJDY1_shared_990931,chr3.1_076343830
alfalfaRep2vsXJDY1_shared_991214,chr3.1_076448210
alfalfaRep2vsXJDY1_shared_991902,chr3.1_076555403
alfalfaRep2vsXJDY1_shared_992732,chr3.1_076707181
alfalfaRep2vsXJDY1_shared_993458,chr3.1_077056566
alfalfaRep2vsXJDY1_shared_994849,chr3.1_077281257
alfalfaRep2vsXJDY1_shared_995206,chr3.1_077420146
alfalfaRep2vsXJDY1_shared_995979,chr3.1_077539853
alfalfaRep2vsXJDY1_shared_997076,chr3.1_077747393
alfalfaRep2vsXJDY1_shared_997782,chr3.1_077962709
alfalfaRep2vsXJDY1_shared_998370,chr3.1_078077889
alfalfaRep2vsXJDY1_shared_999401,chr3.1_078529969
alfalfaRep2vsXJDY1_shared_1000570,chr3.1_078721100
alfalfaRep2vsXJDY1_shared_1001594,chr3.1_078962615
alfalfaRep2vsXJDY1_shared_1002130,chr3.1_079060435
alfalfaRep2vsXJDY1_shared_1002267,chr3.1_079446360
alfalfaRep2vsXJDY1_shared_1002341,chr3.1_079478584
alfalfaRep2vsXJDY1_shared_1002592,chr3.1_079561614
alfalfaRep2vsXJDY1_shared_1003110,chr3.1_079706180
alfalfaRep2vsXJDY1_shared_1004042,chr3.1_079815199
alfalfaRep2vsXJDY1_shared_1004816,chr3.1_079911889
alfalfaRep2vsXJDY1_shared_1005403,chr3.1_080288011
alfalfaRep2vsXJDY1_shared_1005967,chr3.1_080384140
alfalfaRep2vsXJDY1_shared_1006815,chr3.1_080583225
alfalfaRep2vsXJDY1_shared_1007403,chr3.1_080714973
alfalfaRep2vsXJDY1_shared_1008030,chr3.1_080826259
alfalfaRep2vsXJDY1_shared_1008695,chr3.1_080980552
alfalfaRep2vsXJDY1_shared_1008997,chr3.1_081334080
alfalfaRep2vsXJDY1_shared_1009379,chr3.1_081395244
alfalfaRep2vsXJDY1_shared_1009495,chr3.1_081480698
alfalfaRep2vsXJDY1_shared_1011329,chr3.1_081798620
alfalfaRep2vsXJDY1_shared_1011674,chr3.1_081840609
alfalfaRep2vsXJDY1_shared_1012956,chr3.1_082188829
alfalfaRep2vsXJDY1_shared_1013700,chr3.1_082394450
alfalfaRep2vsXJDY1_shared_1014138,chr3.1_082510290
alfalfaRep2vsXJDY1_shared_1014465,chr3.1_082693171
alfalfaRep2vsXJDY1_shared_1014780,chr3.1_082769154
alfalfaRep2vsXJDY1_shared_1016045,chr3.1_083068634
alfalfaRep2vsXJDY1_shared_1016892,chr3.1_083296752
alfalfaRep2vsXJDY1_shared_1017072,chr3.1_083372410
alfalfaRep2vsXJDY1_shared_1017118,chr3.1_083413539
alfalfaRep2vsXJDY1_shared_1017166,chr3.1_083724512
alfalfaRep2vsXJDY1_shared_1017248,chr3.1_084119445
alfalfaRep2vsXJDY1_shared_1017442,chr3.1_084283981
alfalfaRep2vsXJDY1_shared_1018298,chr3.1_084424131
alfalfaRep2vsXJDY1_shared_1018881,chr3.1_084557406
alfalfaRep2vsXJDY1_shared_1019165,chr3.1_084606105
alfalfaRep2vsXJDY1_shared_1020305,chr3.1_084961817
alfalfaRep2vsXJDY1_shared_1021847,chr3.1_085212900
alfalfaRep2vsXJDY1_shared_1022202,chr3.1_085271441
alfalfaRep2vsXJDY1_shared_1022688,chr3.1_085740129
alfalfaRep2vsXJDY1_shared_1022791,chr3.1_086016528
alfalfaRep2vsXJDY1_shared_1022844,chr3.1_086255748
alfalfaRep2vsXJDY1_shared_1022908,chr3.1_086475023
alfalfaRep2vsXJDY1_shared_1023967,chr3.1_086736143
alfalfaRep2vsXJDY1_shared_1024578,chr3.1_087037740
alfalfaRep2vsXJDY1_shared_1025493,chr3.1_087196712
alfalfaRep2vsXJDY1_shared_1026007,chr3.1_087356557
alfalfaRep2vsXJDY1_shared_1026103,chr3.1_087400611
alfalfaRep2vsXJDY1_shared_1026424,chr3.1_087784823
alfalfaRep2vsXJDY1_shared_1026956,chr3.1_087894917
alfalfaRep2vsXJDY1_shared_1027849,chr3.1_088114859
alfalfaRep2vsXJDY1_shared_1028218,chr3.1_088171126
alfalfaRep2vsXJDY1_shared_1029546,chr3.1_088373303
alfalfaRep2vsXJDY1_shared_1030959,chr3.1_088572986
alfalfaRep2vsXJDY1_shared_1032189,chr3.1_088781520
alfalfaRep2vsXJDY1_shared_1032836,chr3.1_088969889
alfalfaRep2vsXJDY1_shared_1035146,chr3.1_089419279
alfalfaRep2vsXJDY1_shared_1036227,chr3.1_089686120
alfalfaRep2vsXJDY1_shared_1036535,chr3.1_089746248
alfalfaRep2vsXJDY1_shared_1036941,chr3.1_089830276
alfalfaRep2vsXJDY1_shared_1037581,chr3.1_089970853
alfalfaRep2vsXJDY1_shared_1038027,chr3.1_090153084
alfalfaRep2vsXJDY1_shared_1038840,chr3.1_090535510
alfalfaRep2vsXJDY1_shared_1039061,chr3.1_090583093
alfalfaRep2vsXJDY1_shared_1039894,chr3.1_090757623
alfalfaRep2vsXJDY1_shared_1041813,chr3.1_091189551
alfalfaRep2vsXJDY1_shared_1042277,chr3.1_091243343
alfalfaRep2vsXJDY1_shared_1044083,chr3.1_091696207
alfalfaRep2vsXJDY1_shared_1044787,chr3.1_091947885
alfalfaRep2vsXJDY1_shared_1045205,chr3.1_092074238
alfalfaRep2vsXJDY1_shared_1045620,chr3.1_092179293
alfalfaRep2vsXJDY1_shared_1046435,chr3.1_092391363
alfalfaRep2vsXJDY1_shared_1047074,chr3.1_092506369
alfalfaRep2vsXJDY1_shared_1047423,chr3.1_092577217
alfalfaRep2vsXJDY1_shared_1049198,chr3.1_092892315
alfalfaRep2vsXJDY1_shared_1049878,chr4.1_000046379
alfalfaRep2vsXJDY1_shared_1050617,chr4.1_000216045
alfalfaRep2vsXJDY1_shared_1050854,chr4.1_000283218
alfalfaRep2vsXJDY1_shared_1051740,chr4.1_000611893
alfalfaRep2vsXJDY1_shared_1051858,chr4.1_000655569
alfalfaRep2vsXJDY1_shared_1052405,chr4.1_000768094
alfalfaRep2vsXJDY1_shared_1052926,chr4.1_001022673
alfalfaRep2vsXJDY1_shared_1053547,chr4.1_001101368
alfalfaRep2vsXJDY1_shared_1053674,chr4.1_001137477
alfalfaRep2vsXJDY1_shared_1054758,chr4.1_001342769
alfalfaRep2vsXJDY1_shared_1055341,chr4.1_001509767
alfalfaRep2vsXJDY1_shared_1055825,chr4.1_001744051
alfalfaRep2vsXJDY1_shared_1057047,chr4.1_002022002
alfalfaRep2vsXJDY1_shared_1057343,chr4.1_002245481
alfalfaRep2vsXJDY1_shared_1058203,chr4.1_002402452
alfalfaRep2vsXJDY1_shared_1058454,chr4.1_002546492
alfalfaRep2vsXJDY1_shared_1059411,chr4.1_002773590
alfalfaRep2vsXJDY1_shared_1059823,chr4.1_002838673
alfalfaRep2vsXJDY1_shared_1061422,chr4.1_003138318
alfalfaRep2vsXJDY1_shared_1061642,chr4.1_003186465
alfalfaRep2vsXJDY1_shared_1062887,chr4.1_003417640
alfalfaRep2vsXJDY1_shared_1063398,chr4.1_003509124
alfalfaRep2vsXJDY1_shared_1065071,chr4.1_003843331
alfalfaRep2vsXJDY1_shared_1065922,chr4.1_004013831
alfalfaRep2vsXJDY1_shared_1066534,chr4.1_004116304
alfalfaRep2vsXJDY1_shared_1067270,chr4.1_004279828
alfalfaRep2vsXJDY1_shared_1067967,chr4.1_004463235
alfalfaRep2vsXJDY1_shared_1068361,chr4.1_004529814
alfalfaRep2vsXJDY1_shared_1069773,chr4.1_004781701
alfalfaRep2vsXJDY1_shared_1071243,chr4.1_005128770
alfalfaRep2vsXJDY1_shared_1071425,chr4.1_005184973
alfalfaRep2vsXJDY1_shared_1071762,chr4.1_005257459
alfalfaRep2vsXJDY1_shared_1072470,chr4.1_005436465
alfalfaRep2vsXJDY1_shared_1072948,chr4.1_005667932
alfalfaRep2vsXJDY1_shared_1073299,chr4.1_005912989
alfalfaRep2vsXJDY1_shared_1073529,chr4.1_006028559
alfalfaRep2vsXJDY1_shared_1073938,chr4.1_006175066
alfalfaRep2vsXJDY1_shared_1074556,chr4.1_006349686
alfalfaRep2vsXJDY1_shared_1075079,chr4.1_006473437
alfalfaRep2vsXJDY1_shared_1075630,chr4.1_006641999
alfalfaRep2vsXJDY1_shared_1075673,chr4.1_006959876
alfalfaRep2vsXJDY1_shared_1075711,chr4.1_007022040
alfalfaRep2vsXJDY1_shared_1076501,chr4.1_007195140
alfalfaRep2vsXJDY1_shared_1077697,chr4.1_007372929
alfalfaRep2vsXJDY1_shared_1079138,chr4.1_007593473
alfalfaRep2vsXJDY1_shared_1080535,chr4.1_007904743
alfalfaRep2vsXJDY1_shared_1081105,chr4.1_008061677
alfalfaRep2vsXJDY1_shared_1082293,chr4.1_008335980
alfalfaRep2vsXJDY1_shared_1082711,chr4.1_008430580
alfalfaRep2vsXJDY1_shared_1084220,chr4.1_008722990
alfalfaRep2vsXJDY1_shared_1084815,chr4.1_008867628
alfalfaRep2vsXJDY1_shared_1085575,chr4.1_009047328
alfalfaRep2vsXJDY1_shared_1086550,chr4.1_009263866
alfalfaRep2vsXJDY1_shared_1088066,chr4.1_009477985
alfalfaRep2vsXJDY1_shared_1088260,chr4.1_009519470
alfalfaRep2vsXJDY1_shared_1089085,chr4.1_009672443
alfalfaRep2vsXJDY1_shared_1089378,chr4.1_009919954
alfalfaRep2vsXJDY1_shared_1090020,chr4.1_010146082
alfalfaRep2vsXJDY1_shared_1090488,chr4.1_010269648
alfalfaRep2vsXJDY1_shared_1090983,chr4.1_010356301
alfalfaRep2vsXJDY1_shared_1092145,chr4.1_010582695
alfalfaRep2vsXJDY1_shared_1092527,chr4.1_010776361
alfalfaRep2vsXJDY1_shared_1092843,chr4.1_010858348
alfalfaRep2vsXJDY1_shared_1093228,chr4.1_010946497
alfalfaRep2vsXJDY1_shared_1094768,chr4.1_011492334
alfalfaRep2vsXJDY1_shared_1095459,chr4.1_011689233
alfalfaRep2vsXJDY1_shared_1095702,chr4.1_011770158
alfalfaRep2vsXJDY1_shared_1096078,chr4.1_011848912
alfalfaRep2vsXJDY1_shared_1097717,chr4.1_012247719
alfalfaRep2vsXJDY1_shared_1097813,chr4.1_012448863
alfalfaRep2vsXJDY1_shared_1098863,chr4.1_012830600
alfalfaRep2vsXJDY1_shared_1099209,chr4.1_013065649
alfalfaRep2vsXJDY1_shared_1099697,chr4.1_013278753
alfalfaRep2vsXJDY1_shared_1099822,chr4.1_013361689
alfalfaRep2vsXJDY1_shared_1100384,chr4.1_013581653
alfalfaRep2vsXJDY1_shared_1101538,chr4.1_013872451
alfalfaRep2vsXJDY1_shared_1101856,chr4.1_014070845
alfalfaRep2vsXJDY1_shared_1102815,chr4.1_014269297
alfalfaRep2vsXJDY1_shared_1104470,chr4.1_014571258
alfalfaRep2vsXJDY1_shared_1105485,chr4.1_014778212
alfalfaRep2vsXJDY1_shared_1106928,chr4.1_014979802
alfalfaRep2vsXJDY1_shared_1108362,chr4.1_015210316
alfalfaRep2vsXJDY1_shared_1108923,chr4.1_015298419
alfalfaRep2vsXJDY1_shared_1110004,chr4.1_015544441
alfalfaRep2vsXJDY1_shared_1111136,chr4.1_015813800
alfalfaRep2vsXJDY1_shared_1111902,chr4.1_015983024
alfalfaRep2vsXJDY1_shared_1112589,chr4.1_016443143
alfalfaRep2vsXJDY1_shared_1112932,chr4.1_016811129
alfalfaRep2vsXJDY1_shared_1114326,chr4.1_017113106
alfalfaRep2vsXJDY1_shared_1115693,chr4.1_017342544
alfalfaRep2vsXJDY1_shared_1116242,chr4.1_017413262
alfalfaRep2vsXJDY1_shared_1116651,chr4.1_017482305
alfalfaRep2vsXJDY1_shared_1118196,chr4.1_017726877
alfalfaRep2vsXJDY1_shared_1119197,chr4.1_017887905
alfalfaRep2vsXJDY1_shared_1120020,chr4.1_018077880
alfalfaRep2vsXJDY1_shared_1120877,chr4.1_018265836
alfalfaRep2vsXJDY1_shared_1121764,chr4.1_018394489
alfalfaRep2vsXJDY1_shared_1122647,chr4.1_018560791
alfalfaRep2vsXJDY1_shared_1124758,chr4.1_018795368
alfalfaRep2vsXJDY1_shared_1125419,chr4.1_018963011
alfalfaRep2vsXJDY1_shared_1126272,chr4.1_019127280
alfalfaRep2vsXJDY1_shared_1127722,chr4.1_019403311
alfalfaRep2vsXJDY1_shared_1128932,chr4.1_019638725
alfalfaRep2vsXJDY1_shared_1129783,chr4.1_019784419
alfalfaRep2vsXJDY1_shared_1131152,chr4.1_020023726
alfalfaRep2vsXJDY1_shared_1132129,chr4.1_020174960
alfalfaRep2vsXJDY1_shared_1134551,chr4.1_020508687
alfalfaRep2vsXJDY1_shared_1136690,chr4.1_020770470
alfalfaRep2vsXJDY1_shared_1138048,chr4.1_020993005
alfalfaRep2vsXJDY1_shared_1138525,chr4.1_021055091
alfalfaRep2vsXJDY1_shared_1140202,chr4.1_021327628
alfalfaRep2vsXJDY1_shared_1141502,chr4.1_021580168
alfalfaRep2vsXJDY1_shared_1141948,chr4.1_021808044
alfalfaRep2vsXJDY1_shared_1142248,chr4.1_022038007
alfalfaRep2vsXJDY1_shared_1143063,chr4.1_022156437
alfalfaRep2vsXJDY1_shared_1143488,chr4.1_022337727
alfalfaRep2vsXJDY1_shared_1143701,chr4.1_022392833
alfalfaRep2vsXJDY1_shared_1145552,chr4.1_022663352
alfalfaRep2vsXJDY1_shared_1146857,chr4.1_022840291
alfalfaRep2vsXJDY1_shared_1148029,chr4.1_023008505
alfalfaRep2vsXJDY1_shared_1148661,chr4.1_023097699
alfalfaRep2vsXJDY1_shared_1149452,chr4.1_023206961
alfalfaRep2vsXJDY1_shared_1150599,chr4.1_023397042
alfalfaRep2vsXJDY1_shared_1152689,chr4.1_023747817
alfalfaRep2vsXJDY1_shared_1153076,chr4.1_023794845
alfalfaRep2vsXJDY1_shared_1153999,chr4.1_023988610
alfalfaRep2vsXJDY1_shared_1154882,chr4.1_024125352
alfalfaRep2vsXJDY1_shared_1156022,chr4.1_024320563
alfalfaRep2vsXJDY1_shared_1158342,chr4.1_024625314
alfalfaRep2vsXJDY1_shared_1159210,chr4.1_024770171
alfalfaRep2vsXJDY1_shared_1160887,chr4.1_025009130
alfalfaRep2vsXJDY1_shared_1161574,chr4.1_025133835
alfalfaRep2vsXJDY1_shared_1162842,chr4.1_025322741
alfalfaRep2vsXJDY1_shared_1163978,chr4.1_025545723
alfalfaRep2vsXJDY1_shared_1164651,chr4.1_025614506
alfalfaRep2vsXJDY1_shared_1165679,chr4.1_025753408
alfalfaRep2vsXJDY1_shared_1167054,chr4.1_026004018
alfalfaRep2vsXJDY1_shared_1167334,chr4.1_026036161
alfalfaRep2vsXJDY1_shared_1169178,chr4.1_026323325
alfalfaRep2vsXJDY1_shared_1170508,chr4.1_026535957
alfalfaRep2vsXJDY1_shared_1171100,chr4.1_026629914
alfalfaRep2vsXJDY1_shared_1172255,chr4.1_026885628
alfalfaRep2vsXJDY1_shared_1172490,chr4.1_026927256
alfalfaRep2vsXJDY1_shared_1172993,chr4.1_027201181
alfalfaRep2vsXJDY1_shared_1174220,chr4.1_027397835
alfalfaRep2vsXJDY1_shared_1175062,chr4.1_027515924
alfalfaRep2vsXJDY1_shared_1176393,chr4.1_027684986
alfalfaRep2vsXJDY1_shared_1177307,chr4.1_027869722
alfalfaRep2vsXJDY1_shared_1179051,chr4.1_028156130
alfalfaRep2vsXJDY1_shared_1179789,chr4.1_028296075
alfalfaRep2vsXJDY1_shared_1180843,chr4.1_028435465
alfalfaRep2vsXJDY1_shared_1181468,chr4.1_028514073
alfalfaRep2vsXJDY1_shared_1182281,chr4.1_029147572
alfalfaRep2vsXJDY1_shared_1183416,chr4.1_029295252
alfalfaRep2vsXJDY1_shared_1184001,chr4.1_029482028
alfalfaRep2vsXJDY1_shared_1185668,chr4.1_029720070
alfalfaRep2vsXJDY1_shared_1186129,chr4.1_029804419
alfalfaRep2vsXJDY1_shared_1187187,chr4.1_030010594
alfalfaRep2vsXJDY1_shared_1187420,chr4.1_030160090
alfalfaRep2vsXJDY1_shared_1187842,chr4.1_030353399
alfalfaRep2vsXJDY1_shared_1188662,chr4.1_030573945
alfalfaRep2vsXJDY1_shared_1189136,chr4.1_030794163
alfalfaRep2vsXJDY1_shared_1189775,chr4.1_030978059
alfalfaRep2vsXJDY1_shared_1190788,chr4.1_031081364
alfalfaRep2vsXJDY1_shared_1191322,chr4.1_031199915
alfalfaRep2vsXJDY1_shared_1191576,chr4.1_031266068
alfalfaRep2vsXJDY1_shared_1191875,chr4.1_031298535
alfalfaRep2vsXJDY1_shared_1192483,chr4.1_031608586
alfalfaRep2vsXJDY1_shared_1193222,chr4.1_031725314
alfalfaRep2vsXJDY1_shared_1194001,chr4.1_032099918
alfalfaRep2vsXJDY1_shared_1194076,chr4.1_032135182
alfalfaRep2vsXJDY1_shared_1194476,chr4.1_032186858
alfalfaRep2vsXJDY1_shared_1195471,chr4.1_032476670
alfalfaRep2vsXJDY1_shared_1196569,chr4.1_032756643
alfalfaRep2vsXJDY1_shared_1196888,chr4.1_032807526
alfalfaRep2vsXJDY1_shared_1198386,chr4.1_033190792
alfalfaRep2vsXJDY1_shared_1199014,chr4.1_033322831
alfalfaRep2vsXJDY1_shared_1199647,chr4.1_033456500
alfalfaRep2vsXJDY1_shared_1199863,chr4.1_033557008
alfalfaRep2vsXJDY1_shared_1201834,chr4.1_033855700
alfalfaRep2vsXJDY1_shared_1202866,chr4.1_034020777
alfalfaRep2vsXJDY1_shared_1204178,chr4.1_034265620
alfalfaRep2vsXJDY1_shared_1204682,chr4.1_034437716
alfalfaRep2vsXJDY1_shared_1205197,chr4.1_034605266
alfalfaRep2vsXJDY1_shared_1205537,chr4.1_034712800
alfalfaRep2vsXJDY1_shared_1206420,chr4.1_034857483
alfalfaRep2vsXJDY1_shared_1207098,chr4.1_034970650
alfalfaRep2vsXJDY1_shared_1207684,chr4.1_035087878
alfalfaRep2vsXJDY1_shared_1208415,chr4.1_035429313
alfalfaRep2vsXJDY1_shared_1209860,chr4.1_035666092
alfalfaRep2vsXJDY1_shared_1210027,chr4.1_035885959
alfalfaRep2vsXJDY1_shared_1210474,chr4.1_035990571
alfalfaRep2vsXJDY1_shared_1211446,chr4.1_036139030
alfalfaRep2vsXJDY1_shared_1212791,chr4.1_036361500
alfalfaRep2vsXJDY1_shared_1213276,chr4.1_036496430
alfalfaRep2vsXJDY1_shared_1214402,chr4.1_036757390
alfalfaRep2vsXJDY1_shared_1215065,chr4.1_036869216
alfalfaRep2vsXJDY1_shared_1215845,chr4.1_037000282
alfalfaRep2vsXJDY1_shared_1216605,chr4.1_037283985
alfalfaRep2vsXJDY1_shared_1217299,chr4.1_037415568
alfalfaRep2vsXJDY1_shared_1218338,chr4.1_037693962
alfalfaRep2vsXJDY1_shared_1218878,chr4.1_037854730
alfalfaRep2vsXJDY1_shared_1219382,chr4.1_037979616
alfalfaRep2vsXJDY1_shared_1220144,chr4.1_038174935
alfalfaRep2vsXJDY1_shared_1221267,chr4.1_038381507
alfalfaRep2vsXJDY1_shared_1222935,chr4.1_038649614
alfalfaRep2vsXJDY1_shared_1223552,chr4.1_038887458
alfalfaRep2vsXJDY1_shared_1226084,chr4.1_039351842
alfalfaRep2vsXJDY1_shared_1226670,chr4.1_039432651
alfalfaRep2vsXJDY1_shared_1227517,chr4.1_039595706
alfalfaRep2vsXJDY1_shared_1227956,chr4.1_039732629
alfalfaRep2vsXJDY1_shared_1228781,chr4.1_039998263
alfalfaRep2vsXJDY1_shared_1229776,chr4.1_040704747
alfalfaRep2vsXJDY1_shared_1230689,chr4.1_040870396
alfalfaRep2vsXJDY1_shared_1231699,chr4.1_041012489
alfalfaRep2vsXJDY1_shared_1233475,chr4.1_041325734
alfalfaRep2vsXJDY1_shared_1233799,chr4.1_041375538
alfalfaRep2vsXJDY1_shared_1234189,chr4.1_041427141
alfalfaRep2vsXJDY1_shared_1235118,chr4.1_041595604
alfalfaRep2vsXJDY1_shared_1235975,chr4.1_041768022
alfalfaRep2vsXJDY1_shared_1236863,chr4.1_041879085
alfalfaRep2vsXJDY1_shared_1237933,chr4.1_042080638
alfalfaRep2vsXJDY1_shared_1237971,chr4.1_042270584
alfalfaRep2vsXJDY1_shared_1238373,chr4.1_042574608
alfalfaRep2vsXJDY1_shared_1239911,chr4.1_042828677
alfalfaRep2vsXJDY1_shared_1240293,chr4.1_042890943
alfalfaRep2vsXJDY1_shared_1241358,chr4.1_043009684
alfalfaRep2vsXJDY1_shared_1242902,chr4.1_043659507
alfalfaRep2vsXJDY1_shared_1244820,chr4.1_044553513
alfalfaRep2vsXJDY1_shared_1245587,chr4.1_044694078
alfalfaRep2vsXJDY1_shared_1246767,chr4.1_044864682
alfalfaRep2vsXJDY1_shared_1248006,chr4.1_045044416
alfalfaRep2vsXJDY1_shared_1249633,chr4.1_045355032
alfalfaRep2vsXJDY1_shared_1251819,chr4.1_045890713
alfalfaRep2vsXJDY1_shared_1253057,chr4.1_046484973
alfalfaRep2vsXJDY1_shared_1253792,chr4.1_046647915
alfalfaRep2vsXJDY1_shared_1254379,chr4.1_046799418
alfalfaRep2vsXJDY1_shared_1255232,chr4.1_046941170
alfalfaRep2vsXJDY1_shared_1255461,chr4.1_046974577
alfalfaRep2vsXJDY1_shared_1257735,chr4.1_047266859
alfalfaRep2vsXJDY1_shared_1257975,chr4.1_047510150
alfalfaRep2vsXJDY1_shared_1258860,chr4.1_047758416
alfalfaRep2vsXJDY1_shared_1259498,chr4.1_047838711
alfalfaRep2vsXJDY1_shared_1260650,chr4.1_048062592
alfalfaRep2vsXJDY1_shared_1262057,chr4.1_048336539
alfalfaRep2vsXJDY1_shared_1263012,chr4.1_048609422
alfalfaRep2vsXJDY1_shared_1263470,chr4.1_048763974
alfalfaRep2vsXJDY1_shared_1264526,chr4.1_048949656
alfalfaRep2vsXJDY1_shared_1265354,chr4.1_049103282
alfalfaRep2vsXJDY1_shared_1266465,chr4.1_049344042
alfalfaRep2vsXJDY1_shared_1266688,chr4.1_049535688
alfalfaRep2vsXJDY1_shared_1267452,chr4.1_049906387
alfalfaRep2vsXJDY1_shared_1268553,chr4.1_050257785
alfalfaRep2vsXJDY1_shared_1270277,chr4.1_050765134
alfalfaRep2vsXJDY1_shared_1271107,chr4.1_050978420
alfalfaRep2vsXJDY1_shared_1271466,chr4.1_051046614
alfalfaRep2vsXJDY1_shared_1272577,chr4.1_051421231
alfalfaRep2vsXJDY1_shared_1273094,chr4.1_051466346
alfalfaRep2vsXJDY1_shared_1273992,chr4.1_051781234
alfalfaRep2vsXJDY1_shared_1274482,chr4.1_051969812
alfalfaRep2vsXJDY1_shared_1274761,chr4.1_052037743
alfalfaRep2vsXJDY1_shared_1275244,chr4.1_052226061
alfalfaRep2vsXJDY1_shared_1276001,chr4.1_052385824
alfalfaRep2vsXJDY1_shared_1278427,chr4.1_052974490
alfalfaRep2vsXJDY1_shared_1279536,chr4.1_053356900
alfalfaRep2vsXJDY1_shared_1280086,chr4.1_053439911
alfalfaRep2vsXJDY1_shared_1281511,chr4.1_053798057
alfalfaRep2vsXJDY1_shared_1281733,chr4.1_053833596
alfalfaRep2vsXJDY1_shared_1283000,chr4.1_054076524
alfalfaRep2vsXJDY1_shared_1283427,chr4.1_054247341
alfalfaRep2vsXJDY1_shared_1283791,chr4.1_054376712
alfalfaRep2vsXJDY1_shared_1284569,chr4.1_054679879
alfalfaRep2vsXJDY1_shared_1284814,chr4.1_054821103
alfalfaRep2vsXJDY1_shared_1285448,chr4.1_054937372
alfalfaRep2vsXJDY1_shared_1285823,chr4.1_055030482
alfalfaRep2vsXJDY1_shared_1286118,chr4.1_055794152
alfalfaRep2vsXJDY1_shared_1287160,chr4.1_055993002
alfalfaRep2vsXJDY1_shared_1288438,chr4.1_056251860
alfalfaRep2vsXJDY1_shared_1288970,chr4.1_056329749
alfalfaRep2vsXJDY1_shared_1289962,chr4.1_056540472
alfalfaRep2vsXJDY1_shared_1290438,chr4.1_056692423
alfalfaRep2vsXJDY1_shared_1291236,chr4.1_057079358
alfalfaRep2vsXJDY1_shared_1291830,chr4.1_057390827
alfalfaRep2vsXJDY1_shared_1292790,chr4.1_057510696
alfalfaRep2vsXJDY1_shared_1293529,chr4.1_057661939
alfalfaRep2vsXJDY1_shared_1293622,chr4.1_057717115
alfalfaRep2vsXJDY1_shared_1294869,chr4.1_057882705
alfalfaRep2vsXJDY1_shared_1295841,chr4.1_058210567
alfalfaRep2vsXJDY1_shared_1297019,chr4.1_058394014
alfalfaRep2vsXJDY1_shared_1297251,chr4.1_058547273
alfalfaRep2vsXJDY1_shared_1297287,chr4.1_058607488
alfalfaRep2vsXJDY1_shared_1297461,chr4.1_058921221
alfalfaRep2vsXJDY1_shared_1298567,chr4.1_059386119
alfalfaRep2vsXJDY1_shared_1299418,chr4.1_059556051
alfalfaRep2vsXJDY1_shared_1300346,chr4.1_060009849
alfalfaRep2vsXJDY1_shared_1300762,chr4.1_060088886
alfalfaRep2vsXJDY1_shared_1302897,chr4.1_061300456
alfalfaRep2vsXJDY1_shared_1303276,chr4.1_061541635
alfalfaRep2vsXJDY1_shared_1303853,chr4.1_061835774
alfalfaRep2vsXJDY1_shared_1304157,chr4.1_062084493
alfalfaRep2vsXJDY1_shared_1305661,chr4.1_062706221
alfalfaRep2vsXJDY1_shared_1306486,chr4.1_062941909
alfalfaRep2vsXJDY1_shared_1307052,chr4.1_063381286
alfalfaRep2vsXJDY1_shared_1307174,chr4.1_063590412
alfalfaRep2vsXJDY1_shared_1307239,chr4.1_063736338
alfalfaRep2vsXJDY1_shared_1307377,chr4.1_064012860
alfalfaRep2vsXJDY1_shared_1308274,chr4.1_064292388
alfalfaRep2vsXJDY1_shared_1309014,chr4.1_064479785
alfalfaRep2vsXJDY1_shared_1309654,chr4.1_064648730
alfalfaRep2vsXJDY1_shared_1310853,chr4.1_064850060
alfalfaRep2vsXJDY1_shared_1311630,chr4.1_064925789
alfalfaRep2vsXJDY1_shared_1312824,chr4.1_065048149
alfalfaRep2vsXJDY1_shared_1315286,chr4.1_065262228
alfalfaRep2vsXJDY1_shared_1316020,chr4.1_065427807
alfalfaRep2vsXJDY1_shared_1317753,chr4.1_066214695
alfalfaRep2vsXJDY1_shared_1317927,chr4.1_066288769
alfalfaRep2vsXJDY1_shared_1318324,chr4.1_066468724
alfalfaRep2vsXJDY1_shared_1319056,chr4.1_066717280
alfalfaRep2vsXJDY1_shared_1319134,chr4.1_066768565
alfalfaRep2vsXJDY1_shared_1321166,chr4.1_067052118
alfalfaRep2vsXJDY1_shared_1321653,chr4.1_067582496
alfalfaRep2vsXJDY1_shared_1322597,chr4.1_067900614
alfalfaRep2vsXJDY1_shared_1322986,chr4.1_068000947
alfalfaRep2vsXJDY1_shared_1323731,chr4.1_068255433
alfalfaRep2vsXJDY1_shared_1324054,chr4.1_068363490
alfalfaRep2vsXJDY1_shared_1325250,chr4.1_068607220
alfalfaRep2vsXJDY1_shared_1326062,chr4.1_068807407
alfalfaRep2vsXJDY1_shared_1326341,chr4.1_068886385
alfalfaRep2vsXJDY1_shared_1327877,chr4.1_069188425
alfalfaRep2vsXJDY1_shared_1328270,chr4.1_069262711
alfalfaRep2vsXJDY1_shared_1329048,chr4.1_069623578
alfalfaRep2vsXJDY1_shared_1330323,chr4.1_069838755
alfalfaRep2vsXJDY1_shared_1331514,chr4.1_069922502
alfalfaRep2vsXJDY1_shared_1332030,chr4.1_070165870
alfalfaRep2vsXJDY1_shared_1332481,chr4.1_070360163
alfalfaRep2vsXJDY1_shared_1332994,chr4.1_070571159
alfalfaRep2vsXJDY1_shared_1334867,chr4.1_070888858
alfalfaRep2vsXJDY1_shared_1336905,chr4.1_071131561
alfalfaRep2vsXJDY1_shared_1337653,chr4.1_071291016
alfalfaRep2vsXJDY1_shared_1339487,chr4.1_071572433
alfalfaRep2vsXJDY1_shared_1339954,chr4.1_071603376
alfalfaRep2vsXJDY1_shared_1341492,chr4.1_072049662
alfalfaRep2vsXJDY1_shared_1342108,chr4.1_072233558
alfalfaRep2vsXJDY1_shared_1342484,chr4.1_072276834
alfalfaRep2vsXJDY1_shared_1342974,chr4.1_072538178
alfalfaRep2vsXJDY1_shared_1343366,chr4.1_072647051
alfalfaRep2vsXJDY1_shared_1344348,chr4.1_073066904
alfalfaRep2vsXJDY1_shared_1345379,chr4.1_073227247
alfalfaRep2vsXJDY1_shared_1345936,chr4.1_073343400
alfalfaRep2vsXJDY1_shared_1348098,chr4.1_073883582
alfalfaRep2vsXJDY1_shared_1348920,chr4.1_074137411
alfalfaRep2vsXJDY1_shared_1349544,chr4.1_074237012
alfalfaRep2vsXJDY1_shared_1350790,chr4.1_074601490
alfalfaRep2vsXJDY1_shared_1351184,chr4.1_074653903
alfalfaRep2vsXJDY1_shared_1352850,chr4.1_074846334
alfalfaRep2vsXJDY1_shared_1355313,chr4.1_075471586
alfalfaRep2vsXJDY1_shared_1356161,chr4.1_075752712
alfalfaRep2vsXJDY1_shared_1356516,chr4.1_075910361
alfalfaRep2vsXJDY1_shared_1357886,chr4.1_076089724
alfalfaRep2vsXJDY1_shared_1359044,chr4.1_076256138
alfalfaRep2vsXJDY1_shared_1359630,chr4.1_076415218
alfalfaRep2vsXJDY1_shared_1361771,chr4.1_076670480
alfalfaRep2vsXJDY1_shared_1362038,chr4.1_076704580
alfalfaRep2vsXJDY1_shared_1362824,chr4.1_076880326
alfalfaRep2vsXJDY1_shared_1363216,chr4.1_076940440
alfalfaRep2vsXJDY1_shared_1363769,chr4.1_077807591
alfalfaRep2vsXJDY1_shared_1364412,chr4.1_077932265
alfalfaRep2vsXJDY1_shared_1365197,chr4.1_078068790
alfalfaRep2vsXJDY1_shared_1365748,chr4.1_078384695
alfalfaRep2vsXJDY1_shared_1366288,chr4.1_078500211
alfalfaRep2vsXJDY1_shared_1367201,chr4.1_078673986
alfalfaRep2vsXJDY1_shared_1367742,chr4.1_078860331
alfalfaRep2vsXJDY1_shared_1367974,chr4.1_078900010
alfalfaRep2vsXJDY1_shared_1368898,chr4.1_079121231
alfalfaRep2vsXJDY1_shared_1370215,chr4.1_079361715
alfalfaRep2vsXJDY1_shared_1371031,chr4.1_079690999
alfalfaRep2vsXJDY1_shared_1371765,chr4.1_079801737
alfalfaRep2vsXJDY1_shared_1373068,chr4.1_080064612
alfalfaRep2vsXJDY1_shared_1373353,chr4.1_080111485
alfalfaRep2vsXJDY1_shared_1373782,chr4.1_080360679
alfalfaRep2vsXJDY1_shared_1374366,chr4.1_080478320
alfalfaRep2vsXJDY1_shared_1375412,chr4.1_080630832
alfalfaRep2vsXJDY1_shared_1376256,chr4.1_080785939
alfalfaRep2vsXJDY1_shared_1376835,chr4.1_080968465
alfalfaRep2vsXJDY1_shared_1377917,chr4.1_081157594
alfalfaRep2vsXJDY1_shared_1378510,chr4.1_081302983
alfalfaRep2vsXJDY1_shared_1380104,chr4.1_081585908
alfalfaRep2vsXJDY1_shared_1381057,chr4.1_081726422
alfalfaRep2vsXJDY1_shared_1381977,chr4.1_082263220
alfalfaRep2vsXJDY1_shared_1382232,chr4.1_082295500
alfalfaRep2vsXJDY1_shared_1382679,chr4.1_082393467
alfalfaRep2vsXJDY1_shared_1383808,chr4.1_082713157
alfalfaRep2vsXJDY1_shared_1384173,chr4.1_082942714
alfalfaRep2vsXJDY1_shared_1384734,chr4.1_083533301
alfalfaRep2vsXJDY1_shared_1385926,chr4.1_083786784
alfalfaRep2vsXJDY1_shared_1386114,chr4.1_083845317
alfalfaRep2vsXJDY1_shared_1386732,chr4.1_083932823
alfalfaRep2vsXJDY1_shared_1388167,chr4.1_084165338
alfalfaRep2vsXJDY1_shared_1389406,chr4.1_084371300
alfalfaRep2vsXJDY1_shared_1389806,chr4.1_084570797
alfalfaRep2vsXJDY1_shared_1390407,chr4.1_084814748
alfalfaRep2vsXJDY1_shared_1390820,chr4.1_084910037
alfalfaRep2vsXJDY1_shared_1392125,chr4.1_085194819
alfalfaRep2vsXJDY1_shared_1393246,chr4.1_085442831
alfalfaRep2vsXJDY1_shared_1394170,chr4.1_085591844
alfalfaRep2vsXJDY1_shared_1395177,chr4.1_085794609
alfalfaRep2vsXJDY1_shared_1396012,chr4.1_085960696
alfalfaRep2vsXJDY1_shared_1396348,chr4.1_086079315
alfalfaRep2vsXJDY1_shared_1396737,chr4.1_086201512
alfalfaRep2vsXJDY1_shared_1397424,chr4.1_086532358
alfalfaRep2vsXJDY1_shared_1397681,chr4.1_086675872
alfalfaRep2vsXJDY1_shared_1398542,chr4.1_086852720
alfalfaRep2vsXJDY1_shared_1398960,chr4.1_087039943
alfalfaRep2vsXJDY1_shared_1400363,chr4.1_087236652
alfalfaRep2vsXJDY1_shared_1400740,chr4.1_087371304
alfalfaRep2vsXJDY1_shared_1401615,chr4.1_087536266
alfalfaRep2vsXJDY1_shared_1403205,chr4.1_087845084
alfalfaRep2vsXJDY1_shared_1403582,chr4.1_087895701
alfalfaRep2vsXJDY1_shared_1404276,chr4.1_088184530
alfalfaRep2vsXJDY1_shared_1404335,chr4.1_088263594
alfalfaRep2vsXJDY1_shared_1405299,chr4.1_088461579
alfalfaRep2vsXJDY1_shared_1405594,chr4.1_088675558
alfalfaRep2vsXJDY1_shared_1406240,chr4.1_089092890
alfalfaRep2vsXJDY1_shared_1406423,chr4.1_089131935
alfalfaRep2vsXJDY1_shared_1406720,chr4.1_089175341
alfalfaRep2vsXJDY1_shared_1408362,chr4.1_089508587
alfalfaRep2vsXJDY1_shared_1409011,chr5.1_000033929
alfalfaRep2vsXJDY1_shared_1410717,chr5.1_000322505
alfalfaRep2vsXJDY1_shared_1412362,chr5.1_000616294
alfalfaRep2vsXJDY1_shared_1413100,chr5.1_000870207
alfalfaRep2vsXJDY1_shared_1413754,chr5.1_001026329
alfalfaRep2vsXJDY1_shared_1414848,chr5.1_001201609
alfalfaRep2vsXJDY1_shared_1416653,chr5.1_001534333
alfalfaRep2vsXJDY1_shared_1417581,chr5.1_001755977
alfalfaRep2vsXJDY1_shared_1418087,chr5.1_001816247
alfalfaRep2vsXJDY1_shared_1420297,chr5.1_002193671
alfalfaRep2vsXJDY1_shared_1421293,chr5.1_002453649
alfalfaRep2vsXJDY1_shared_1421586,chr5.1_002594461
alfalfaRep2vsXJDY1_shared_1422068,chr5.1_002800396
alfalfaRep2vsXJDY1_shared_1423056,chr5.1_002982104
alfalfaRep2vsXJDY1_shared_1424223,chr5.1_003330526
alfalfaRep2vsXJDY1_shared_1424483,chr5.1_003448195
alfalfaRep2vsXJDY1_shared_1425782,chr5.1_003769336
alfalfaRep2vsXJDY1_shared_1426136,chr5.1_003894532
alfalfaRep2vsXJDY1_shared_1426496,chr5.1_004061189
alfalfaRep2vsXJDY1_shared_1427052,chr5.1_004247500
alfalfaRep2vsXJDY1_shared_1427640,chr5.1_004383318
alfalfaRep2vsXJDY1_shared_1428485,chr5.1_004668482
alfalfaRep2vsXJDY1_shared_1430297,chr5.1_005193449
alfalfaRep2vsXJDY1_shared_1430676,chr5.1_005244824
alfalfaRep2vsXJDY1_shared_1430939,chr5.1_005416282
alfalfaRep2vsXJDY1_shared_1432068,chr5.1_005641429
alfalfaRep2vsXJDY1_shared_1432172,chr5.1_005712041
alfalfaRep2vsXJDY1_shared_1433136,chr5.1_005988357
alfalfaRep2vsXJDY1_shared_1434682,chr5.1_006234907
alfalfaRep2vsXJDY1_shared_1434883,chr5.1_006312642
alfalfaRep2vsXJDY1_shared_1435094,chr5.1_006390330
alfalfaRep2vsXJDY1_shared_1435566,chr5.1_006512241
alfalfaRep2vsXJDY1_shared_1436483,chr5.1_006720739
alfalfaRep2vsXJDY1_shared_1437321,chr5.1_006842304
alfalfaRep2vsXJDY1_shared_1437797,chr5.1_006926839
alfalfaRep2vsXJDY1_shared_1438834,chr5.1_007094820
alfalfaRep2vsXJDY1_shared_1439446,chr5.1_007207661
alfalfaRep2vsXJDY1_shared_1439888,chr5.1_007401326
alfalfaRep2vsXJDY1_shared_1439996,chr5.1_007474818
alfalfaRep2vsXJDY1_shared_1440584,chr5.1_007687763
alfalfaRep2vsXJDY1_shared_1442128,chr5.1_007889756
alfalfaRep2vsXJDY1_shared_1442974,chr5.1_008027469
alfalfaRep2vsXJDY1_shared_1444119,chr5.1_008221735
alfalfaRep2vsXJDY1_shared_1444505,chr5.1_008352949
alfalfaRep2vsXJDY1_shared_1444662,chr5.1_008387670
alfalfaRep2vsXJDY1_shared_1445775,chr5.1_008546121
alfalfaRep2vsXJDY1_shared_1446115,chr5.1_008617412
alfalfaRep2vsXJDY1_shared_1446583,chr5.1_008732112
alfalfaRep2vsXJDY1_shared_1447263,chr5.1_009264016
alfalfaRep2vsXJDY1_shared_1448058,chr5.1_009355966
alfalfaRep2vsXJDY1_shared_1448613,chr5.1_009455011
alfalfaRep2vsXJDY1_shared_1448775,chr5.1_009512874
alfalfaRep2vsXJDY1_shared_1451071,chr5.1_010167650
alfalfaRep2vsXJDY1_shared_1451695,chr5.1_010293972
alfalfaRep2vsXJDY1_shared_1452536,chr5.1_010507226
alfalfaRep2vsXJDY1_shared_1453549,chr5.1_010802995
alfalfaRep2vsXJDY1_shared_1454894,chr5.1_011019618
alfalfaRep2vsXJDY1_shared_1455765,chr5.1_011171252
alfalfaRep2vsXJDY1_shared_1456907,chr5.1_011443142
alfalfaRep2vsXJDY1_shared_1457463,chr5.1_011548939
alfalfaRep2vsXJDY1_shared_1457928,chr5.1_011677087
alfalfaRep2vsXJDY1_shared_1459243,chr5.1_011962462
alfalfaRep2vsXJDY1_shared_1459298,chr5.1_012030234
alfalfaRep2vsXJDY1_shared_1459671,chr5.1_012111819
alfalfaRep2vsXJDY1_shared_1460002,chr5.1_012233457
alfalfaRep2vsXJDY1_shared_1460466,chr5.1_012407410
alfalfaRep2vsXJDY1_shared_1461392,chr5.1_012536172
alfalfaRep2vsXJDY1_shared_1461691,chr5.1_012706300
alfalfaRep2vsXJDY1_shared_1462100,chr5.1_012769948
alfalfaRep2vsXJDY1_shared_1463179,chr5.1_012970127
alfalfaRep2vsXJDY1_shared_1464762,chr5.1_013232590
alfalfaRep2vsXJDY1_shared_1465815,chr5.1_013499287
alfalfaRep2vsXJDY1_shared_1466165,chr5.1_013619078
alfalfaRep2vsXJDY1_shared_1466837,chr5.1_013902147
alfalfaRep2vsXJDY1_shared_1468059,chr5.1_014095733
alfalfaRep2vsXJDY1_shared_1469077,chr5.1_014443235
alfalfaRep2vsXJDY1_shared_1469491,chr5.1_014488720
alfalfaRep2vsXJDY1_shared_1470161,chr5.1_014671305
alfalfaRep2vsXJDY1_shared_1470951,chr5.1_014817786
alfalfaRep2vsXJDY1_shared_1471461,chr5.1_014937818
alfalfaRep2vsXJDY1_shared_1472300,chr5.1_015163131
alfalfaRep2vsXJDY1_shared_1473526,chr5.1_015353461
alfalfaRep2vsXJDY1_shared_1473778,chr5.1_015424123
alfalfaRep2vsXJDY1_shared_1475050,chr5.1_015626233
alfalfaRep2vsXJDY1_shared_1476636,chr5.1_015934970
alfalfaRep2vsXJDY1_shared_1476982,chr5.1_016153131
alfalfaRep2vsXJDY1_shared_1477360,chr5.1_016300866
alfalfaRep2vsXJDY1_shared_1478379,chr5.1_016709639
alfalfaRep2vsXJDY1_shared_1479362,chr5.1_016876960
alfalfaRep2vsXJDY1_shared_1480784,chr5.1_017372099
alfalfaRep2vsXJDY1_shared_1481269,chr5.1_017527107
alfalfaRep2vsXJDY1_shared_1482137,chr5.1_017687955
alfalfaRep2vsXJDY1_shared_1483354,chr5.1_018002870
alfalfaRep2vsXJDY1_shared_1483626,chr5.1_018083565
alfalfaRep2vsXJDY1_shared_1484108,chr5.1_018555117
alfalfaRep2vsXJDY1_shared_1484195,chr5.1_018758609
alfalfaRep2vsXJDY1_shared_1484722,chr5.1_018905726
alfalfaRep2vsXJDY1_shared_1484853,chr5.1_018969331
alfalfaRep2vsXJDY1_shared_1485148,chr5.1_019039918
alfalfaRep2vsXJDY1_shared_1485821,chr5.1_019569517
alfalfaRep2vsXJDY1_shared_1486626,chr5.1_019815077
alfalfaRep2vsXJDY1_shared_1486903,chr5.1_019879457
alfalfaRep2vsXJDY1_shared_1487085,chr5.1_019918897
alfalfaRep2vsXJDY1_shared_1488659,chr5.1_020147516
alfalfaRep2vsXJDY1_shared_1490841,chr5.1_020484096
alfalfaRep2vsXJDY1_shared_1491000,chr5.1_020562815
alfalfaRep2vsXJDY1_shared_1491734,chr5.1_020774900
alfalfaRep2vsXJDY1_shared_1492425,chr5.1_020864749
alfalfaRep2vsXJDY1_shared_1492908,chr5.1_021174908
alfalfaRep2vsXJDY1_shared_1493545,chr5.1_021232571
alfalfaRep2vsXJDY1_shared_1494899,chr5.1_021454848
alfalfaRep2vsXJDY1_shared_1495887,chr5.1_021637488
alfalfaRep2vsXJDY1_shared_1496493,chr5.1_021753078
alfalfaRep2vsXJDY1_shared_1497425,chr5.1_022021281
alfalfaRep2vsXJDY1_shared_1497883,chr5.1_022101524
alfalfaRep2vsXJDY1_shared_1498418,chr5.1_022367498
alfalfaRep2vsXJDY1_shared_1498730,chr5.1_022941215
alfalfaRep2vsXJDY1_shared_1499370,chr5.1_023092944
alfalfaRep2vsXJDY1_shared_1500397,chr5.1_023336598
alfalfaRep2vsXJDY1_shared_1501721,chr5.1_023568386
alfalfaRep2vsXJDY1_shared_1502410,chr5.1_023760819
alfalfaRep2vsXJDY1_shared_1502813,chr5.1_024380630
alfalfaRep2vsXJDY1_shared_1503269,chr5.1_024539807
alfalfaRep2vsXJDY1_shared_1503836,chr5.1_024617374
alfalfaRep2vsXJDY1_shared_1504915,chr5.1_024848910
alfalfaRep2vsXJDY1_shared_1505935,chr5.1_024977736
alfalfaRep2vsXJDY1_shared_1506567,chr5.1_025207062
alfalfaRep2vsXJDY1_shared_1507457,chr5.1_025333490
alfalfaRep2vsXJDY1_shared_1508134,chr5.1_025557035
alfalfaRep2vsXJDY1_shared_1509072,chr5.1_025718153
alfalfaRep2vsXJDY1_shared_1509758,chr5.1_025792166
alfalfaRep2vsXJDY1_shared_1510805,chr5.1_026004115
alfalfaRep2vsXJDY1_shared_1511857,chr5.1_026237597
alfalfaRep2vsXJDY1_shared_1512469,chr5.1_026400570
alfalfaRep2vsXJDY1_shared_1513324,chr5.1_026640198
alfalfaRep2vsXJDY1_shared_1514496,chr5.1_026818895
alfalfaRep2vsXJDY1_shared_1515059,chr5.1_026988440
alfalfaRep2vsXJDY1_shared_1515782,chr5.1_027192263
alfalfaRep2vsXJDY1_shared_1516249,chr5.1_027258702
alfalfaRep2vsXJDY1_shared_1516998,chr5.1_027409582
alfalfaRep2vsXJDY1_shared_1518007,chr5.1_027581922
alfalfaRep2vsXJDY1_shared_1518688,chr5.1_027869020
alfalfaRep2vsXJDY1_shared_1519469,chr5.1_027932046
alfalfaRep2vsXJDY1_shared_1520044,chr5.1_028222932
alfalfaRep2vsXJDY1_shared_1520318,chr5.1_028304227
alfalfaRep2vsXJDY1_shared_1521023,chr5.1_028522729
alfalfaRep2vsXJDY1_shared_1521577,chr5.1_028582101
alfalfaRep2vsXJDY1_shared_1522492,chr5.1_028824668
alfalfaRep2vsXJDY1_shared_1523728,chr5.1_029000806
alfalfaRep2vsXJDY1_shared_1524204,chr5.1_029182607
alfalfaRep2vsXJDY1_shared_1524844,chr5.1_029267797
alfalfaRep2vsXJDY1_shared_1526156,chr5.1_029478588
alfalfaRep2vsXJDY1_shared_1528403,chr5.1_029758128
alfalfaRep2vsXJDY1_shared_1529725,chr5.1_029902322
alfalfaRep2vsXJDY1_shared_1530986,chr5.1_030147444
alfalfaRep2vsXJDY1_shared_1532584,chr5.1_030517371
alfalfaRep2vsXJDY1_shared_1533316,chr5.1_030765344
alfalfaRep2vsXJDY1_shared_1533882,chr5.1_030862231
alfalfaRep2vsXJDY1_shared_1534876,chr5.1_031022093
alfalfaRep2vsXJDY1_shared_1537283,chr5.1_031414744
alfalfaRep2vsXJDY1_shared_1537684,chr5.1_031487869
alfalfaRep2vsXJDY1_shared_1539508,chr5.1_031801926
alfalfaRep2vsXJDY1_shared_1539731,chr5.1_031984232
alfalfaRep2vsXJDY1_shared_1541708,chr5.1_032296697
alfalfaRep2vsXJDY1_shared_1544009,chr5.1_032560792
alfalfaRep2vsXJDY1_shared_1544120,chr5.1_032626174
alfalfaRep2vsXJDY1_shared_1545325,chr5.1_033006888
alfalfaRep2vsXJDY1_shared_1545864,chr5.1_033094922
alfalfaRep2vsXJDY1_shared_1547134,chr5.1_033450457
alfalfaRep2vsXJDY1_shared_1547938,chr5.1_033546114
alfalfaRep2vsXJDY1_shared_1549186,chr5.1_033716180
alfalfaRep2vsXJDY1_shared_1550400,chr5.1_034296077
alfalfaRep2vsXJDY1_shared_1551217,chr5.1_034527508
alfalfaRep2vsXJDY1_shared_1552306,chr5.1_034731162
alfalfaRep2vsXJDY1_shared_1552984,chr5.1_034911821
alfalfaRep2vsXJDY1_shared_1553209,chr5.1_035055837
alfalfaRep2vsXJDY1_shared_1554364,chr5.1_035263239
alfalfaRep2vsXJDY1_shared_1554987,chr5.1_035363410
alfalfaRep2vsXJDY1_shared_1555766,chr5.1_035543832
alfalfaRep2vsXJDY1_shared_1558467,chr5.1_037156112
alfalfaRep2vsXJDY1_shared_1558768,chr5.1_037261214
alfalfaRep2vsXJDY1_shared_1559355,chr5.1_037451885
alfalfaRep2vsXJDY1_shared_1559854,chr5.1_037675133
alfalfaRep2vsXJDY1_shared_1560807,chr5.1_037844680
alfalfaRep2vsXJDY1_shared_1561993,chr5.1_037976833
alfalfaRep2vsXJDY1_shared_1562163,chr5.1_038029905
alfalfaRep2vsXJDY1_shared_1562608,chr5.1_040083095
alfalfaRep2vsXJDY1_shared_1563741,chr5.1_040615770
alfalfaRep2vsXJDY1_shared_1564855,chr5.1_040908635
alfalfaRep2vsXJDY1_shared_1565062,chr5.1_041016430
alfalfaRep2vsXJDY1_shared_1566005,chr5.1_041568166
alfalfaRep2vsXJDY1_shared_1566708,chr5.1_041728460
alfalfaRep2vsXJDY1_shared_1567758,chr5.1_041914479
alfalfaRep2vsXJDY1_shared_1569030,chr5.1_042078298
alfalfaRep2vsXJDY1_shared_1570632,chr5.1_042366255
alfalfaRep2vsXJDY1_shared_1570795,chr5.1_042425321
alfalfaRep2vsXJDY1_shared_1572501,chr5.1_042706921
alfalfaRep2vsXJDY1_shared_1572792,chr5.1_042876373
alfalfaRep2vsXJDY1_shared_1573969,chr5.1_043043658
alfalfaRep2vsXJDY1_shared_1574493,chr5.1_043331659
alfalfaRep2vsXJDY1_shared_1575572,chr5.1_043546718
alfalfaRep2vsXJDY1_shared_1576634,chr5.1_043975177
alfalfaRep2vsXJDY1_shared_1577215,chr5.1_044186903
alfalfaRep2vsXJDY1_shared_1578613,chr5.1_044410864
alfalfaRep2vsXJDY1_shared_1581759,chr5.1_045033046
alfalfaRep2vsXJDY1_shared_1582098,chr5.1_045250257
alfalfaRep2vsXJDY1_shared_1582717,chr5.1_045404583
alfalfaRep2vsXJDY1_shared_1584212,chr5.1_045687101
alfalfaRep2vsXJDY1_shared_1584751,chr5.1_045823721
alfalfaRep2vsXJDY1_shared_1585762,chr5.1_045987966
alfalfaRep2vsXJDY1_shared_1586481,chr5.1_046182508
alfalfaRep2vsXJDY1_shared_1587640,chr5.1_046378029
alfalfaRep2vsXJDY1_shared_1588667,chr5.1_046630011
alfalfaRep2vsXJDY1_shared_1589532,chr5.1_046887908
alfalfaRep2vsXJDY1_shared_1590303,chr5.1_047107680
alfalfaRep2vsXJDY1_shared_1590994,chr5.1_047512348
alfalfaRep2vsXJDY1_shared_1591639,chr5.1_047728440
alfalfaRep2vsXJDY1_shared_1591937,chr5.1_047833403
alfalfaRep2vsXJDY1_shared_1592791,chr5.1_048060620
alfalfaRep2vsXJDY1_shared_1593728,chr5.1_048242530
alfalfaRep2vsXJDY1_shared_1595120,chr5.1_048502404
alfalfaRep2vsXJDY1_shared_1596648,chr5.1_048741466
alfalfaRep2vsXJDY1_shared_1597558,chr5.1_048872859
alfalfaRep2vsXJDY1_shared_1599551,chr5.1_049185463
alfalfaRep2vsXJDY1_shared_1600460,chr5.1_049316953
alfalfaRep2vsXJDY1_shared_1601093,chr5.1_049631081
alfalfaRep2vsXJDY1_shared_1601874,chr5.1_049753766
alfalfaRep2vsXJDY1_shared_1602652,chr5.1_049888057
alfalfaRep2vsXJDY1_shared_1603485,chr5.1_050206035
alfalfaRep2vsXJDY1_shared_1603984,chr5.1_050399769
alfalfaRep2vsXJDY1_shared_1604326,chr5.1_050462325
alfalfaRep2vsXJDY1_shared_1604587,chr5.1_050692468
alfalfaRep2vsXJDY1_shared_1605065,chr5.1_051075912
alfalfaRep2vsXJDY1_shared_1606395,chr5.1_051301511
alfalfaRep2vsXJDY1_shared_1606665,chr5.1_051344986
alfalfaRep2vsXJDY1_shared_1607394,chr5.1_051657630
alfalfaRep2vsXJDY1_shared_1608295,chr5.1_051786294
alfalfaRep2vsXJDY1_shared_1608640,chr5.1_051860266
alfalfaRep2vsXJDY1_shared_1610401,chr5.1_052150963
alfalfaRep2vsXJDY1_shared_1610674,chr5.1_052214016
alfalfaRep2vsXJDY1_shared_1611665,chr5.1_052448736
alfalfaRep2vsXJDY1_shared_1611902,chr5.1_052485063
alfalfaRep2vsXJDY1_shared_1613636,chr5.1_052871908
alfalfaRep2vsXJDY1_shared_1614282,chr5.1_053005732
alfalfaRep2vsXJDY1_shared_1615934,chr5.1_053272458
alfalfaRep2vsXJDY1_shared_1616443,chr5.1_053435133
alfalfaRep2vsXJDY1_shared_1618049,chr5.1_053688677
alfalfaRep2vsXJDY1_shared_1618697,chr5.1_053849545
alfalfaRep2vsXJDY1_shared_1619942,chr5.1_054011414
alfalfaRep2vsXJDY1_shared_1621581,chr5.1_054260157
alfalfaRep2vsXJDY1_shared_1622145,chr5.1_054419722
alfalfaRep2vsXJDY1_shared_1624020,chr5.1_054646345
alfalfaRep2vsXJDY1_shared_1624770,chr5.1_054780310
alfalfaRep2vsXJDY1_shared_1625242,chr5.1_054917351
alfalfaRep2vsXJDY1_shared_1625823,chr5.1_055163756
alfalfaRep2vsXJDY1_shared_1626305,chr5.1_055241457
alfalfaRep2vsXJDY1_shared_1627723,chr5.1_055381520
alfalfaRep2vsXJDY1_shared_1628845,chr5.1_055629802
alfalfaRep2vsXJDY1_shared_1630263,chr5.1_055812454
alfalfaRep2vsXJDY1_shared_1630674,chr5.1_056037953
alfalfaRep2vsXJDY1_shared_1631506,chr5.1_056260762
alfalfaRep2vsXJDY1_shared_1631724,chr5.1_056413219
alfalfaRep2vsXJDY1_shared_1631884,chr5.1_056449256
alfalfaRep2vsXJDY1_shared_1632518,chr5.1_056644715
alfalfaRep2vsXJDY1_shared_1632770,chr5.1_056728900
alfalfaRep2vsXJDY1_shared_1635008,chr5.1_057292416
alfalfaRep2vsXJDY1_shared_1635403,chr5.1_057386346
alfalfaRep2vsXJDY1_shared_1635835,chr5.1_057672064
alfalfaRep2vsXJDY1_shared_1635982,chr5.1_057759645
alfalfaRep2vsXJDY1_shared_1636573,chr5.1_057860456
alfalfaRep2vsXJDY1_shared_1637022,chr5.1_057928786
alfalfaRep2vsXJDY1_shared_1638435,chr5.1_058229780
alfalfaRep2vsXJDY1_shared_1639332,chr5.1_058419392
alfalfaRep2vsXJDY1_shared_1639862,chr5.1_058560998
alfalfaRep2vsXJDY1_shared_1640335,chr5.1_058642180
alfalfaRep2vsXJDY1_shared_1640678,chr5.1_058898149
alfalfaRep2vsXJDY1_shared_1641153,chr5.1_058943715
alfalfaRep2vsXJDY1_shared_1642045,chr5.1_059229488
alfalfaRep2vsXJDY1_shared_1642488,chr5.1_059303635
alfalfaRep2vsXJDY1_shared_1643338,chr5.1_059469802
alfalfaRep2vsXJDY1_shared_1643923,chr5.1_059627449
alfalfaRep2vsXJDY1_shared_1644979,chr5.1_059828989
alfalfaRep2vsXJDY1_shared_1645891,chr5.1_060024499
alfalfaRep2vsXJDY1_shared_1646099,chr5.1_060095990
alfalfaRep2vsXJDY1_shared_1647842,chr5.1_060344770
alfalfaRep2vsXJDY1_shared_1648992,chr5.1_060502787
alfalfaRep2vsXJDY1_shared_1650337,chr5.1_060690277
alfalfaRep2vsXJDY1_shared_1650901,chr5.1_061166879
alfalfaRep2vsXJDY1_shared_1651910,chr5.1_061426054
alfalfaRep2vsXJDY1_shared_1653068,chr5.1_061716630
alfalfaRep2vsXJDY1_shared_1653567,chr5.1_061799747
alfalfaRep2vsXJDY1_shared_1653704,chr5.1_061837772
alfalfaRep2vsXJDY1_shared_1655418,chr5.1_062131858
alfalfaRep2vsXJDY1_shared_1656928,chr5.1_062350905
alfalfaRep2vsXJDY1_shared_1658288,chr5.1_062589488
alfalfaRep2vsXJDY1_shared_1658948,chr5.1_062735311
alfalfaRep2vsXJDY1_shared_1660704,chr5.1_063060184
alfalfaRep2vsXJDY1_shared_1661049,chr5.1_063130360
alfalfaRep2vsXJDY1_shared_1661292,chr5.1_063172350
alfalfaRep2vsXJDY1_shared_1661777,chr5.1_063425976
alfalfaRep2vsXJDY1_shared_1662003,chr5.1_063595500
alfalfaRep2vsXJDY1_shared_1663496,chr5.1_063930905
alfalfaRep2vsXJDY1_shared_1664117,chr5.1_064229995
alfalfaRep2vsXJDY1_shared_1665015,chr5.1_064402236
alfalfaRep2vsXJDY1_shared_1666002,chr5.1_064631135
alfalfaRep2vsXJDY1_shared_1666557,chr5.1_064764786
alfalfaRep2vsXJDY1_shared_1667199,chr5.1_064929027
alfalfaRep2vsXJDY1_shared_1667335,chr5.1_065018296
alfalfaRep2vsXJDY1_shared_1668419,chr5.1_065217067
alfalfaRep2vsXJDY1_shared_1668786,chr5.1_065422746
alfalfaRep2vsXJDY1_shared_1669804,chr5.1_065688457
alfalfaRep2vsXJDY1_shared_1670895,chr5.1_065945259
alfalfaRep2vsXJDY1_shared_1671786,chr5.1_066146178
alfalfaRep2vsXJDY1_shared_1672894,chr5.1_066408114
alfalfaRep2vsXJDY1_shared_1673926,chr5.1_066642668
alfalfaRep2vsXJDY1_shared_1674264,chr5.1_066729846
alfalfaRep2vsXJDY1_shared_1674444,chr5.1_066904013
alfalfaRep2vsXJDY1_shared_1675555,chr5.1_067096913
alfalfaRep2vsXJDY1_shared_1676671,chr5.1_067206892
alfalfaRep2vsXJDY1_shared_1677294,chr5.1_067388109
alfalfaRep2vsXJDY1_shared_1677788,chr5.1_067621908
alfalfaRep2vsXJDY1_shared_1678412,chr5.1_067759436
alfalfaRep2vsXJDY1_shared_1679109,chr5.1_067940675
alfalfaRep2vsXJDY1_shared_1679900,chr5.1_068224434
alfalfaRep2vsXJDY1_shared_1680385,chr5.1_068293717
alfalfaRep2vsXJDY1_shared_1681462,chr5.1_068510485
alfalfaRep2vsXJDY1_shared_1682595,chr5.1_068892282
alfalfaRep2vsXJDY1_shared_1683253,chr5.1_068971542
alfalfaRep2vsXJDY1_shared_1684585,chr5.1_069219886
alfalfaRep2vsXJDY1_shared_1684777,chr5.1_069252482
alfalfaRep2vsXJDY1_shared_1685738,chr5.1_069403300
alfalfaRep2vsXJDY1_shared_1686164,chr5.1_069631707
alfalfaRep2vsXJDY1_shared_1686515,chr5.1_069686056
alfalfaRep2vsXJDY1_shared_1687589,chr5.1_069844458
alfalfaRep2vsXJDY1_shared_1687828,chr5.1_069900843
alfalfaRep2vsXJDY1_shared_1688719,chr5.1_070255652
alfalfaRep2vsXJDY1_shared_1689725,chr5.1_070480918
alfalfaRep2vsXJDY1_shared_1690592,chr5.1_070548813
alfalfaRep2vsXJDY1_shared_1690984,chr5.1_070596113
alfalfaRep2vsXJDY1_shared_1692225,chr5.1_070800283
alfalfaRep2vsXJDY1_shared_1692896,chr5.1_071164915
alfalfaRep2vsXJDY1_shared_1693531,chr5.1_071376056
alfalfaRep2vsXJDY1_shared_1693940,chr5.1_071434923
alfalfaRep2vsXJDY1_shared_1694760,chr5.1_071633078
alfalfaRep2vsXJDY1_shared_1695250,chr5.1_071783505
alfalfaRep2vsXJDY1_shared_1695677,chr5.1_071992976
alfalfaRep2vsXJDY1_shared_1696591,chr5.1_072173764
alfalfaRep2vsXJDY1_shared_1697079,chr5.1_072456519
alfalfaRep2vsXJDY1_shared_1697430,chr5.1_072511331
alfalfaRep2vsXJDY1_shared_1698681,chr5.1_072787051
alfalfaRep2vsXJDY1_shared_1699373,chr5.1_072862547
alfalfaRep2vsXJDY1_shared_1699532,chr5.1_073117851
alfalfaRep2vsXJDY1_shared_1699884,chr5.1_073318656
alfalfaRep2vsXJDY1_shared_1700631,chr5.1_073503594
alfalfaRep2vsXJDY1_shared_1701512,chr5.1_073674771
alfalfaRep2vsXJDY1_shared_1703201,chr5.1_073938512
alfalfaRep2vsXJDY1_shared_1704978,chr5.1_074145342
alfalfaRep2vsXJDY1_shared_1705388,chr5.1_074362899
alfalfaRep2vsXJDY1_shared_1706366,chr5.1_074618584
alfalfaRep2vsXJDY1_shared_1706787,chr5.1_074713717
alfalfaRep2vsXJDY1_shared_1706947,chr5.1_074882340
alfalfaRep2vsXJDY1_shared_1707272,chr5.1_075050076
alfalfaRep2vsXJDY1_shared_1707636,chr5.1_075129771
alfalfaRep2vsXJDY1_shared_1708263,chr5.1_075214588
alfalfaRep2vsXJDY1_shared_1709232,chr5.1_075545228
alfalfaRep2vsXJDY1_shared_1709731,chr5.1_075647268
alfalfaRep2vsXJDY1_shared_1711365,chr5.1_075945578
alfalfaRep2vsXJDY1_shared_1711873,chr5.1_076037669
alfalfaRep2vsXJDY1_shared_1712976,chr5.1_076273135
alfalfaRep2vsXJDY1_shared_1714157,chr5.1_076469102
alfalfaRep2vsXJDY1_shared_1715210,chr5.1_076656216
alfalfaRep2vsXJDY1_shared_1715839,chr5.1_076820778
alfalfaRep2vsXJDY1_shared_1716664,chr5.1_076943339
alfalfaRep2vsXJDY1_shared_1716979,chr5.1_077055358
alfalfaRep2vsXJDY1_shared_1718142,chr5.1_077283914
alfalfaRep2vsXJDY1_shared_1719457,chr5.1_077552236
alfalfaRep2vsXJDY1_shared_1720304,chr5.1_077751123
alfalfaRep2vsXJDY1_shared_1721780,chr5.1_078032497
alfalfaRep2vsXJDY1_shared_1722433,chr5.1_078160674
alfalfaRep2vsXJDY1_shared_1723433,chr5.1_078296976
alfalfaRep2vsXJDY1_shared_1724840,chr5.1_078495340
alfalfaRep2vsXJDY1_shared_1725488,chr5.1_078664280
alfalfaRep2vsXJDY1_shared_1725956,chr5.1_078734394
alfalfaRep2vsXJDY1_shared_1726537,chr5.1_078833834
alfalfaRep2vsXJDY1_shared_1726904,chr5.1_079116987
alfalfaRep2vsXJDY1_shared_1727328,chr5.1_079242263
alfalfaRep2vsXJDY1_shared_1727919,chr5.1_080277453
alfalfaRep2vsXJDY1_shared_1728013,chr5.1_080343314
alfalfaRep2vsXJDY1_shared_1728824,chr5.1_080599170
alfalfaRep2vsXJDY1_shared_1729869,chr5.1_080963352
alfalfaRep2vsXJDY1_shared_1731001,chr6.1_000154781
alfalfaRep2vsXJDY1_shared_1731548,chr6.1_000246226
alfalfaRep2vsXJDY1_shared_1732857,chr6.1_000499041
alfalfaRep2vsXJDY1_shared_1734304,chr6.1_000791971
alfalfaRep2vsXJDY1_shared_1734871,chr6.1_000945304
alfalfaRep2vsXJDY1_shared_1736564,chr6.1_001192096
alfalfaRep2vsXJDY1_shared_1737699,chr6.1_001415377
alfalfaRep2vsXJDY1_shared_1739515,chr6.1_001698161
alfalfaRep2vsXJDY1_shared_1740244,chr6.1_001887896
alfalfaRep2vsXJDY1_shared_1740974,chr6.1_002091737
alfalfaRep2vsXJDY1_shared_1741392,chr6.1_002380285
alfalfaRep2vsXJDY1_shared_1742068,chr6.1_002530116
alfalfaRep2vsXJDY1_shared_1742904,chr6.1_002746443
alfalfaRep2vsXJDY1_shared_1743660,chr6.1_002976669
alfalfaRep2vsXJDY1_shared_1744306,chr6.1_003181275
alfalfaRep2vsXJDY1_shared_1746105,chr6.1_003594302
alfalfaRep2vsXJDY1_shared_1746990,chr6.1_003696242
alfalfaRep2vsXJDY1_shared_1748851,chr6.1_004037226
alfalfaRep2vsXJDY1_shared_1749527,chr6.1_004178682
alfalfaRep2vsXJDY1_shared_1750400,chr6.1_004381122
alfalfaRep2vsXJDY1_shared_1750777,chr6.1_004463141
alfalfaRep2vsXJDY1_shared_1752251,chr6.1_004886065
alfalfaRep2vsXJDY1_shared_1753135,chr6.1_005216583
alfalfaRep2vsXJDY1_shared_1753345,chr6.1_005369353
alfalfaRep2vsXJDY1_shared_1754300,chr6.1_005586082
alfalfaRep2vsXJDY1_shared_1754805,chr6.1_005733560
alfalfaRep2vsXJDY1_shared_1756003,chr6.1_006400134
alfalfaRep2vsXJDY1_shared_1756607,chr6.1_006652566
alfalfaRep2vsXJDY1_shared_1758266,chr6.1_006898203
alfalfaRep2vsXJDY1_shared_1759667,chr6.1_007166654
alfalfaRep2vsXJDY1_shared_1760483,chr6.1_007306201
alfalfaRep2vsXJDY1_shared_1761707,chr6.1_007649948
alfalfaRep2vsXJDY1_shared_1762300,chr6.1_008060020
alfalfaRep2vsXJDY1_shared_1762427,chr6.1_008253262
alfalfaRep2vsXJDY1_shared_1763089,chr6.1_008737910
alfalfaRep2vsXJDY1_shared_1764718,chr6.1_008980089
alfalfaRep2vsXJDY1_shared_1767432,chr6.1_009284390
alfalfaRep2vsXJDY1_shared_1769143,chr6.1_009495160
alfalfaRep2vsXJDY1_shared_1769413,chr6.1_009556727
alfalfaRep2vsXJDY1_shared_1769653,chr6.1_009755841
alfalfaRep2vsXJDY1_shared_1772121,chr6.1_010183374
alfalfaRep2vsXJDY1_shared_1772796,chr6.1_010374715
alfalfaRep2vsXJDY1_shared_1774672,chr6.1_010649888
alfalfaRep2vsXJDY1_shared_1775935,chr6.1_010835231
alfalfaRep2vsXJDY1_shared_1776305,chr6.1_010896273
alfalfaRep2vsXJDY1_shared_1776983,chr6.1_011243981
alfalfaRep2vsXJDY1_shared_1778227,chr6.1_011528532
alfalfaRep2vsXJDY1_shared_1779280,chr6.1_011786133
alfalfaRep2vsXJDY1_shared_1780163,chr6.1_011921606
alfalfaRep2vsXJDY1_shared_1780823,chr6.1_012354147
alfalfaRep2vsXJDY1_shared_1781845,chr6.1_012620723
alfalfaRep2vsXJDY1_shared_1782442,chr6.1_012799840
alfalfaRep2vsXJDY1_shared_1783305,chr6.1_012945227
alfalfaRep2vsXJDY1_shared_1785065,chr6.1_013310078
alfalfaRep2vsXJDY1_shared_1785648,chr6.1_013594745
alfalfaRep2vsXJDY1_shared_1785830,chr6.1_013697405
alfalfaRep2vsXJDY1_shared_1785912,chr6.1_013729773
alfalfaRep2vsXJDY1_shared_1786718,chr6.1_013982516
alfalfaRep2vsXJDY1_shared_1788109,chr6.1_014426774
alfalfaRep2vsXJDY1_shared_1788653,chr6.1_015022048
alfalfaRep2vsXJDY1_shared_1791017,chr6.1_015716053
alfalfaRep2vsXJDY1_shared_1791755,chr6.1_016478424
alfalfaRep2vsXJDY1_shared_1792043,chr6.1_016566728
alfalfaRep2vsXJDY1_shared_1793445,chr6.1_017140629
alfalfaRep2vsXJDY1_shared_1794533,chr6.1_017294683
alfalfaRep2vsXJDY1_shared_1797871,chr6.1_018248385
alfalfaRep2vsXJDY1_shared_1799704,chr6.1_019129898
alfalfaRep2vsXJDY1_shared_1802685,chr6.1_019995644
alfalfaRep2vsXJDY1_shared_1804722,chr6.1_020904400
alfalfaRep2vsXJDY1_shared_1805420,chr6.1_021189627
alfalfaRep2vsXJDY1_shared_1805649,chr6.1_021289253
alfalfaRep2vsXJDY1_shared_1806136,chr6.1_021526343
alfalfaRep2vsXJDY1_shared_1808078,chr6.1_021894287
alfalfaRep2vsXJDY1_shared_1808383,chr6.1_022274165
alfalfaRep2vsXJDY1_shared_1808911,chr6.1_022386279
alfalfaRep2vsXJDY1_shared_1810171,chr6.1_023451372
alfalfaRep2vsXJDY1_shared_1811103,chr6.1_023722487
alfalfaRep2vsXJDY1_shared_1813205,chr6.1_024250408
alfalfaRep2vsXJDY1_shared_1813282,chr6.1_024313782
alfalfaRep2vsXJDY1_shared_1815850,chr6.1_024706304
alfalfaRep2vsXJDY1_shared_1816737,chr6.1_024896251
alfalfaRep2vsXJDY1_shared_1817940,chr6.1_025534619
alfalfaRep2vsXJDY1_shared_1818649,chr6.1_025687233
alfalfaRep2vsXJDY1_shared_1819300,chr6.1_025863000
alfalfaRep2vsXJDY1_shared_1821160,chr6.1_026237200
alfalfaRep2vsXJDY1_shared_1822040,chr6.1_026369799
alfalfaRep2vsXJDY1_shared_1822751,chr6.1_026683918
alfalfaRep2vsXJDY1_shared_1823959,chr6.1_027111942
alfalfaRep2vsXJDY1_shared_1825602,chr6.1_027866824
alfalfaRep2vsXJDY1_shared_1826379,chr6.1_028604209
alfalfaRep2vsXJDY1_shared_1827066,chr6.1_029191689
alfalfaRep2vsXJDY1_shared_1827682,chr6.1_030140972
alfalfaRep2vsXJDY1_shared_1828448,chr6.1_030357068
alfalfaRep2vsXJDY1_shared_1829667,chr6.1_030579415
alfalfaRep2vsXJDY1_shared_1830151,chr6.1_030804913
alfalfaRep2vsXJDY1_shared_1831167,chr6.1_031304897
alfalfaRep2vsXJDY1_shared_1831505,chr6.1_031734270
alfalfaRep2vsXJDY1_shared_1831846,chr6.1_031803356
alfalfaRep2vsXJDY1_shared_1833076,chr6.1_033523970
alfalfaRep2vsXJDY1_shared_1833690,chr6.1_033615740
alfalfaRep2vsXJDY1_shared_1834360,chr6.1_033728347
alfalfaRep2vsXJDY1_shared_1838218,chr6.1_034513265
alfalfaRep2vsXJDY1_shared_1839068,chr6.1_034756647
alfalfaRep2vsXJDY1_shared_1844467,chr6.1_036253851
alfalfaRep2vsXJDY1_shared_1845064,chr6.1_036697523
alfalfaRep2vsXJDY1_shared_1848515,chr6.1_038512908
alfalfaRep2vsXJDY1_shared_1850917,chr6.1_039322084
alfalfaRep2vsXJDY1_shared_1855830,chr6.1_040253604
alfalfaRep2vsXJDY1_shared_1863656,chr6.1_042851438
alfalfaRep2vsXJDY1_shared_1865040,chr6.1_043311212
alfalfaRep2vsXJDY1_shared_1866222,chr6.1_043713480
alfalfaRep2vsXJDY1_shared_1873337,chr6.1_047822574
alfalfaRep2vsXJDY1_shared_1873887,chr6.1_048027907
alfalfaRep2vsXJDY1_shared_1874184,chr6.1_048160921
alfalfaRep2vsXJDY1_shared_1875798,chr6.1_048700476
alfalfaRep2vsXJDY1_shared_1877569,chr6.1_048918934
alfalfaRep2vsXJDY1_shared_1878671,chr6.1_049045313
alfalfaRep2vsXJDY1_shared_1880203,chr6.1_049865886
alfalfaRep2vsXJDY1_shared_1880905,chr6.1_050062706
alfalfaRep2vsXJDY1_shared_1881562,chr6.1_050193496
alfalfaRep2vsXJDY1_shared_1881874,chr6.1_050536032
alfalfaRep2vsXJDY1_shared_1882139,chr6.1_050598088
alfalfaRep2vsXJDY1_shared_1882973,chr6.1_050894072
alfalfaRep2vsXJDY1_shared_1884972,chr6.1_051359309
alfalfaRep2vsXJDY1_shared_1887693,chr6.1_052266116
alfalfaRep2vsXJDY1_shared_1889476,chr6.1_052827999
alfalfaRep2vsXJDY1_shared_1890434,chr6.1_053006010
alfalfaRep2vsXJDY1_shared_1891392,chr6.1_053162352
alfalfaRep2vsXJDY1_shared_1892445,chr6.1_053461474
alfalfaRep2vsXJDY1_shared_1893031,chr6.1_053676941
alfalfaRep2vsXJDY1_shared_1894760,chr6.1_054168303
alfalfaRep2vsXJDY1_shared_1895892,chr6.1_054456218
alfalfaRep2vsXJDY1_shared_1897221,chr6.1_055088564
alfalfaRep2vsXJDY1_shared_1898237,chr6.1_055144952
alfalfaRep2vsXJDY1_shared_1899433,chr6.1_055381041
alfalfaRep2vsXJDY1_shared_1900931,chr6.1_055702136
alfalfaRep2vsXJDY1_shared_1902600,chr6.1_055923540
alfalfaRep2vsXJDY1_shared_1903631,chr6.1_056115899
alfalfaRep2vsXJDY1_shared_1904770,chr6.1_056760518
alfalfaRep2vsXJDY1_shared_1905712,chr6.1_057548882
alfalfaRep2vsXJDY1_shared_1905864,chr6.1_057790617
alfalfaRep2vsXJDY1_shared_1906497,chr6.1_058287591
alfalfaRep2vsXJDY1_shared_1907017,chr6.1_059131007
alfalfaRep2vsXJDY1_shared_1907229,chr6.1_059234337
alfalfaRep2vsXJDY1_shared_1908524,chr6.1_059554851
alfalfaRep2vsXJDY1_shared_1909809,chr6.1_060394751
alfalfaRep2vsXJDY1_shared_1912097,chr6.1_062006497
alfalfaRep2vsXJDY1_shared_1913232,chr6.1_062337651
alfalfaRep2vsXJDY1_shared_1913481,chr6.1_062389890
alfalfaRep2vsXJDY1_shared_1914409,chr6.1_062617671
alfalfaRep2vsXJDY1_shared_1915090,chr6.1_062976299
alfalfaRep2vsXJDY1_shared_1916964,chr6.1_063214795
alfalfaRep2vsXJDY1_shared_1917374,chr6.1_063320971
alfalfaRep2vsXJDY1_shared_1920702,chr6.1_064332572
alfalfaRep2vsXJDY1_shared_1921397,chr6.1_064448712
alfalfaRep2vsXJDY1_shared_1922987,chr6.1_064803434
alfalfaRep2vsXJDY1_shared_1923735,chr6.1_065124873
alfalfaRep2vsXJDY1_shared_1925553,chr6.1_065450573
alfalfaRep2vsXJDY1_shared_1926457,chr6.1_065685012
alfalfaRep2vsXJDY1_shared_1927723,chr6.1_066915751
alfalfaRep2vsXJDY1_shared_1928285,chr6.1_066997592
alfalfaRep2vsXJDY1_shared_1930410,chr6.1_067578375
alfalfaRep2vsXJDY1_shared_1930948,chr6.1_067680518
alfalfaRep2vsXJDY1_shared_1931870,chr6.1_067885309
alfalfaRep2vsXJDY1_shared_1932157,chr6.1_067956726
alfalfaRep2vsXJDY1_shared_1933826,chr6.1_068310379
alfalfaRep2vsXJDY1_shared_1935172,chr6.1_068705068
alfalfaRep2vsXJDY1_shared_1936709,chr6.1_068937560
alfalfaRep2vsXJDY1_shared_1937885,chr6.1_069183694
alfalfaRep2vsXJDY1_shared_1939419,chr6.1_069396016
alfalfaRep2vsXJDY1_shared_1940176,chr6.1_069441721
alfalfaRep2vsXJDY1_shared_1943519,chr6.1_071276073
alfalfaRep2vsXJDY1_shared_1944585,chr6.1_071434924
alfalfaRep2vsXJDY1_shared_1945768,chr6.1_071635271
alfalfaRep2vsXJDY1_shared_1946551,chr6.1_071858428
alfalfaRep2vsXJDY1_shared_1946807,chr6.1_071935214
alfalfaRep2vsXJDY1_shared_1947729,chr6.1_072112174
alfalfaRep2vsXJDY1_shared_1948564,chr6.1_072346272
alfalfaRep2vsXJDY1_shared_1949408,chr6.1_072452539
alfalfaRep2vsXJDY1_shared_1950643,chr6.1_072658707
alfalfaRep2vsXJDY1_shared_1950806,chr6.1_072781401
alfalfaRep2vsXJDY1_shared_1952709,chr6.1_073563154
alfalfaRep2vsXJDY1_shared_1953811,chr6.1_073913902
alfalfaRep2vsXJDY1_shared_1954199,chr6.1_073984871
alfalfaRep2vsXJDY1_shared_1954959,chr6.1_074292853
alfalfaRep2vsXJDY1_shared_1956679,chr6.1_074613971
alfalfaRep2vsXJDY1_shared_1957664,chr6.1_074737274
alfalfaRep2vsXJDY1_shared_1958550,chr6.1_074921247
alfalfaRep2vsXJDY1_shared_1960133,chr6.1_075218545
alfalfaRep2vsXJDY1_shared_1960793,chr6.1_075398151
alfalfaRep2vsXJDY1_shared_1961729,chr6.1_075556698
alfalfaRep2vsXJDY1_shared_1962760,chr6.1_075777170
alfalfaRep2vsXJDY1_shared_1963189,chr6.1_076084166
alfalfaRep2vsXJDY1_shared_1963446,chr6.1_076232452
alfalfaRep2vsXJDY1_shared_1964016,chr6.1_076648241
alfalfaRep2vsXJDY1_shared_1964823,chr6.1_076850973
alfalfaRep2vsXJDY1_shared_1965037,chr6.1_076896319
alfalfaRep2vsXJDY1_shared_1965849,chr6.1_077477051
alfalfaRep2vsXJDY1_shared_1966598,chr6.1_077582530
alfalfaRep2vsXJDY1_shared_1967285,chr6.1_077824301
alfalfaRep2vsXJDY1_shared_1967788,chr6.1_078103633
alfalfaRep2vsXJDY1_shared_1968914,chr6.1_078298786
alfalfaRep2vsXJDY1_shared_1969657,chr6.1_078535456
alfalfaRep2vsXJDY1_shared_1970607,chr6.1_078755957
alfalfaRep2vsXJDY1_shared_1972369,chr6.1_079127138
alfalfaRep2vsXJDY1_shared_1972615,chr6.1_079199038
alfalfaRep2vsXJDY1_shared_1974044,chr6.1_079588662
alfalfaRep2vsXJDY1_shared_1974226,chr6.1_079624970
alfalfaRep2vsXJDY1_shared_1975604,chr6.1_079982386
alfalfaRep2vsXJDY1_shared_1976010,chr6.1_080096025
alfalfaRep2vsXJDY1_shared_1976990,chr7.1_000174886
alfalfaRep2vsXJDY1_shared_1977789,chr7.1_000352052
alfalfaRep2vsXJDY1_shared_1978872,chr7.1_000632834
alfalfaRep2vsXJDY1_shared_1979197,chr7.1_000683234
alfalfaRep2vsXJDY1_shared_1979807,chr7.1_000824387
alfalfaRep2vsXJDY1_shared_1980601,chr7.1_000981187
alfalfaRep2vsXJDY1_shared_1981473,chr7.1_001198751
alfalfaRep2vsXJDY1_shared_1982451,chr7.1_001382264
alfalfaRep2vsXJDY1_shared_1983243,chr7.1_001556123
alfalfaRep2vsXJDY1_shared_1984359,chr7.1_001787161
alfalfaRep2vsXJDY1_shared_1984690,chr7.1_001840205
alfalfaRep2vsXJDY1_shared_1985976,chr7.1_002122072
alfalfaRep2vsXJDY1_shared_1986667,chr7.1_002257846
alfalfaRep2vsXJDY1_shared_1987367,chr7.1_002410592
alfalfaRep2vsXJDY1_shared_1988143,chr7.1_002611065
alfalfaRep2vsXJDY1_shared_1988360,chr7.1_002678640
alfalfaRep2vsXJDY1_shared_1988554,chr7.1_002888102
alfalfaRep2vsXJDY1_shared_1989279,chr7.1_003057288
alfalfaRep2vsXJDY1_shared_1990541,chr7.1_003353771
alfalfaRep2vsXJDY1_shared_1990919,chr7.1_003453072
alfalfaRep2vsXJDY1_shared_1991480,chr7.1_003635156
alfalfaRep2vsXJDY1_shared_1992625,chr7.1_003856349
alfalfaRep2vsXJDY1_shared_1992760,chr7.1_004108271
alfalfaRep2vsXJDY1_shared_1993445,chr7.1_004435501
alfalfaRep2vsXJDY1_shared_1994986,chr7.1_004707293
alfalfaRep2vsXJDY1_shared_1995322,chr7.1_004892887
alfalfaRep2vsXJDY1_shared_1995813,chr7.1_004988104
alfalfaRep2vsXJDY1_shared_1996195,chr7.1_005052892
alfalfaRep2vsXJDY1_shared_1997292,chr7.1_006068288
alfalfaRep2vsXJDY1_shared_1998470,chr7.1_006220074
alfalfaRep2vsXJDY1_shared_1998783,chr7.1_006273129
alfalfaRep2vsXJDY1_shared_1999772,chr7.1_006496412
alfalfaRep2vsXJDY1_shared_2000979,chr7.1_006712489
alfalfaRep2vsXJDY1_shared_2001904,chr7.1_006974346
alfalfaRep2vsXJDY1_shared_2002752,chr7.1_007181329
alfalfaRep2vsXJDY1_shared_2003167,chr7.1_007327409
alfalfaRep2vsXJDY1_shared_2003684,chr7.1_007427726
alfalfaRep2vsXJDY1_shared_2004143,chr7.1_008078032
alfalfaRep2vsXJDY1_shared_2004809,chr7.1_008305591
alfalfaRep2vsXJDY1_shared_2005978,chr7.1_008505279
alfalfaRep2vsXJDY1_shared_2007701,chr7.1_008812453
alfalfaRep2vsXJDY1_shared_2007977,chr7.1_008863225
alfalfaRep2vsXJDY1_shared_2008350,chr7.1_008904545
alfalfaRep2vsXJDY1_shared_2009683,chr7.1_009226540
alfalfaRep2vsXJDY1_shared_2011004,chr7.1_009446204
alfalfaRep2vsXJDY1_shared_2012730,chr7.1_009686644
alfalfaRep2vsXJDY1_shared_2013937,chr7.1_009909429
alfalfaRep2vsXJDY1_shared_2014394,chr7.1_009975993
alfalfaRep2vsXJDY1_shared_2015261,chr7.1_010103033
alfalfaRep2vsXJDY1_shared_2016285,chr7.1_010354173
alfalfaRep2vsXJDY1_shared_2018207,chr7.1_010633897
alfalfaRep2vsXJDY1_shared_2018586,chr7.1_010739345
alfalfaRep2vsXJDY1_shared_2019100,chr7.1_010877021
alfalfaRep2vsXJDY1_shared_2020000,chr7.1_011050562
alfalfaRep2vsXJDY1_shared_2020195,chr7.1_011083742
alfalfaRep2vsXJDY1_shared_2020917,chr7.1_011227396
alfalfaRep2vsXJDY1_shared_2021624,chr7.1_011451133
alfalfaRep2vsXJDY1_shared_2021946,chr7.1_011506367
alfalfaRep2vsXJDY1_shared_2022663,chr7.1_011617830
alfalfaRep2vsXJDY1_shared_2022858,chr7.1_012139025
alfalfaRep2vsXJDY1_shared_2022992,chr7.1_012345814
alfalfaRep2vsXJDY1_shared_2023562,chr7.1_012496212
alfalfaRep2vsXJDY1_shared_2024101,chr7.1_012793856
alfalfaRep2vsXJDY1_shared_2025817,chr7.1_013054392
alfalfaRep2vsXJDY1_shared_2026711,chr7.1_013262048
alfalfaRep2vsXJDY1_shared_2028726,chr7.1_013537091
alfalfaRep2vsXJDY1_shared_2029724,chr7.1_013782897
alfalfaRep2vsXJDY1_shared_2030254,chr7.1_013916559
alfalfaRep2vsXJDY1_shared_2031242,chr7.1_014190064
alfalfaRep2vsXJDY1_shared_2031925,chr7.1_014589787
alfalfaRep2vsXJDY1_shared_2032162,chr7.1_014656196
alfalfaRep2vsXJDY1_shared_2033200,chr7.1_014925493
alfalfaRep2vsXJDY1_shared_2034899,chr7.1_015153209
alfalfaRep2vsXJDY1_shared_2036315,chr7.1_015360798
alfalfaRep2vsXJDY1_shared_2036706,chr7.1_015649225
alfalfaRep2vsXJDY1_shared_2036773,chr7.1_016012873
alfalfaRep2vsXJDY1_shared_2038562,chr7.1_016246573
alfalfaRep2vsXJDY1_shared_2039434,chr7.1_016393650
alfalfaRep2vsXJDY1_shared_2041242,chr7.1_016638667
alfalfaRep2vsXJDY1_shared_2042639,chr7.1_016949461
alfalfaRep2vsXJDY1_shared_2042965,chr7.1_017068164
alfalfaRep2vsXJDY1_shared_2043477,chr7.1_017143305
alfalfaRep2vsXJDY1_shared_2044024,chr7.1_017252409
alfalfaRep2vsXJDY1_shared_2044701,chr7.1_017458141
alfalfaRep2vsXJDY1_shared_2044863,chr7.1_017705748
alfalfaRep2vsXJDY1_shared_2045983,chr7.1_017857799
alfalfaRep2vsXJDY1_shared_2047634,chr7.1_018047678
alfalfaRep2vsXJDY1_shared_2049090,chr7.1_018323333
alfalfaRep2vsXJDY1_shared_2050368,chr7.1_018574139
alfalfaRep2vsXJDY1_shared_2050830,chr7.1_018737833
alfalfaRep2vsXJDY1_shared_2051459,chr7.1_018966923
alfalfaRep2vsXJDY1_shared_2052161,chr7.1_019045805
alfalfaRep2vsXJDY1_shared_2053574,chr7.1_019308605
alfalfaRep2vsXJDY1_shared_2054247,chr7.1_019441496
alfalfaRep2vsXJDY1_shared_2054555,chr7.1_019505223
alfalfaRep2vsXJDY1_shared_2055419,chr7.1_019623691
alfalfaRep2vsXJDY1_shared_2056464,chr7.1_019872449
alfalfaRep2vsXJDY1_shared_2056798,chr7.1_019905571
alfalfaRep2vsXJDY1_shared_2057413,chr7.1_020142198
alfalfaRep2vsXJDY1_shared_2057689,chr7.1_020239243
alfalfaRep2vsXJDY1_shared_2058761,chr7.1_020569471
alfalfaRep2vsXJDY1_shared_2059067,chr7.1_020609809
alfalfaRep2vsXJDY1_shared_2059191,chr7.1_020654480
alfalfaRep2vsXJDY1_shared_2060160,chr7.1_020962088
alfalfaRep2vsXJDY1_shared_2060573,chr7.1_021019918
alfalfaRep2vsXJDY1_shared_2061558,chr7.1_021226955
alfalfaRep2vsXJDY1_shared_2061885,chr7.1_021520422
alfalfaRep2vsXJDY1_shared_2062079,chr7.1_021556422
alfalfaRep2vsXJDY1_shared_2062337,chr7.1_021632850
alfalfaRep2vsXJDY1_shared_2063692,chr7.1_021909718
alfalfaRep2vsXJDY1_shared_2064965,chr7.1_022098909
alfalfaRep2vsXJDY1_shared_2065714,chr7.1_022360539
alfalfaRep2vsXJDY1_shared_2067098,chr7.1_022597908
alfalfaRep2vsXJDY1_shared_2067762,chr7.1_022688838
alfalfaRep2vsXJDY1_shared_2068634,chr7.1_022766953
alfalfaRep2vsXJDY1_shared_2069737,chr7.1_023098359
alfalfaRep2vsXJDY1_shared_2069965,chr7.1_023169812
alfalfaRep2vsXJDY1_shared_2070356,chr7.1_023407525
alfalfaRep2vsXJDY1_shared_2071005,chr7.1_023536033
alfalfaRep2vsXJDY1_shared_2071283,chr7.1_023692897
alfalfaRep2vsXJDY1_shared_2071890,chr7.1_023859823
alfalfaRep2vsXJDY1_shared_2072698,chr7.1_024003392
alfalfaRep2vsXJDY1_shared_2073659,chr7.1_024109724
alfalfaRep2vsXJDY1_shared_2075564,chr7.1_024436683
alfalfaRep2vsXJDY1_shared_2076084,chr7.1_024481453
alfalfaRep2vsXJDY1_shared_2076883,chr7.1_024654751
alfalfaRep2vsXJDY1_shared_2077349,chr7.1_024777525
alfalfaRep2vsXJDY1_shared_2078717,chr7.1_025092093
alfalfaRep2vsXJDY1_shared_2079030,chr7.1_025156873
alfalfaRep2vsXJDY1_shared_2079760,chr7.1_025313828
alfalfaRep2vsXJDY1_shared_2080414,chr7.1_025558222
alfalfaRep2vsXJDY1_shared_2080967,chr7.1_025680448
alfalfaRep2vsXJDY1_shared_2081965,chr7.1_025865927
alfalfaRep2vsXJDY1_shared_2082538,chr7.1_025926132
alfalfaRep2vsXJDY1_shared_2084562,chr7.1_026219911
alfalfaRep2vsXJDY1_shared_2086055,chr7.1_026429671
alfalfaRep2vsXJDY1_shared_2086768,chr7.1_026522469
alfalfaRep2vsXJDY1_shared_2087819,chr7.1_026786645
alfalfaRep2vsXJDY1_shared_2088490,chr7.1_026941970
alfalfaRep2vsXJDY1_shared_2089219,chr7.1_027057580
alfalfaRep2vsXJDY1_shared_2089983,chr7.1_027221392
alfalfaRep2vsXJDY1_shared_2090495,chr7.1_027318051
alfalfaRep2vsXJDY1_shared_2091977,chr7.1_027544980
alfalfaRep2vsXJDY1_shared_2092833,chr7.1_027683672
alfalfaRep2vsXJDY1_shared_2094000,chr7.1_027958961
alfalfaRep2vsXJDY1_shared_2095287,chr7.1_028227502
alfalfaRep2vsXJDY1_shared_2096405,chr7.1_028466781
alfalfaRep2vsXJDY1_shared_2096874,chr7.1_028518805
alfalfaRep2vsXJDY1_shared_2098049,chr7.1_028710615
alfalfaRep2vsXJDY1_shared_2098731,chr7.1_028845173
alfalfaRep2vsXJDY1_shared_2100765,chr7.1_029128354
alfalfaRep2vsXJDY1_shared_2102781,chr7.1_029447729
alfalfaRep2vsXJDY1_shared_2103710,chr7.1_029635179
alfalfaRep2vsXJDY1_shared_2104734,chr7.1_029793605
alfalfaRep2vsXJDY1_shared_2106289,chr7.1_029993860
alfalfaRep2vsXJDY1_shared_2107737,chr7.1_030221228
alfalfaRep2vsXJDY1_shared_2110219,chr7.1_031260109
alfalfaRep2vsXJDY1_shared_2111748,chr7.1_031588295
alfalfaRep2vsXJDY1_shared_2112962,chr7.1_031722150
alfalfaRep2vsXJDY1_shared_2113915,chr7.1_032183304
alfalfaRep2vsXJDY1_shared_2114386,chr7.1_032293677
alfalfaRep2vsXJDY1_shared_2115811,chr7.1_032426368
alfalfaRep2vsXJDY1_shared_2117639,chr7.1_032679931
alfalfaRep2vsXJDY1_shared_2120132,chr7.1_033028553
alfalfaRep2vsXJDY1_shared_2121045,chr7.1_033217416
alfalfaRep2vsXJDY1_shared_2122765,chr7.1_033473416
alfalfaRep2vsXJDY1_shared_2123785,chr7.1_033672204
alfalfaRep2vsXJDY1_shared_2124509,chr7.1_034132832
alfalfaRep2vsXJDY1_shared_2126173,chr7.1_034521381
alfalfaRep2vsXJDY1_shared_2127725,chr7.1_035061499
alfalfaRep2vsXJDY1_shared_2129976,chr7.1_035758408
alfalfaRep2vsXJDY1_shared_2130718,chr7.1_035993816
alfalfaRep2vsXJDY1_shared_2132519,chr7.1_036344892
alfalfaRep2vsXJDY1_shared_2133429,chr7.1_036466711
alfalfaRep2vsXJDY1_shared_2134038,chr7.1_036565621
alfalfaRep2vsXJDY1_shared_2134579,chr7.1_036795943
alfalfaRep2vsXJDY1_shared_2136216,chr7.1_037108527
alfalfaRep2vsXJDY1_shared_2136898,chr7.1_037198413
alfalfaRep2vsXJDY1_shared_2138600,chr7.1_037551629
alfalfaRep2vsXJDY1_shared_2139470,chr7.1_037685747
alfalfaRep2vsXJDY1_shared_2140321,chr7.1_037885830
alfalfaRep2vsXJDY1_shared_2140922,chr7.1_038156723
alfalfaRep2vsXJDY1_shared_2143107,chr7.1_038440523
alfalfaRep2vsXJDY1_shared_2143791,chr7.1_038715717
alfalfaRep2vsXJDY1_shared_2144371,chr7.1_038837207
alfalfaRep2vsXJDY1_shared_2145268,chr7.1_039044866
alfalfaRep2vsXJDY1_shared_2145913,chr7.1_039201586
alfalfaRep2vsXJDY1_shared_2146161,chr7.1_039298431
alfalfaRep2vsXJDY1_shared_2147288,chr7.1_039612287
alfalfaRep2vsXJDY1_shared_2149305,chr7.1_039990964
alfalfaRep2vsXJDY1_shared_2150024,chr7.1_040126845
alfalfaRep2vsXJDY1_shared_2150474,chr7.1_040369149
alfalfaRep2vsXJDY1_shared_2150926,chr7.1_040509863
alfalfaRep2vsXJDY1_shared_2151902,chr7.1_040637771
alfalfaRep2vsXJDY1_shared_2152607,chr7.1_040953761
alfalfaRep2vsXJDY1_shared_2152817,chr7.1_041124173
alfalfaRep2vsXJDY1_shared_2153779,chr7.1_041256682
alfalfaRep2vsXJDY1_shared_2155307,chr7.1_042023850
alfalfaRep2vsXJDY1_shared_2156952,chr7.1_042343261
alfalfaRep2vsXJDY1_shared_2157340,chr7.1_042424238
alfalfaRep2vsXJDY1_shared_2158383,chr7.1_042689702
alfalfaRep2vsXJDY1_shared_2158588,chr7.1_042860899
alfalfaRep2vsXJDY1_shared_2158685,chr7.1_042908612
alfalfaRep2vsXJDY1_shared_2160379,chr7.1_043386208
alfalfaRep2vsXJDY1_shared_2161560,chr7.1_043695737
alfalfaRep2vsXJDY1_shared_2161701,chr7.1_043916744
alfalfaRep2vsXJDY1_shared_2162602,chr7.1_044001635
alfalfaRep2vsXJDY1_shared_2164526,chr7.1_044475230
alfalfaRep2vsXJDY1_shared_2165564,chr7.1_044794241
alfalfaRep2vsXJDY1_shared_2166743,chr7.1_044994040
alfalfaRep2vsXJDY1_shared_2167229,chr7.1_045158183
alfalfaRep2vsXJDY1_shared_2167608,chr7.1_045429790
alfalfaRep2vsXJDY1_shared_2168101,chr7.1_045536518
alfalfaRep2vsXJDY1_shared_2168937,chr7.1_045738668
alfalfaRep2vsXJDY1_shared_2169921,chr7.1_045904952
alfalfaRep2vsXJDY1_shared_2170950,chr7.1_046529707
alfalfaRep2vsXJDY1_shared_2172411,chr7.1_047220053
alfalfaRep2vsXJDY1_shared_2174122,chr7.1_047641790
alfalfaRep2vsXJDY1_shared_2176049,chr7.1_047862095
alfalfaRep2vsXJDY1_shared_2176234,chr7.1_048022990
alfalfaRep2vsXJDY1_shared_2176717,chr7.1_048219006
alfalfaRep2vsXJDY1_shared_2177552,chr7.1_048610484
alfalfaRep2vsXJDY1_shared_2177620,chr7.1_048651987
alfalfaRep2vsXJDY1_shared_2178460,chr7.1_048888280
alfalfaRep2vsXJDY1_shared_2180764,chr7.1_049280996
alfalfaRep2vsXJDY1_shared_2183016,chr7.1_049807679
alfalfaRep2vsXJDY1_shared_2184620,chr7.1_050362057
alfalfaRep2vsXJDY1_shared_2186053,chr7.1_050890121
alfalfaRep2vsXJDY1_shared_2187105,chr7.1_051253503
alfalfaRep2vsXJDY1_shared_2187948,chr7.1_051441120
alfalfaRep2vsXJDY1_shared_2188952,chr7.1_051590876
alfalfaRep2vsXJDY1_shared_2190374,chr7.1_052465795
alfalfaRep2vsXJDY1_shared_2191043,chr7.1_052643683
alfalfaRep2vsXJDY1_shared_2191944,chr7.1_052766185
alfalfaRep2vsXJDY1_shared_2192592,chr7.1_052880921
alfalfaRep2vsXJDY1_shared_2194311,chr7.1_053175597
alfalfaRep2vsXJDY1_shared_2194935,chr7.1_053356380
alfalfaRep2vsXJDY1_shared_2195394,chr7.1_053492890
alfalfaRep2vsXJDY1_shared_2196481,chr7.1_053787999
alfalfaRep2vsXJDY1_shared_2197640,chr7.1_054162053
alfalfaRep2vsXJDY1_shared_2198012,chr7.1_054242595
alfalfaRep2vsXJDY1_shared_2199252,chr7.1_054601074
alfalfaRep2vsXJDY1_shared_2199650,chr7.1_054679087
alfalfaRep2vsXJDY1_shared_2200455,chr7.1_054887678
alfalfaRep2vsXJDY1_shared_2202420,chr7.1_055241150
alfalfaRep2vsXJDY1_shared_2203105,chr7.1_055360439
alfalfaRep2vsXJDY1_shared_2204987,chr7.1_055594264
alfalfaRep2vsXJDY1_shared_2206461,chr7.1_055951351
alfalfaRep2vsXJDY1_shared_2208271,chr7.1_056177571
alfalfaRep2vsXJDY1_shared_2208793,chr7.1_056268915
alfalfaRep2vsXJDY1_shared_2209518,chr7.1_056484720
alfalfaRep2vsXJDY1_shared_2211188,chr7.1_056688448
alfalfaRep2vsXJDY1_shared_2213086,chr7.1_057068472
alfalfaRep2vsXJDY1_shared_2215313,chr7.1_057346246
alfalfaRep2vsXJDY1_shared_2216458,chr7.1_057471464
alfalfaRep2vsXJDY1_shared_2217532,chr7.1_057617863
alfalfaRep2vsXJDY1_shared_2218778,chr7.1_057829076
alfalfaRep2vsXJDY1_shared_2219173,chr7.1_058300056
alfalfaRep2vsXJDY1_shared_2221464,chr7.1_058785641
alfalfaRep2vsXJDY1_shared_2222740,chr7.1_059221510
alfalfaRep2vsXJDY1_shared_2223322,chr7.1_059455194
alfalfaRep2vsXJDY1_shared_2224748,chr7.1_059723838
alfalfaRep2vsXJDY1_shared_2226060,chr7.1_059942925
alfalfaRep2vsXJDY1_shared_2228655,chr7.1_060931828
alfalfaRep2vsXJDY1_shared_2229107,chr7.1_061039610
alfalfaRep2vsXJDY1_shared_2230836,chr7.1_061562597
alfalfaRep2vsXJDY1_shared_2231221,chr7.1_061607194
alfalfaRep2vsXJDY1_shared_2232165,chr7.1_061907545
alfalfaRep2vsXJDY1_shared_2232790,chr7.1_062120252
alfalfaRep2vsXJDY1_shared_2233665,chr7.1_062532170
alfalfaRep2vsXJDY1_shared_2233925,chr7.1_062608738
alfalfaRep2vsXJDY1_shared_2235112,chr7.1_062874747
alfalfaRep2vsXJDY1_shared_2236197,chr7.1_063163614
alfalfaRep2vsXJDY1_shared_2239122,chr7.1_064068161
alfalfaRep2vsXJDY1_shared_2241363,chr7.1_064602866
alfalfaRep2vsXJDY1_shared_2241853,chr7.1_064705291
alfalfaRep2vsXJDY1_shared_2243638,chr7.1_065049271
alfalfaRep2vsXJDY1_shared_2243860,chr7.1_065295546
alfalfaRep2vsXJDY1_shared_2244451,chr7.1_065489201
alfalfaRep2vsXJDY1_shared_2244943,chr7.1_065692753
alfalfaRep2vsXJDY1_shared_2245526,chr7.1_066135035
alfalfaRep2vsXJDY1_shared_2246365,chr7.1_066328424
alfalfaRep2vsXJDY1_shared_2247573,chr7.1_066535399
alfalfaRep2vsXJDY1_shared_2249488,chr7.1_066979462
alfalfaRep2vsXJDY1_shared_2250598,chr7.1_067279501
alfalfaRep2vsXJDY1_shared_2251812,chr7.1_068001334
alfalfaRep2vsXJDY1_shared_2251902,chr7.1_068170376
alfalfaRep2vsXJDY1_shared_2252441,chr7.1_068419770
alfalfaRep2vsXJDY1_shared_2252640,chr7.1_068597466
alfalfaRep2vsXJDY1_shared_2253544,chr7.1_068777119
alfalfaRep2vsXJDY1_shared_2254603,chr7.1_069121018
alfalfaRep2vsXJDY1_shared_2256601,chr7.1_069310787
alfalfaRep2vsXJDY1_shared_2257811,chr7.1_069573178
alfalfaRep2vsXJDY1_shared_2258099,chr7.1_069639650
alfalfaRep2vsXJDY1_shared_2259101,chr7.1_069797102
alfalfaRep2vsXJDY1_shared_2259637,chr7.1_069958756
alfalfaRep2vsXJDY1_shared_2260071,chr7.1_070004772
alfalfaRep2vsXJDY1_shared_2260278,chr7.1_070131521
alfalfaRep2vsXJDY1_shared_2261258,chr7.1_070364057
alfalfaRep2vsXJDY1_shared_2261896,chr7.1_070509352
alfalfaRep2vsXJDY1_shared_2262657,chr7.1_070938494
alfalfaRep2vsXJDY1_shared_2263160,chr7.1_071595812
alfalfaRep2vsXJDY1_shared_2265351,chr7.1_072776878
alfalfaRep2vsXJDY1_shared_2266382,chr7.1_073025728
alfalfaRep2vsXJDY1_shared_2268123,chr7.1_073242026
alfalfaRep2vsXJDY1_shared_2269089,chr7.1_073454919
alfalfaRep2vsXJDY1_shared_2269982,chr7.1_073605188
alfalfaRep2vsXJDY1_shared_2270312,chr7.1_073830550
alfalfaRep2vsXJDY1_shared_2270817,chr7.1_073960786
alfalfaRep2vsXJDY1_shared_2272039,chr7.1_075394478
alfalfaRep2vsXJDY1_shared_2274495,chr7.1_075838046
alfalfaRep2vsXJDY1_shared_2275250,chr7.1_076052706
alfalfaRep2vsXJDY1_shared_2276834,chr7.1_076361830
alfalfaRep2vsXJDY1_shared_2277939,chr7.1_076520525
alfalfaRep2vsXJDY1_shared_2278592,chr7.1_076632332
alfalfaRep2vsXJDY1_shared_2279256,chr7.1_076787449
alfalfaRep2vsXJDY1_shared_2280528,chr7.1_076987160
alfalfaRep2vsXJDY1_shared_2281313,chr7.1_077078448
alfalfaRep2vsXJDY1_shared_2281743,chr7.1_077166737
alfalfaRep2vsXJDY1_shared_2283012,chr7.1_077351871
alfalfaRep2vsXJDY1_shared_2283593,chr7.1_077507194
alfalfaRep2vsXJDY1_shared_2284387,chr7.1_077638573
alfalfaRep2vsXJDY1_shared_2285396,chr7.1_077803720
alfalfaRep2vsXJDY1_shared_2286130,chr7.1_078180633
alfalfaRep2vsXJDY1_shared_2287253,chr7.1_078278521
alfalfaRep2vsXJDY1_shared_2288249,chr7.1_078445464
alfalfaRep2vsXJDY1_shared_2288888,chr7.1_078629127
alfalfaRep2vsXJDY1_shared_2289046,chr7.1_078682539
alfalfaRep2vsXJDY1_shared_2291705,chr7.1_079443492
alfalfaRep2vsXJDY1_shared_2293007,chr7.1_079587412
alfalfaRep2vsXJDY1_shared_2294322,chr7.1_079844136
alfalfaRep2vsXJDY1_shared_2295323,chr7.1_080085927
alfalfaRep2vsXJDY1_shared_2296843,chr7.1_080411685
alfalfaRep2vsXJDY1_shared_2297098,chr7.1_080515644
alfalfaRep2vsXJDY1_shared_2299326,chr7.1_081431902
alfalfaRep2vsXJDY1_shared_2299802,chr7.1_081681554
alfalfaRep2vsXJDY1_shared_2300151,chr7.1_081840825
alfalfaRep2vsXJDY1_shared_2301374,chr7.1_082052629
alfalfaRep2vsXJDY1_shared_2301565,chr7.1_082178135
alfalfaRep2vsXJDY1_shared_2303567,chr7.1_082470737
alfalfaRep2vsXJDY1_shared_2305150,chr7.1_082776961
alfalfaRep2vsXJDY1_shared_2305871,chr7.1_083012389
alfalfaRep2vsXJDY1_shared_2307997,chr7.1_083605195
alfalfaRep2vsXJDY1_shared_2308231,chr7.1_083676873
alfalfaRep2vsXJDY1_shared_2310614,chr7.1_084062273
alfalfaRep2vsXJDY1_shared_2311939,chr7.1_084261552
alfalfaRep2vsXJDY1_shared_2313087,chr7.1_084445319
alfalfaRep2vsXJDY1_shared_2314605,chr7.1_084738912
alfalfaRep2vsXJDY1_shared_2314740,chr7.1_084780404
alfalfaRep2vsXJDY1_shared_2315536,chr7.1_084905743
alfalfaRep2vsXJDY1_shared_2316756,chr7.1_085143836
alfalfaRep2vsXJDY1_shared_2317648,chr7.1_085409268
alfalfaRep2vsXJDY1_shared_2318571,chr7.1_085598295
alfalfaRep2vsXJDY1_shared_2319087,chr7.1_085701790
alfalfaRep2vsXJDY1_shared_2320258,chr7.1_085943946
alfalfaRep2vsXJDY1_shared_2320816,chr7.1_086096795
alfalfaRep2vsXJDY1_shared_2321540,chr7.1_086223603
alfalfaRep2vsXJDY1_shared_2322354,chr7.1_086433389
alfalfaRep2vsXJDY1_shared_2322781,chr7.1_086578737
alfalfaRep2vsXJDY1_shared_2325799,chr7.1_087152912
alfalfaRep2vsXJDY1_shared_2326245,chr7.1_087226770
alfalfaRep2vsXJDY1_shared_2327150,chr7.1_087355444
alfalfaRep2vsXJDY1_shared_2327727,chr7.1_087472437
alfalfaRep2vsXJDY1_shared_2328134,chr7.1_087561097
alfalfaRep2vsXJDY1_shared_2328834,chr7.1_087901077
alfalfaRep2vsXJDY1_shared_2329688,chr7.1_088047800
alfalfaRep2vsXJDY1_shared_2331050,chr7.1_088386147
alfalfaRep2vsXJDY1_shared_2331404,chr8.1_000110023
alfalfaRep2vsXJDY1_shared_2332010,chr8.1_000222722
alfalfaRep2vsXJDY1_shared_2332702,chr8.1_000305693
alfalfaRep2vsXJDY1_shared_2334485,chr8.1_000750860
alfalfaRep2vsXJDY1_shared_2337704,chr8.1_001319707
alfalfaRep2vsXJDY1_shared_2338216,chr8.1_001414262
alfalfaRep2vsXJDY1_shared_2338777,chr8.1_001552131
alfalfaRep2vsXJDY1_shared_2339123,chr8.1_001701965
alfalfaRep2vsXJDY1_shared_2339608,chr8.1_001827441
alfalfaRep2vsXJDY1_shared_2341014,chr8.1_002050308
alfalfaRep2vsXJDY1_shared_2341680,chr8.1_002191627
alfalfaRep2vsXJDY1_shared_2342788,chr8.1_002476072
alfalfaRep2vsXJDY1_shared_2343562,chr8.1_002611249
alfalfaRep2vsXJDY1_shared_2344619,chr8.1_002834289
alfalfaRep2vsXJDY1_shared_2345739,chr8.1_003104185
alfalfaRep2vsXJDY1_shared_2346888,chr8.1_003280192
alfalfaRep2vsXJDY1_shared_2347436,chr8.1_003404395
alfalfaRep2vsXJDY1_shared_2347659,chr8.1_003449903
alfalfaRep2vsXJDY1_shared_2349345,chr8.1_003778959
alfalfaRep2vsXJDY1_shared_2349890,chr8.1_003892790
alfalfaRep2vsXJDY1_shared_2350261,chr8.1_004245506
alfalfaRep2vsXJDY1_shared_2350924,chr8.1_004427180
alfalfaRep2vsXJDY1_shared_2351325,chr8.1_004581778
alfalfaRep2vsXJDY1_shared_2351963,chr8.1_004932113
alfalfaRep2vsXJDY1_shared_2352417,chr8.1_004989842
alfalfaRep2vsXJDY1_shared_2354028,chr8.1_005343637
alfalfaRep2vsXJDY1_shared_2354304,chr8.1_005787972
alfalfaRep2vsXJDY1_shared_2355356,chr8.1_006030183
alfalfaRep2vsXJDY1_shared_2355520,chr8.1_006061931
alfalfaRep2vsXJDY1_shared_2356148,chr8.1_006158414
alfalfaRep2vsXJDY1_shared_2356458,chr8.1_006501804
alfalfaRep2vsXJDY1_shared_2356982,chr8.1_006715353
alfalfaRep2vsXJDY1_shared_2357646,chr8.1_007004488
alfalfaRep2vsXJDY1_shared_2358037,chr8.1_007061320
alfalfaRep2vsXJDY1_shared_2359087,chr8.1_007232538
alfalfaRep2vsXJDY1_shared_2360045,chr8.1_007433147
alfalfaRep2vsXJDY1_shared_2360371,chr8.1_007486060
alfalfaRep2vsXJDY1_shared_2361142,chr8.1_007597488
alfalfaRep2vsXJDY1_shared_2363559,chr8.1_008003051
alfalfaRep2vsXJDY1_shared_2364203,chr8.1_008586103
alfalfaRep2vsXJDY1_shared_2364578,chr8.1_008641626
alfalfaRep2vsXJDY1_shared_2365578,chr8.1_008940055
alfalfaRep2vsXJDY1_shared_2365980,chr8.1_009061291
alfalfaRep2vsXJDY1_shared_2366078,chr8.1_009098594
alfalfaRep2vsXJDY1_shared_2367616,chr8.1_009355125
alfalfaRep2vsXJDY1_shared_2368472,chr8.1_009574446
alfalfaRep2vsXJDY1_shared_2369198,chr8.1_009740144
alfalfaRep2vsXJDY1_shared_2369546,chr8.1_009855628
alfalfaRep2vsXJDY1_shared_2371020,chr8.1_010098033
alfalfaRep2vsXJDY1_shared_2371590,chr8.1_010183440
alfalfaRep2vsXJDY1_shared_2372036,chr8.1_010282848
alfalfaRep2vsXJDY1_shared_2372850,chr8.1_010451508
alfalfaRep2vsXJDY1_shared_2373024,chr8.1_010584507
alfalfaRep2vsXJDY1_shared_2373133,chr8.1_010652536
alfalfaRep2vsXJDY1_shared_2373994,chr8.1_010959048
alfalfaRep2vsXJDY1_shared_2374196,chr8.1_011097792
alfalfaRep2vsXJDY1_shared_2374281,chr8.1_011329939
alfalfaRep2vsXJDY1_shared_2374435,chr8.1_011413748
alfalfaRep2vsXJDY1_shared_2374615,chr8.1_011445638
alfalfaRep2vsXJDY1_shared_2375834,chr8.1_011632320
alfalfaRep2vsXJDY1_shared_2376241,chr8.1_012212736
alfalfaRep2vsXJDY1_shared_2376506,chr8.1_012284179
alfalfaRep2vsXJDY1_shared_2377077,chr8.1_012474574
alfalfaRep2vsXJDY1_shared_2377359,chr8.1_012524087
alfalfaRep2vsXJDY1_shared_2377584,chr8.1_012587555
alfalfaRep2vsXJDY1_shared_2378735,chr8.1_012751017
alfalfaRep2vsXJDY1_shared_2379739,chr8.1_012937559
alfalfaRep2vsXJDY1_shared_2380381,chr8.1_013194072
alfalfaRep2vsXJDY1_shared_2381644,chr8.1_013515240
alfalfaRep2vsXJDY1_shared_2381739,chr8.1_013763988
alfalfaRep2vsXJDY1_shared_2381968,chr8.1_014266142
alfalfaRep2vsXJDY1_shared_2382425,chr8.1_014403668
alfalfaRep2vsXJDY1_shared_2382935,chr8.1_014510449
alfalfaRep2vsXJDY1_shared_2383174,chr8.1_015634371
alfalfaRep2vsXJDY1_shared_2383844,chr8.1_015724866
alfalfaRep2vsXJDY1_shared_2384451,chr8.1_015787828
alfalfaRep2vsXJDY1_shared_2385329,chr8.1_015968190
alfalfaRep2vsXJDY1_shared_2386925,chr8.1_016191223
alfalfaRep2vsXJDY1_shared_2388172,chr8.1_016386087
alfalfaRep2vsXJDY1_shared_2388544,chr8.1_016446466
alfalfaRep2vsXJDY1_shared_2389343,chr8.1_016643263
alfalfaRep2vsXJDY1_shared_2390964,chr8.1_016918382
alfalfaRep2vsXJDY1_shared_2391883,chr8.1_017058843
alfalfaRep2vsXJDY1_shared_2393136,chr8.1_017393471
alfalfaRep2vsXJDY1_shared_2394079,chr8.1_017549431
alfalfaRep2vsXJDY1_shared_2394952,chr8.1_017818447
alfalfaRep2vsXJDY1_shared_2395425,chr8.1_017983539
alfalfaRep2vsXJDY1_shared_2395801,chr8.1_018283682
alfalfaRep2vsXJDY1_shared_2395953,chr8.1_018320176
alfalfaRep2vsXJDY1_shared_2396129,chr8.1_018400862
alfalfaRep2vsXJDY1_shared_2396945,chr8.1_018612011
alfalfaRep2vsXJDY1_shared_2397390,chr8.1_018823606
alfalfaRep2vsXJDY1_shared_2397740,chr8.1_019049846
alfalfaRep2vsXJDY1_shared_2398061,chr8.1_019254060
alfalfaRep2vsXJDY1_shared_2398447,chr8.1_019447042
alfalfaRep2vsXJDY1_shared_2398521,chr8.1_019543607
alfalfaRep2vsXJDY1_shared_2399209,chr8.1_019813718
alfalfaRep2vsXJDY1_shared_2399765,chr8.1_019911962
alfalfaRep2vsXJDY1_shared_2400164,chr8.1_020037027
alfalfaRep2vsXJDY1_shared_2401229,chr8.1_020186348
alfalfaRep2vsXJDY1_shared_2401866,chr8.1_020619155
alfalfaRep2vsXJDY1_shared_2402219,chr8.1_020667639
alfalfaRep2vsXJDY1_shared_2402868,chr8.1_020789469
alfalfaRep2vsXJDY1_shared_2403719,chr8.1_020956594
alfalfaRep2vsXJDY1_shared_2405245,chr8.1_021176680
alfalfaRep2vsXJDY1_shared_2406269,chr8.1_021333354
alfalfaRep2vsXJDY1_shared_2407044,chr8.1_021704255
alfalfaRep2vsXJDY1_shared_2407760,chr8.1_021971353
alfalfaRep2vsXJDY1_shared_2408919,chr8.1_022157951
alfalfaRep2vsXJDY1_shared_2409200,chr8.1_022197807
alfalfaRep2vsXJDY1_shared_2409845,chr8.1_022342328
alfalfaRep2vsXJDY1_shared_2410609,chr8.1_022472553
alfalfaRep2vsXJDY1_shared_2411179,chr8.1_022623697
alfalfaRep2vsXJDY1_shared_2411552,chr8.1_022743488
alfalfaRep2vsXJDY1_shared_2412352,chr8.1_022893361
alfalfaRep2vsXJDY1_shared_2413095,chr8.1_023097291
alfalfaRep2vsXJDY1_shared_2413953,chr8.1_023238434
alfalfaRep2vsXJDY1_shared_2414265,chr8.1_023299032
alfalfaRep2vsXJDY1_shared_2415674,chr8.1_023540447
alfalfaRep2vsXJDY1_shared_2415798,chr8.1_023574695
alfalfaRep2vsXJDY1_shared_2416238,chr8.1_023753542
alfalfaRep2vsXJDY1_shared_2416507,chr8.1_023936224
alfalfaRep2vsXJDY1_shared_2417398,chr8.1_024161291
alfalfaRep2vsXJDY1_shared_2417744,chr8.1_024348571
alfalfaRep2vsXJDY1_shared_2418109,chr8.1_024696034
alfalfaRep2vsXJDY1_shared_2418488,chr8.1_024758802
alfalfaRep2vsXJDY1_shared_2419124,chr8.1_024869166
alfalfaRep2vsXJDY1_shared_2419596,chr8.1_024997197
alfalfaRep2vsXJDY1_shared_2420180,chr8.1_025317946
alfalfaRep2vsXJDY1_shared_2420232,chr8.1_025514791
alfalfaRep2vsXJDY1_shared_2420473,chr8.1_025663650
alfalfaRep2vsXJDY1_shared_2420996,chr8.1_025979547
alfalfaRep2vsXJDY1_shared_2422009,chr8.1_026177355
alfalfaRep2vsXJDY1_shared_2422384,chr8.1_026331901
alfalfaRep2vsXJDY1_shared_2423945,chr8.1_026571037
alfalfaRep2vsXJDY1_shared_2425758,chr8.1_026868429
alfalfaRep2vsXJDY1_shared_2426699,chr8.1_027101799
alfalfaRep2vsXJDY1_shared_2427232,chr8.1_027181477
alfalfaRep2vsXJDY1_shared_2427411,chr8.1_027219990
alfalfaRep2vsXJDY1_shared_2428123,chr8.1_027812745
alfalfaRep2vsXJDY1_shared_2428932,chr8.1_027985709
alfalfaRep2vsXJDY1_shared_2429266,chr8.1_028041599
alfalfaRep2vsXJDY1_shared_2429580,chr8.1_028078352
alfalfaRep2vsXJDY1_shared_2430389,chr8.1_028190308
alfalfaRep2vsXJDY1_shared_2431437,chr8.1_028429901
alfalfaRep2vsXJDY1_shared_2432627,chr8.1_028599169
alfalfaRep2vsXJDY1_shared_2433333,chr8.1_028674226
alfalfaRep2vsXJDY1_shared_2434526,chr8.1_028871485
alfalfaRep2vsXJDY1_shared_2435545,chr8.1_029069523
alfalfaRep2vsXJDY1_shared_2435984,chr8.1_029555961
alfalfaRep2vsXJDY1_shared_2436543,chr8.1_029688916
alfalfaRep2vsXJDY1_shared_2436683,chr8.1_029741586
alfalfaRep2vsXJDY1_shared_2437584,chr8.1_030003258
alfalfaRep2vsXJDY1_shared_2438738,chr8.1_030264475
alfalfaRep2vsXJDY1_shared_2440822,chr8.1_030530152
alfalfaRep2vsXJDY1_shared_2442448,chr8.1_030781102
alfalfaRep2vsXJDY1_shared_2442973,chr8.1_030854423
alfalfaRep2vsXJDY1_shared_2443343,chr8.1_031231432
alfalfaRep2vsXJDY1_shared_2443556,chr8.1_031272799
alfalfaRep2vsXJDY1_shared_2445092,chr8.1_031521180
alfalfaRep2vsXJDY1_shared_2445833,chr8.1_031690326
alfalfaRep2vsXJDY1_shared_2448715,chr8.1_032151817
alfalfaRep2vsXJDY1_shared_2449018,chr8.1_032197967
alfalfaRep2vsXJDY1_shared_2452081,chr8.1_032809513
alfalfaRep2vsXJDY1_shared_2452260,chr8.1_032907519
alfalfaRep2vsXJDY1_shared_2452992,chr8.1_033091075
alfalfaRep2vsXJDY1_shared_2453669,chr8.1_033192907
alfalfaRep2vsXJDY1_shared_2455627,chr8.1_033481488
alfalfaRep2vsXJDY1_shared_2456517,chr8.1_033643169
alfalfaRep2vsXJDY1_shared_2457892,chr8.1_033963306
alfalfaRep2vsXJDY1_shared_2458620,chr8.1_034119846
alfalfaRep2vsXJDY1_shared_2459848,chr8.1_034331856
alfalfaRep2vsXJDY1_shared_2461488,chr8.1_034621925
alfalfaRep2vsXJDY1_shared_2462044,chr8.1_034773047
alfalfaRep2vsXJDY1_shared_2463114,chr8.1_035028141
alfalfaRep2vsXJDY1_shared_2464473,chr8.1_035201753
alfalfaRep2vsXJDY1_shared_2466272,chr8.1_035397126
alfalfaRep2vsXJDY1_shared_2467639,chr8.1_035649451
alfalfaRep2vsXJDY1_shared_2468226,chr8.1_035968175
alfalfaRep2vsXJDY1_shared_2469207,chr8.1_036137559
alfalfaRep2vsXJDY1_shared_2469956,chr8.1_036236775
alfalfaRep2vsXJDY1_shared_2470377,chr8.1_036273494
alfalfaRep2vsXJDY1_shared_2471592,chr8.1_036455576
alfalfaRep2vsXJDY1_shared_2472530,chr8.1_036641706
alfalfaRep2vsXJDY1_shared_2472862,chr8.1_036925813
alfalfaRep2vsXJDY1_shared_2473920,chr8.1_037161205
alfalfaRep2vsXJDY1_shared_2474590,chr8.1_037328007
alfalfaRep2vsXJDY1_shared_2475303,chr8.1_037429270
alfalfaRep2vsXJDY1_shared_2476442,chr8.1_037654331
alfalfaRep2vsXJDY1_shared_2477137,chr8.1_037723102
alfalfaRep2vsXJDY1_shared_2479810,chr8.1_038033598
alfalfaRep2vsXJDY1_shared_2480306,chr8.1_038118471
alfalfaRep2vsXJDY1_shared_2481050,chr8.1_038288479
alfalfaRep2vsXJDY1_shared_2484334,chr8.1_038675425
alfalfaRep2vsXJDY1_shared_2485497,chr8.1_039142999
alfalfaRep2vsXJDY1_shared_2486337,chr8.1_039382141
alfalfaRep2vsXJDY1_shared_2487505,chr8.1_039840178
alfalfaRep2vsXJDY1_shared_2487644,chr8.1_039927251
alfalfaRep2vsXJDY1_shared_2488302,chr8.1_040081616
alfalfaRep2vsXJDY1_shared_2488861,chr8.1_040500478
alfalfaRep2vsXJDY1_shared_2489006,chr8.1_040574231
alfalfaRep2vsXJDY1_shared_2489370,chr8.1_040946972
alfalfaRep2vsXJDY1_shared_2489736,chr8.1_041032593
alfalfaRep2vsXJDY1_shared_2490178,chr8.1_041763345
alfalfaRep2vsXJDY1_shared_2490561,chr8.1_042382405
alfalfaRep2vsXJDY1_shared_2491367,chr8.1_042826934
alfalfaRep2vsXJDY1_shared_2491978,chr8.1_042967095
alfalfaRep2vsXJDY1_shared_2492715,chr8.1_043208649
alfalfaRep2vsXJDY1_shared_2493348,chr8.1_043439378
alfalfaRep2vsXJDY1_shared_2493842,chr8.1_043596168
alfalfaRep2vsXJDY1_shared_2495665,chr8.1_044326385
alfalfaRep2vsXJDY1_shared_2496026,chr8.1_044414082
alfalfaRep2vsXJDY1_shared_2497143,chr8.1_044595490
alfalfaRep2vsXJDY1_shared_2497425,chr8.1_044663805
alfalfaRep2vsXJDY1_shared_2497675,chr8.1_044832149
alfalfaRep2vsXJDY1_shared_2498645,chr8.1_045064704
alfalfaRep2vsXJDY1_shared_2499164,chr8.1_045150815
alfalfaRep2vsXJDY1_shared_2500119,chr8.1_045367641
alfalfaRep2vsXJDY1_shared_2500695,chr8.1_045529189
alfalfaRep2vsXJDY1_shared_2501312,chr8.1_045601332
alfalfaRep2vsXJDY1_shared_2502789,chr8.1_045881467
alfalfaRep2vsXJDY1_shared_2503588,chr8.1_045994200
alfalfaRep2vsXJDY1_shared_2506474,chr8.1_046365624
alfalfaRep2vsXJDY1_shared_2508855,chr8.1_046812751
alfalfaRep2vsXJDY1_shared_2509492,chr8.1_046961861
alfalfaRep2vsXJDY1_shared_2511124,chr8.1_047161060
alfalfaRep2vsXJDY1_shared_2511505,chr8.1_047333767
alfalfaRep2vsXJDY1_shared_2511973,chr8.1_047505955
alfalfaRep2vsXJDY1_shared_2512438,chr8.1_047950122
alfalfaRep2vsXJDY1_shared_2512795,chr8.1_048085220
alfalfaRep2vsXJDY1_shared_2513109,chr8.1_048388159
alfalfaRep2vsXJDY1_shared_2513729,chr8.1_049032592
alfalfaRep2vsXJDY1_shared_2514387,chr8.1_049115377
alfalfaRep2vsXJDY1_shared_2514473,chr8.1_049303267
alfalfaRep2vsXJDY1_shared_2514991,chr8.1_049562334
alfalfaRep2vsXJDY1_shared_2515933,chr8.1_049772653
alfalfaRep2vsXJDY1_shared_2516798,chr8.1_050073130
alfalfaRep2vsXJDY1_shared_2517585,chr8.1_051185821
alfalfaRep2vsXJDY1_shared_2518534,chr8.1_051348601
alfalfaRep2vsXJDY1_shared_2519855,chr8.1_051569772
alfalfaRep2vsXJDY1_shared_2520456,chr8.1_051721390
alfalfaRep2vsXJDY1_shared_2521954,chr8.1_051995468
alfalfaRep2vsXJDY1_shared_2523716,chr8.1_052334164
alfalfaRep2vsXJDY1_shared_2525620,chr8.1_052552670
alfalfaRep2vsXJDY1_shared_2526345,chr8.1_052701899
alfalfaRep2vsXJDY1_shared_2526651,chr8.1_052815934
alfalfaRep2vsXJDY1_shared_2528403,chr8.1_053067997
alfalfaRep2vsXJDY1_shared_2529674,chr8.1_053338265
alfalfaRep2vsXJDY1_shared_2530728,chr8.1_053494519
alfalfaRep2vsXJDY1_shared_2532274,chr8.1_053767433
alfalfaRep2vsXJDY1_shared_2532982,chr8.1_053896871
alfalfaRep2vsXJDY1_shared_2533812,chr8.1_054081695
alfalfaRep2vsXJDY1_shared_2534235,chr8.1_054216647
alfalfaRep2vsXJDY1_shared_2537355,chr8.1_054576127
alfalfaRep2vsXJDY1_shared_2538323,chr8.1_054853192
alfalfaRep2vsXJDY1_shared_2538845,chr8.1_055091499
alfalfaRep2vsXJDY1_shared_2540413,chr8.1_055294065
alfalfaRep2vsXJDY1_shared_2541808,chr8.1_055969728
alfalfaRep2vsXJDY1_shared_2542612,chr8.1_056089431
alfalfaRep2vsXJDY1_shared_2543603,chr8.1_056541312
alfalfaRep2vsXJDY1_shared_2543859,chr8.1_056679081
alfalfaRep2vsXJDY1_shared_2545627,chr8.1_057312641
alfalfaRep2vsXJDY1_shared_2546120,chr8.1_057449496
alfalfaRep2vsXJDY1_shared_2546779,chr8.1_057601091
alfalfaRep2vsXJDY1_shared_2547465,chr8.1_058144557
alfalfaRep2vsXJDY1_shared_2547837,chr8.1_058285283
alfalfaRep2vsXJDY1_shared_2548318,chr8.1_058412425
alfalfaRep2vsXJDY1_shared_2548978,chr8.1_058786275
alfalfaRep2vsXJDY1_shared_2549251,chr8.1_058907634
alfalfaRep2vsXJDY1_shared_2549864,chr8.1_059054204
alfalfaRep2vsXJDY1_shared_2550827,chr8.1_059306820
alfalfaRep2vsXJDY1_shared_2551294,chr8.1_059379395
alfalfaRep2vsXJDY1_shared_2552435,chr8.1_059523131
alfalfaRep2vsXJDY1_shared_2553211,chr8.1_059749378
alfalfaRep2vsXJDY1_shared_2554408,chr8.1_060006234
alfalfaRep2vsXJDY1_shared_2555122,chr8.1_060093238
alfalfaRep2vsXJDY1_shared_2556026,chr8.1_060242688
alfalfaRep2vsXJDY1_shared_2556417,chr8.1_060336628
alfalfaRep2vsXJDY1_shared_2558322,chr8.1_060624156
alfalfaRep2vsXJDY1_shared_2559607,chr8.1_061336280
alfalfaRep2vsXJDY1_shared_2561352,chr8.1_061587300
alfalfaRep2vsXJDY1_shared_2562120,chr8.1_061807186
alfalfaRep2vsXJDY1_shared_2562435,chr8.1_061954027
alfalfaRep2vsXJDY1_shared_2563082,chr8.1_062151317
alfalfaRep2vsXJDY1_shared_2564104,chr8.1_062407009
alfalfaRep2vsXJDY1_shared_2565033,chr8.1_062885636
alfalfaRep2vsXJDY1_shared_2565546,chr8.1_062973207
alfalfaRep2vsXJDY1_shared_2566355,chr8.1_063161029
alfalfaRep2vsXJDY1_shared_2567200,chr8.1_063364670
alfalfaRep2vsXJDY1_shared_2567950,chr8.1_063570134
alfalfaRep2vsXJDY1_shared_2568890,chr8.1_063971830
alfalfaRep2vsXJDY1_shared_2569112,chr8.1_064086223
alfalfaRep2vsXJDY1_shared_2569307,chr8.1_064345996
alfalfaRep2vsXJDY1_shared_2569440,chr8.1_064380954
alfalfaRep2vsXJDY1_shared_2569651,chr8.1_064438433
alfalfaRep2vsXJDY1_shared_2569999,chr8.1_064596419
alfalfaRep2vsXJDY1_shared_2570796,chr8.1_064866333
alfalfaRep2vsXJDY1_shared_2571907,chr8.1_065093988
alfalfaRep2vsXJDY1_shared_2573681,chr8.1_065272563
alfalfaRep2vsXJDY1_shared_2574340,chr8.1_065562429
alfalfaRep2vsXJDY1_shared_2575146,chr8.1_065759200
alfalfaRep2vsXJDY1_shared_2575554,chr8.1_065928243
alfalfaRep2vsXJDY1_shared_2575881,chr8.1_065993484
alfalfaRep2vsXJDY1_shared_2576487,chr8.1_066355626
alfalfaRep2vsXJDY1_shared_2576764,chr8.1_066541183
alfalfaRep2vsXJDY1_shared_2576966,chr8.1_066847714
alfalfaRep2vsXJDY1_shared_2577611,chr8.1_066963450
alfalfaRep2vsXJDY1_shared_2578238,chr8.1_067018703
alfalfaRep2vsXJDY1_shared_2578957,chr8.1_067145688
alfalfaRep2vsXJDY1_shared_2579662,chr8.1_067275512
alfalfaRep2vsXJDY1_shared_2580049,chr8.1_067325128
alfalfaRep2vsXJDY1_shared_2580986,chr8.1_067451131
alfalfaRep2vsXJDY1_shared_2581335,chr8.1_067576904
alfalfaRep2vsXJDY1_shared_2581592,chr8.1_067743899
alfalfaRep2vsXJDY1_shared_2582966,chr8.1_068060141
alfalfaRep2vsXJDY1_shared_2583135,chr8.1_068113149
alfalfaRep2vsXJDY1_shared_2584532,chr8.1_068378419
alfalfaRep2vsXJDY1_shared_2585131,chr8.1_068525750
alfalfaRep2vsXJDY1_shared_2585728,chr8.1_068680443
alfalfaRep2vsXJDY1_shared_2586143,chr8.1_068878786
alfalfaRep2vsXJDY1_shared_2586783,chr8.1_068994141
alfalfaRep2vsXJDY1_shared_2587224,chr8.1_069332801
alfalfaRep2vsXJDY1_shared_2587664,chr8.1_069378115
alfalfaRep2vsXJDY1_shared_2588829,chr8.1_069645734
alfalfaRep2vsXJDY1_shared_2591001,chr8.1_070099392
alfalfaRep2vsXJDY1_shared_2592231,chr8.1_070367033
alfalfaRep2vsXJDY1_shared_2592879,chr8.1_070591823
alfalfaRep2vsXJDY1_shared_2593938,chr8.1_071274751
alfalfaRep2vsXJDY1_shared_2594323,chr8.1_071321725
alfalfaRep2vsXJDY1_shared_2594758,chr8.1_071387414
alfalfaRep2vsXJDY1_shared_2595585,chr8.1_071666181
alfalfaRep2vsXJDY1_shared_2596396,chr8.1_071739741
alfalfaRep2vsXJDY1_shared_2597692,chr8.1_071949420
alfalfaRep2vsXJDY1_shared_2598335,chr8.1_072114894
alfalfaRep2vsXJDY1_shared_2599175,chr8.1_072337156
alfalfaRep2vsXJDY1_shared_2599436,chr8.1_072561052
alfalfaRep2vsXJDY1_shared_2600020,chr8.1_072762376
alfalfaRep2vsXJDY1_shared_2600279,chr8.1_072832610
alfalfaRep2vsXJDY1_shared_2601534,chr8.1_073176490
alfalfaRep2vsXJDY1_shared_2601727,chr8.1_073208101
alfalfaRep2vsXJDY1_shared_2602036,chr8.1_073257545
alfalfaRep2vsXJDY1_shared_2602860,chr8.1_073520472
alfalfaRep2vsXJDY1_shared_2604935,chr8.1_073859024
alfalfaRep2vsXJDY1_shared_2606322,chr8.1_074023759
alfalfaRep2vsXJDY1_shared_2607292,chr8.1_074173994
alfalfaRep2vsXJDY1_shared_2608657,chr8.1_074427535
alfalfaRep2vsXJDY1_shared_2609283,chr8.1_074582413
alfalfaRep2vsXJDY1_shared_2609941,chr8.1_074961533
alfalfaRep2vsXJDY1_shared_2611149,chr8.1_075131846
alfalfaRep2vsXJDY1_shared_2611554,chr8.1_075206012
alfalfaRep2vsXJDY1_shared_2612726,chr8.1_075449613
alfalfaRep2vsXJDY1_shared_2613425,chr8.1_075631452
alfalfaRep2vsXJDY1_shared_2613916,chr8.1_075760218
alfalfaRep2vsXJDY1_shared_2614999,chr8.1_075987621
alfalfaRep2vsXJDY1_shared_2615427,chr8.1_076052353
alfalfaRep2vsXJDY1_shared_2615539,chr8.1_076293439
alfalfaRep2vsXJDY1_shared_2615981,chr8.1_076404299
alfalfaRep2vsXJDY1_shared_2617667,chr8.1_077225287
alfalfaRep2vsXJDY1_shared_2618348,chr8.1_077394125
alfalfaRep2vsXJDY1_shared_2618977,chr8.1_077646668
alfalfaRep2vsXJDY1_shared_2619643,chr8.1_077835396
alfalfaRep2vsXJDY1_shared_2621042,chr8.1_078051640
alfalfaRep2vsXJDY1_shared_2622034,chr8.1_078263194
alfalfaRep2vsXJDY1_shared_2623545,chr8.1_078561484
alfalfaRep2vsXJDY1_shared_2624598,chr8.1_078758713
alfalfaRep2vsXJDY1_shared_2625381,chr8.1_078942204
alfalfaRep2vsXJDY1_shared_2626079,chr8.1_079129324
alfalfaRep2vsXJDY1_shared_2626661,chr8.1_079286779
alfalfaRep2vsXJDY1_shared_2626900,chr8.1_079406241
alfalfaRep2vsXJDY1_shared_2627407,chr8.1_079448768
alfalfaRep2vsXJDY1_shared_2627791,chr8.1_079517679
alfalfaRep2vsXJDY1_shared_2628169,chr8.1_079624308
alfalfaRep2vsXJDY1_shared_2629035,chr8.1_079798146
alfalfaRep2vsXJDY1_shared_2629989,chr8.1_080053642
alfalfaRep2vsXJDY1_shared_2630699,chr8.1_080297233
alfalfaRep2vsXJDY1_shared_2630812,chr8.1_080880117
alfalfaRep2vsXJDY1_shared_2630819,chr8.1_080938873
alfalfaRep2vsXJDY1_shared_2631305,chr8.1_081402569
alfalfaRep2vsXJDY1_shared_2631958,chr8.1_081501901
alfalfaRep2vsXJDY1_shared_2632825,chr8.1_081610851
alfalfaRep2vsXJDY1_shared_2632962,chr8.1_081681413
alfalfaRep2vsXJDY1_shared_2633255,chr8.1_081911274
alfalfaRep2vsXJDY1_shared_2634230,chr8.1_082129971
alfalfaRep2vsXJDY1_shared_2634929,chr8.1_082392727
alfalfaRep2vsXJDY1_shared_2636745,chr8.1_082692679
alfalfaRep2vsXJDY1_shared_2637246,chr8.1_082844394
alfalfaRep2vsXJDY1_shared_2637376,chr8.1_082969689
alfalfaRep2vsXJDY1_shared_2638024,chr8.1_083241280
alfalfaRep2vsXJDY1_shared_2638517,chr8.1_083530191
alfalfaRep2vsXJDY1_shared_2638958,chr8.1_083708490
alfalfaRep2vsXJDY1_shared_2639406,chr8.1_083799492
alfalfaRep2vsXJDY1_shared_2639783,chr8.1_083983804
alfalfaRep2vsXJDY1_shared_2639895,chr8.1_084174416
alfalfaRep2vsXJDY1_shared_2640204,chr8.1_084295900
alfalfaRep2vsXJDY1_shared_2640403,chr8.1_084465640
alfalfaRep2vsXJDY1_shared_2640578,chr8.1_084497947
alfalfaRep2vsXJDY1_shared_2641239,chr8.1_084732805
alfalfaRep2vsXJDY1_shared_2641427,chr8.1_084775548
alfalfaRep2vsXJDY1_shared_2642148,chr8.1_085054409
alfalfaRep2vsXJDY1_shared_2643005,chr8.1_085227937
alfalfaRep2vsXJDY1_shared_2644003,chr8.1_085407917
alfalfaRep2vsXJDY1_shared_2644934,chr8.1_085508914
alfalfaRep2vsXJDY1_shared_2645849,chr8.1_085671089
alfalfaRep2vsXJDY1_shared_2646154,chr8.1_085866069
alfalfaRep2vsXJDY1_shared_2646452,chr8.1_085961468
alfalfaRep2vsXJDY1_shared_2646980,chr8.1_086156004
alfalfaRep2vsXJDY1_shared_2647732,chr8.1_086309971
alfalfaRep2vsXJDY1_shared_2648540,chr8.1_086468647
alfalfaRep2vsXJDY1_shared_2649574,chr8.1_086711104
alfalfaRep2vsXJDY1_shared_2650585,chr8.1_086989642
