chr1.1_000194324|AltMatch_0001
chr1.1_000309952|AltMatch_0001
chr1.1_000532584|RefMatch_0001
chr1.1_000532584|RefMatch_0002
chr1.1_000532584|RefMatch_0003
chr1.1_000837330|RefMatch_0001
chr1.1_001169609|AltMatch_0001
chr1.1_001169609|RefMatch_0001
chr1.1_001169609|RefMatch_0002
chr1.1_001169609|RefMatch_0003
chr1.1_001938036|AltMatch_0001
chr1.1_001938036|AltMatch_0002
chr1.1_002432574|AltMatch_0001
chr1.1_002703089|RefMatch_0001
chr1.1_002703089|RefMatch_0002
chr1.1_003491884|RefMatch_0001
chr1.1_003613850|AltMatch_0001
chr1.1_003613850|RefMatch_0001
chr1.1_003613850|RefMatch_0002
chr1.1_003613850|RefMatch_0003
chr1.1_003613850|RefMatch_0004
chr1.1_004102347|AltMatch_0001
chr1.1_004102347|RefMatch_0001
chr1.1_004436755|RefMatch_0001
chr1.1_004538231|RefMatch_0001
chr1.1_004538231|RefMatch_0002
chr1.1_004538231|RefMatch_0003
chr1.1_004538231|RefMatch_0004
chr1.1_004538231|RefMatch_0005
chr1.1_004538231|RefMatch_0006
chr1.1_004538231|RefMatch_0007
chr1.1_004538231|RefMatch_0008
chr1.1_004538231|RefMatch_0009
chr1.1_004614862|AltMatch_0001
chr1.1_004614862|RefMatch_0001
chr1.1_004757298|RefMatch_0001
chr1.1_004757298|RefMatch_0002
chr1.1_004757298|RefMatch_0003
chr1.1_004964967|AltMatch_0001
chr1.1_004964967|RefMatch_0001
chr1.1_005509457|RefMatch_0001
chr1.1_005850336|RefMatch_0001
chr1.1_006072575|AltMatch_0001
chr1.1_006072575|AltMatch_0002
chr1.1_006263297|AltMatch_0001
chr1.1_006263297|AltMatch_0002
chr1.1_006342913|RefMatch_0001
chr1.1_006491042|RefMatch_0001
chr1.1_006660525|AltMatch_0001
chr1.1_006660525|RefMatch_0001
chr1.1_006759713|AltMatch_0001
chr1.1_006759713|RefMatch_0001
chr1.1_006927231|AltMatch_0001
chr1.1_006927231|RefMatch_0001
chr1.1_006927231|RefMatch_0002
chr1.1_007233177|AltMatch_0001
chr1.1_007233177|RefMatch_0001
chr1.1_007233177|RefMatch_0002
chr1.1_007349949|RefMatch_0001
chr1.1_007519233|AltMatch_0001
chr1.1_008362856|AltMatch_0001
chr1.1_008671918|AltMatch_0001
chr1.1_008671918|RefMatch_0001
chr1.1_009175857|AltMatch_0001
chr1.1_009175857|RefMatch_0001
chr1.1_009788520|RefMatch_0001
chr1.1_009788520|RefMatch_0002
chr1.1_010059811|AltMatch_0001
chr1.1_010059811|RefMatch_0001
chr1.1_010059811|RefMatch_0002
chr1.1_010059811|RefMatch_0003
chr1.1_010059811|RefMatch_0004
chr1.1_010059811|RefMatch_0005
chr1.1_010182954|AltMatch_0001
chr1.1_010318074|AltMatch_0001
chr1.1_010513693|AltMatch_0001
chr1.1_010740435|AltMatch_0001
chr1.1_010740435|RefMatch_0001
chr1.1_011053888|AltMatch_0001
chr1.1_011053888|RefMatch_0001
chr1.1_011053888|RefMatch_0002
chr1.1_011205612|RefMatch_0001
chr1.1_011294632|AltMatch_0001
chr1.1_011550587|RefMatch_0001
chr1.1_011667046|AltMatch_0001
chr1.1_011839955|RefMatch_0001
chr1.1_011839955|RefMatch_0002
chr1.1_011839955|RefMatch_0003
chr1.1_011839955|RefMatch_0004
chr1.1_012607158|AltMatch_0001
chr1.1_012673656|RefMatch_0001
chr1.1_012905400|RefMatch_0001
chr1.1_012905400|RefMatch_0002
chr1.1_014007601|RefMatch_0001
chr1.1_014007601|RefMatch_0002
chr1.1_014290088|AltMatch_0001
chr1.1_014788595|RefMatch_0001
chr1.1_014788595|RefMatch_0002
chr1.1_014788595|RefMatch_0003
chr1.1_014788595|RefMatch_0004
chr1.1_014974968|RefMatch_0001
chr1.1_015044468|RefMatch_0001
chr1.1_015282744|AltMatch_0001
chr1.1_015282744|RefMatch_0001
chr1.1_015282744|RefMatch_0002
chr1.1_015282744|RefMatch_0003
chr1.1_015282744|RefMatch_0004
chr1.1_015424890|RefMatch_0001
chr1.1_015424890|RefMatch_0002
chr1.1_015712918|RefMatch_0001
chr1.1_015712918|RefMatch_0002
chr1.1_016136535|RefMatch_0001
chr1.1_016136535|RefMatch_0002
chr1.1_016221768|AltMatch_0001
chr1.1_016522945|AltMatch_0001
chr1.1_016563045|RefMatch_0001
chr1.1_016563045|RefMatch_0002
chr1.1_016563045|RefMatch_0003
chr1.1_016563045|RefMatch_0004
chr1.1_016563045|RefMatch_0005
chr1.1_016763798|AltMatch_0001
chr1.1_016763798|RefMatch_0001
chr1.1_016763798|RefMatch_0002
chr1.1_016763798|RefMatch_0003
chr1.1_016763798|RefMatch_0004
chr1.1_016976894|RefMatch_0001
chr1.1_017030914|RefMatch_0001
chr1.1_017368305|RefMatch_0001
chr1.1_017502654|RefMatch_0001
chr1.1_017502654|RefMatch_0002
chr1.1_017863839|RefMatch_0001
chr1.1_017863839|RefMatch_0002
chr1.1_017863839|RefMatch_0003
chr1.1_017863839|RefMatch_0004
chr1.1_018083264|AltMatch_0001
chr1.1_018083264|AltMatch_0002
chr1.1_018128065|AltMatch_0001
chr1.1_018128065|RefMatch_0001
chr1.1_018128065|RefMatch_0002
chr1.1_018128065|RefMatch_0003
chr1.1_018698343|AltMatch_0001
chr1.1_018698343|RefMatch_0001
chr1.1_018789059|AltMatch_0001
chr1.1_018789059|AltMatch_0002
chr1.1_018789059|RefMatch_0001
chr1.1_019009023|AltMatch_0001
chr1.1_019281061|AltMatch_0001
chr1.1_019281061|RefMatch_0001
chr1.1_019281061|RefMatch_0002
chr1.1_019780298|RefMatch_0001
chr1.1_019780298|RefMatch_0002
chr1.1_020097917|RefMatch_0001
chr1.1_020097917|RefMatch_0002
chr1.1_020548930|RefMatch_0001
chr1.1_020548930|RefMatch_0002
chr1.1_022487705|AltMatch_0001
chr1.1_022582932|RefMatch_0001
chr1.1_022582932|RefMatch_0002
chr1.1_022582932|RefMatch_0003
chr1.1_022582932|RefMatch_0004
chr1.1_022582932|RefMatch_0005
chr1.1_023060630|AltMatch_0001
chr1.1_023535207|AltMatch_0001
chr1.1_023709651|RefMatch_0001
chr1.1_023709651|RefMatch_0002
chr1.1_023709651|RefMatch_0003
chr1.1_024760634|AltMatch_0001
chr1.1_024760634|RefMatch_0001
chr1.1_024760634|RefMatch_0002
chr1.1_024760634|RefMatch_0003
chr1.1_024951410|AltMatch_0001
chr1.1_025281938|RefMatch_0001
chr1.1_025474859|RefMatch_0001
chr1.1_025474859|RefMatch_0002
chr1.1_025688638|RefMatch_0001
chr1.1_025688638|RefMatch_0002
chr1.1_025688638|RefMatch_0003
chr1.1_025728959|RefMatch_0001
chr1.1_025728959|RefMatch_0002
chr1.1_025728959|RefMatch_0003
chr1.1_025728959|RefMatch_0004
chr1.1_026445102|AltMatch_0001
chr1.1_026445102|AltMatch_0002
chr1.1_026502181|AltMatch_0001
chr1.1_026940687|AltMatch_0001
chr1.1_027050989|AltMatch_0001
chr1.1_027050989|RefMatch_0001
chr1.1_027966972|AltMatch_0001
chr1.1_027966972|AltMatch_0002
chr1.1_028084165|RefMatch_0001
chr1.1_028687110|RefMatch_0001
chr1.1_028687110|RefMatch_0002
chr1.1_028687110|RefMatch_0003
chr1.1_028857948|AltMatch_0001
chr1.1_028955804|RefMatch_0001
chr1.1_028955804|RefMatch_0002
chr1.1_028955804|RefMatch_0003
chr1.1_028955804|RefMatch_0004
chr1.1_029326140|RefMatch_0001
chr1.1_029326140|RefMatch_0002
chr1.1_030458048|RefMatch_0001
chr1.1_030458048|RefMatch_0002
chr1.1_030458048|RefMatch_0003
chr1.1_030969636|AltMatch_0001
chr1.1_030969636|RefMatch_0001
chr1.1_030969636|RefMatch_0002
chr1.1_031442927|RefMatch_0001
chr1.1_031546487|RefMatch_0001
chr1.1_031816459|AltMatch_0001
chr1.1_031816459|RefMatch_0001
chr1.1_031816459|RefMatch_0002
chr1.1_031816459|RefMatch_0003
chr1.1_032107042|AltMatch_0001
chr1.1_032107042|AltMatch_0002
chr1.1_032107042|AltMatch_0003
chr1.1_032107042|AltMatch_0004
chr1.1_032107042|RefMatch_0001
chr1.1_032107042|RefMatch_0002
chr1.1_032107042|RefMatch_0003
chr1.1_032107042|RefMatch_0004
chr1.1_032107042|RefMatch_0005
chr1.1_032107042|RefMatch_0006
chr1.1_032180745|AltMatch_0001
chr1.1_032180745|RefMatch_0001
chr1.1_032180745|RefMatch_0002
chr1.1_032180745|RefMatch_0003
chr1.1_032924623|AltMatch_0001
chr1.1_032924623|RefMatch_0001
chr1.1_032924623|RefMatch_0002
chr1.1_033171704|RefMatch_0001
chr1.1_034199458|RefMatch_0001
chr1.1_034284365|AltMatch_0001
chr1.1_034284365|RefMatch_0001
chr1.1_034284365|RefMatch_0002
chr1.1_034579746|RefMatch_0001
chr1.1_034929778|AltMatch_0001
chr1.1_035253375|RefMatch_0001
chr1.1_035253375|RefMatch_0002
chr1.1_035253375|RefMatch_0003
chr1.1_035253375|RefMatch_0004
chr1.1_035253375|RefMatch_0005
chr1.1_035606739|RefMatch_0001
chr1.1_035758205|RefMatch_0001
chr1.1_035758205|RefMatch_0002
chr1.1_035758205|RefMatch_0003
chr1.1_035847212|RefMatch_0001
chr1.1_037016138|RefMatch_0001
chr1.1_037235555|AltMatch_0001
chr1.1_037235555|RefMatch_0001
chr1.1_037235555|RefMatch_0002
chr1.1_037235555|RefMatch_0003
chr1.1_037514123|RefMatch_0001
chr1.1_037725360|RefMatch_0001
chr1.1_038307940|RefMatch_0001
chr1.1_038307940|RefMatch_0002
chr1.1_038471232|RefMatch_0001
chr1.1_038750613|RefMatch_0001
chr1.1_038795094|AltMatch_0001
chr1.1_038795094|AltMatch_0002
chr1.1_039099328|RefMatch_0001
chr1.1_039750391|RefMatch_0001
chr1.1_039921266|RefMatch_0001
chr1.1_039921266|RefMatch_0002
chr1.1_040119373|AltMatch_0001
chr1.1_040119373|RefMatch_0001
chr1.1_040459914|AltMatch_0001
chr1.1_040459914|RefMatch_0001
chr1.1_040541523|AltMatch_0001
chr1.1_040765683|AltMatch_0001
chr1.1_040765683|RefMatch_0001
chr1.1_041552398|RefMatch_0001
chr1.1_041552398|RefMatch_0002
chr1.1_041861948|AltMatch_0001
chr1.1_041861948|AltMatch_0002
chr1.1_041973913|AltMatch_0001
chr1.1_041973913|RefMatch_0001
chr1.1_041973913|RefMatch_0002
chr1.1_041973913|RefMatch_0003
chr1.1_041973913|RefMatch_0004
chr1.1_041973913|RefMatch_0005
chr1.1_043165938|AltMatch_0001
chr1.1_043165938|RefMatch_0001
chr1.1_043407161|RefMatch_0001
chr1.1_043407161|RefMatch_0002
chr1.1_043407161|RefMatch_0003
chr1.1_043407161|RefMatch_0004
chr1.1_043883037|AltMatch_0001
chr1.1_043883037|AltMatch_0002
chr1.1_043956745|RefMatch_0001
chr1.1_044240352|AltMatch_0001
chr1.1_044852814|AltMatch_0001
chr1.1_044852814|RefMatch_0001
chr1.1_044852814|RefMatch_0002
chr1.1_045057203|AltMatch_0001
chr1.1_045057203|AltMatch_0002
chr1.1_045279885|RefMatch_0001
chr1.1_045279885|RefMatch_0002
chr1.1_045279885|RefMatch_0003
chr1.1_045471702|RefMatch_0001
chr1.1_045523314|AltMatch_0001
chr1.1_045523314|AltMatch_0002
chr1.1_045523314|RefMatch_0001
chr1.1_045978944|RefMatch_0001
chr1.1_045978944|RefMatch_0002
chr1.1_045978944|RefMatch_0003
chr1.1_046180304|AltMatch_0001
chr1.1_046229506|RefMatch_0001
chr1.1_046229506|RefMatch_0002
chr1.1_046377798|AltMatch_0001
chr1.1_046377798|RefMatch_0001
chr1.1_046506264|RefMatch_0001
chr1.1_046790681|RefMatch_0001
chr1.1_047070995|RefMatch_0001
chr1.1_047070995|RefMatch_0002
chr1.1_047343338|RefMatch_0001
chr1.1_047570277|AltMatch_0001
chr1.1_047570277|AltMatch_0002
chr1.1_047570277|AltMatch_0003
chr1.1_047570277|RefMatch_0001
chr1.1_047570277|RefMatch_0002
chr1.1_047675063|AltMatch_0001
chr1.1_048594376|AltMatch_0001
chr1.1_048745063|RefMatch_0001
chr1.1_048745063|RefMatch_0002
chr1.1_048967392|RefMatch_0001
chr1.1_048967392|RefMatch_0002
chr1.1_049674571|RefMatch_0001
chr1.1_049674571|RefMatch_0002
chr1.1_049674571|RefMatch_0003
chr1.1_049986705|AltMatch_0001
chr1.1_049986705|RefMatch_0001
chr1.1_049986705|RefMatch_0002
chr1.1_049986705|RefMatch_0003
chr1.1_049986705|RefMatch_0004
chr1.1_050196038|AltMatch_0001
chr1.1_050196038|RefMatch_0001
chr1.1_050410075|AltMatch_0001
chr1.1_050445236|RefMatch_0001
chr1.1_050445236|RefMatch_0002
chr1.1_050666099|AltMatch_0001
chr1.1_050888730|AltMatch_0001
chr1.1_051210992|RefMatch_0001
chr1.1_051370226|AltMatch_0001
chr1.1_051632256|RefMatch_0001
chr1.1_051632256|RefMatch_0002
chr1.1_051703372|AltMatch_0001
chr1.1_051814520|RefMatch_0001
chr1.1_051814520|RefMatch_0002
chr1.1_051972182|AltMatch_0001
chr1.1_051972182|RefMatch_0001
chr1.1_052161558|RefMatch_0001
chr1.1_052161558|RefMatch_0002
chr1.1_052470363|AltMatch_0001
chr1.1_052470363|AltMatch_0002
chr1.1_052470363|RefMatch_0001
chr1.1_052910315|AltMatch_0001
chr1.1_053016387|RefMatch_0001
chr1.1_053207743|RefMatch_0001
chr1.1_053507789|RefMatch_0001
chr1.1_053727670|RefMatch_0001
chr1.1_053888429|AltMatch_0001
chr1.1_053888429|AltMatch_0002
chr1.1_053888429|AltMatch_0003
chr1.1_053888429|RefMatch_0001
chr1.1_054605569|RefMatch_0001
chr1.1_054806633|AltMatch_0001
chr1.1_054806633|AltMatch_0002
chr1.1_054806633|AltMatch_0003
chr1.1_054806633|AltMatch_0004
chr1.1_054806633|RefMatch_0001
chr1.1_054850273|RefMatch_0001
chr1.1_055963219|AltMatch_0001
chr1.1_056238297|AltMatch_0001
chr1.1_056238297|RefMatch_0001
chr1.1_056606323|RefMatch_0001
chr1.1_056606323|RefMatch_0002
chr1.1_057428157|AltMatch_0001
chr1.1_057428157|RefMatch_0001
chr1.1_057627717|RefMatch_0001
chr1.1_057869947|AltMatch_0001
chr1.1_057981154|AltMatch_0001
chr1.1_057981154|AltMatch_0002
chr1.1_057981154|RefMatch_0001
chr1.1_058204817|AltMatch_0001
chr1.1_058204817|RefMatch_0001
chr1.1_058282718|AltMatch_0001
chr1.1_058282718|RefMatch_0001
chr1.1_058425180|AltMatch_0001
chr1.1_058425180|AltMatch_0002
chr1.1_058774660|AltMatch_0001
chr1.1_058774660|AltMatch_0002
chr1.1_058774660|RefMatch_0001
chr1.1_059058568|AltMatch_0001
chr1.1_059477047|RefMatch_0001
chr1.1_059868522|AltMatch_0001
chr1.1_059868522|AltMatch_0002
chr1.1_059868522|RefMatch_0001
chr1.1_060072647|AltMatch_0001
chr1.1_060072647|AltMatch_0002
chr1.1_060072647|RefMatch_0001
chr1.1_060190289|AltMatch_0001
chr1.1_060190289|RefMatch_0001
chr1.1_060454213|RefMatch_0001
chr1.1_060508241|AltMatch_0001
chr1.1_060508241|AltMatch_0002
chr1.1_060508241|RefMatch_0001
chr1.1_060508241|RefMatch_0002
chr1.1_060508241|RefMatch_0003
chr1.1_060508241|RefMatch_0004
chr1.1_060661578|AltMatch_0001
chr1.1_060904991|AltMatch_0001
chr1.1_061744598|RefMatch_0001
chr1.1_061744598|RefMatch_0002
chr1.1_062673159|AltMatch_0001
chr1.1_062673159|RefMatch_0001
chr1.1_062673159|RefMatch_0002
chr1.1_062762651|RefMatch_0001
chr1.1_063517450|RefMatch_0001
chr1.1_063670977|AltMatch_0001
chr1.1_064512571|RefMatch_0001
chr1.1_064512571|RefMatch_0002
chr1.1_064709912|AltMatch_0001
chr1.1_064843909|RefMatch_0001
chr1.1_064843909|RefMatch_0002
chr1.1_064843909|RefMatch_0003
chr1.1_064977592|AltMatch_0001
chr1.1_065291839|AltMatch_0001
chr1.1_065291839|RefMatch_0001
chr1.1_065651962|AltMatch_0001
chr1.1_065651962|RefMatch_0001
chr1.1_066048468|AltMatch_0001
chr1.1_066048468|AltMatch_0002
chr1.1_066048468|AltMatch_0003
chr1.1_066048468|AltMatch_0004
chr1.1_066243893|RefMatch_0001
chr1.1_066243893|RefMatch_0002
chr1.1_066308844|RefMatch_0001
chr1.1_066462122|AltMatch_0001
chr1.1_066462122|AltMatch_0002
chr1.1_066462122|RefMatch_0001
chr1.1_066462122|RefMatch_0002
chr1.1_066462122|RefMatch_0003
chr1.1_066462122|RefMatch_0004
chr1.1_066462122|RefMatch_0005
chr1.1_067016814|AltMatch_0001
chr1.1_067016814|RefMatch_0001
chr1.1_067016814|RefMatch_0002
chr1.1_067016814|RefMatch_0003
chr1.1_067076739|AltMatch_0001
chr1.1_067331622|AltMatch_0001
chr1.1_067727317|AltMatch_0001
chr1.1_067727317|AltMatch_0002
chr1.1_067727317|RefMatch_0001
chr1.1_067783227|AltMatch_0001
chr1.1_068356794|RefMatch_0001
chr1.1_068772824|RefMatch_0001
chr1.1_068859167|RefMatch_0001
chr1.1_068948271|AltMatch_0001
chr1.1_068948271|AltMatch_0002
chr1.1_068948271|AltMatch_0003
chr1.1_069097581|AltMatch_0001
chr1.1_069097581|AltMatch_0002
chr1.1_069097581|RefMatch_0001
chr1.1_069097581|RefMatch_0002
chr1.1_069097581|RefMatch_0003
chr1.1_069607033|RefMatch_0001
chr1.1_069984402|AltMatch_0001
chr1.1_070030472|AltMatch_0001
chr1.1_070738276|AltMatch_0001
chr1.1_070738276|AltMatch_0002
chr1.1_070738276|AltMatch_0003
chr1.1_070878680|RefMatch_0001
chr1.1_071902779|AltMatch_0001
chr1.1_071902779|AltMatch_0002
chr1.1_071902779|AltMatch_0003
chr1.1_072564623|RefMatch_0001
chr1.1_072633470|RefMatch_0001
chr1.1_072911768|AltMatch_0001
chr1.1_073072750|AltMatch_0001
chr1.1_073072750|RefMatch_0001
chr1.1_073335128|AltMatch_0001
chr1.1_073381901|AltMatch_0001
chr1.1_073381901|RefMatch_0001
chr1.1_073381901|RefMatch_0002
chr1.1_073499503|AltMatch_0001
chr1.1_073499503|AltMatch_0002
chr1.1_073499503|RefMatch_0001
chr1.1_073917225|AltMatch_0001
chr1.1_074003328|RefMatch_0001
chr1.1_074003328|RefMatch_0002
chr1.1_074003328|RefMatch_0003
chr1.1_075143374|AltMatch_0001
chr1.1_075143374|AltMatch_0002
chr1.1_075309520|AltMatch_0001
chr1.1_075309520|RefMatch_0001
chr1.1_075562195|RefMatch_0001
chr1.1_075668041|AltMatch_0001
chr1.1_075668041|AltMatch_0002
chr1.1_075668041|AltMatch_0003
chr1.1_075797305|RefMatch_0001
chr1.1_076061917|AltMatch_0001
chr1.1_076061917|AltMatch_0002
chr1.1_076401726|AltMatch_0001
chr1.1_076401726|AltMatch_0002
chr1.1_076401726|AltMatch_0003
chr1.1_076861974|RefMatch_0001
chr1.1_077069813|AltMatch_0001
chr1.1_077233102|AltMatch_0001
chr1.1_077233102|AltMatch_0002
chr1.1_077233102|RefMatch_0001
chr1.1_077454304|AltMatch_0001
chr1.1_077454304|AltMatch_0002
chr1.1_077454304|AltMatch_0003
chr1.1_077454304|AltMatch_0004
chr1.1_077454304|AltMatch_0005
chr1.1_077454304|RefMatch_0001
chr1.1_077454304|RefMatch_0002
chr1.1_077487606|RefMatch_0001
chr1.1_077487606|RefMatch_0002
chr1.1_077487606|RefMatch_0003
chr1.1_077487606|RefMatch_0004
chr1.1_077708852|RefMatch_0001
chr1.1_078197005|RefMatch_0001
chr1.1_078197005|RefMatch_0002
chr1.1_078756250|RefMatch_0001
chr1.1_079067515|RefMatch_0001
chr1.1_079947678|AltMatch_0001
chr1.1_079947678|RefMatch_0001
chr1.1_080108022|RefMatch_0001
chr1.1_080108022|RefMatch_0002
chr1.1_080473699|AltMatch_0001
chr1.1_080473699|RefMatch_0001
chr1.1_080596889|AltMatch_0001
chr1.1_080757246|AltMatch_0001
chr1.1_080757246|RefMatch_0001
chr1.1_080888940|RefMatch_0001
chr1.1_081321362|RefMatch_0001
chr1.1_081321362|RefMatch_0002
chr1.1_081443125|AltMatch_0001
chr1.1_081443125|RefMatch_0001
chr1.1_081443125|RefMatch_0002
chr1.1_081443125|RefMatch_0003
chr1.1_081862655|RefMatch_0001
chr1.1_081862655|RefMatch_0002
chr1.1_081862655|RefMatch_0003
chr1.1_081862655|RefMatch_0004
chr1.1_081910582|RefMatch_0001
chr1.1_081910582|RefMatch_0002
chr1.1_081910582|RefMatch_0003
chr1.1_081910582|RefMatch_0004
chr1.1_081910582|RefMatch_0005
chr2.1_000313197|RefMatch_0001
chr2.1_000616827|AltMatch_0001
chr2.1_001148661|RefMatch_0001
chr2.1_001148661|RefMatch_0002
chr2.1_001148661|RefMatch_0003
chr2.1_001148661|RefMatch_0004
chr2.1_001148661|RefMatch_0005
chr2.1_001699360|RefMatch_0001
chr2.1_001844350|RefMatch_0001
chr2.1_001844350|RefMatch_0002
chr2.1_002020911|RefMatch_0001
chr2.1_002963182|AltMatch_0001
chr2.1_002963182|RefMatch_0001
chr2.1_003167657|RefMatch_0001
chr2.1_003167657|RefMatch_0002
chr2.1_003167657|RefMatch_0003
chr2.1_003167657|RefMatch_0004
chr2.1_003383309|AltMatch_0001
chr2.1_003383309|AltMatch_0002
chr2.1_003383309|AltMatch_0003
chr2.1_003383309|AltMatch_0004
chr2.1_003485139|AltMatch_0001
chr2.1_003485139|AltMatch_0002
chr2.1_003485139|RefMatch_0001
chr2.1_003814453|RefMatch_0001
chr2.1_004409859|AltMatch_0001
chr2.1_004409859|RefMatch_0001
chr2.1_004409859|RefMatch_0002
chr2.1_004642549|AltMatch_0001
chr2.1_004642549|RefMatch_0001
chr2.1_005091230|RefMatch_0001
chr2.1_005194072|AltMatch_0001
chr2.1_005194072|AltMatch_0002
chr2.1_005194072|RefMatch_0001
chr2.1_005194072|RefMatch_0002
chr2.1_005398237|RefMatch_0001
chr2.1_005458463|AltMatch_0001
chr2.1_005458463|AltMatch_0002
chr2.1_005458463|RefMatch_0001
chr2.1_006010709|RefMatch_0001
chr2.1_006363128|RefMatch_0001
chr2.1_006975295|RefMatch_0001
chr2.1_006975295|RefMatch_0002
chr2.1_006975295|RefMatch_0003
chr2.1_007292278|RefMatch_0001
chr2.1_007487844|AltMatch_0001
chr2.1_007487844|RefMatch_0001
chr2.1_007721952|AltMatch_0001
chr2.1_008002584|RefMatch_0001
chr2.1_008002584|RefMatch_0002
chr2.1_008002584|RefMatch_0003
chr2.1_008002584|RefMatch_0004
chr2.1_008002584|RefMatch_0005
chr2.1_008315059|RefMatch_0001
chr2.1_008315059|RefMatch_0002
chr2.1_008612395|AltMatch_0001
chr2.1_008836327|RefMatch_0001
chr2.1_009068382|RefMatch_0001
chr2.1_009068382|RefMatch_0002
chr2.1_009635376|AltMatch_0001
chr2.1_009635376|RefMatch_0001
chr2.1_009635376|RefMatch_0002
chr2.1_010055664|AltMatch_0001
chr2.1_010055664|AltMatch_0002
chr2.1_010055664|AltMatch_0003
chr2.1_010055664|AltMatch_0004
chr2.1_010055664|AltMatch_0005
chr2.1_010317390|AltMatch_0001
chr2.1_010317390|AltMatch_0002
chr2.1_010317390|AltMatch_0003
chr2.1_010317390|AltMatch_0004
chr2.1_010373459|AltMatch_0001
chr2.1_010373459|RefMatch_0001
chr2.1_011040841|RefMatch_0001
chr2.1_011316362|AltMatch_0001
chr2.1_011316362|AltMatch_0002
chr2.1_011524057|RefMatch_0001
chr2.1_011524057|RefMatch_0002
chr2.1_011524057|RefMatch_0003
chr2.1_011524057|RefMatch_0004
chr2.1_012162639|AltMatch_0001
chr2.1_012162639|RefMatch_0001
chr2.1_012162639|RefMatch_0002
chr2.1_012162639|RefMatch_0003
chr2.1_012162639|RefMatch_0004
chr2.1_012162639|RefMatch_0005
chr2.1_012162639|RefMatch_0006
chr2.1_012162639|RefMatch_0007
chr2.1_012162639|RefMatch_0008
chr2.1_012162639|RefMatch_0009
chr2.1_012162639|RefMatch_0010
chr2.1_012162639|RefMatch_0011
chr2.1_012162639|RefMatch_0012
chr2.1_012162639|RefMatch_0013
chr2.1_012389610|AltMatch_0001
chr2.1_012560495|AltMatch_0001
chr2.1_012560495|AltMatch_0002
chr2.1_012560495|RefMatch_0001
chr2.1_012560495|RefMatch_0002
chr2.1_012736370|AltMatch_0001
chr2.1_012870813|RefMatch_0001
chr2.1_012870813|RefMatch_0002
chr2.1_012870813|RefMatch_0003
chr2.1_013554140|RefMatch_0001
chr2.1_013554140|RefMatch_0002
chr2.1_013554140|RefMatch_0003
chr2.1_013591541|AltMatch_0001
chr2.1_013591541|AltMatch_0002
chr2.1_013591541|AltMatch_0003
chr2.1_013591541|AltMatch_0004
chr2.1_013591541|AltMatch_0005
chr2.1_013591541|RefMatch_0001
chr2.1_013591541|RefMatch_0002
chr2.1_013744405|RefMatch_0001
chr2.1_013744405|RefMatch_0002
chr2.1_013744405|RefMatch_0003
chr2.1_013744405|RefMatch_0004
chr2.1_013744405|RefMatch_0005
chr2.1_013744405|RefMatch_0006
chr2.1_014078405|RefMatch_0001
chr2.1_014328793|RefMatch_0001
chr2.1_015546760|RefMatch_0001
chr2.1_015546760|RefMatch_0002
chr2.1_015580772|AltMatch_0001
chr2.1_015580772|RefMatch_0001
chr2.1_016361328|RefMatch_0001
chr2.1_016422728|AltMatch_0001
chr2.1_016773051|AltMatch_0001
chr2.1_017248294|AltMatch_0001
chr2.1_017248294|RefMatch_0001
chr2.1_017466740|RefMatch_0001
chr2.1_017523753|AltMatch_0001
chr2.1_017785072|AltMatch_0001
chr2.1_017785072|AltMatch_0002
chr2.1_017785072|RefMatch_0001
chr2.1_018170166|AltMatch_0001
chr2.1_018541904|RefMatch_0001
chr2.1_018655733|RefMatch_0001
chr2.1_018655733|RefMatch_0002
chr2.1_018932743|RefMatch_0001
chr2.1_019107884|AltMatch_0001
chr2.1_019107884|AltMatch_0002
chr2.1_019107884|AltMatch_0003
chr2.1_019555960|RefMatch_0001
chr2.1_019555960|RefMatch_0002
chr2.1_019721552|RefMatch_0001
chr2.1_019721552|RefMatch_0002
chr2.1_019721552|RefMatch_0003
chr2.1_020026604|AltMatch_0001
chr2.1_020026604|AltMatch_0002
chr2.1_020208636|AltMatch_0001
chr2.1_020208636|RefMatch_0001
chr2.1_020208636|RefMatch_0002
chr2.1_020208636|RefMatch_0003
chr2.1_020208636|RefMatch_0004
chr2.1_020700275|AltMatch_0001
chr2.1_020700275|RefMatch_0001
chr2.1_021307327|AltMatch_0001
chr2.1_021307327|AltMatch_0002
chr2.1_021715940|AltMatch_0001
chr2.1_021715940|AltMatch_0002
chr2.1_021760578|AltMatch_0001
chr2.1_021940432|AltMatch_0001
chr2.1_021940432|RefMatch_0001
chr2.1_021940432|RefMatch_0002
chr2.1_022077644|AltMatch_0001
chr2.1_022077644|RefMatch_0001
chr2.1_022240561|AltMatch_0001
chr2.1_022240561|RefMatch_0001
chr2.1_022240561|RefMatch_0002
chr2.1_022295500|RefMatch_0001
chr2.1_022295500|RefMatch_0002
chr2.1_022295500|RefMatch_0003
chr2.1_022295500|RefMatch_0004
chr2.1_022295500|RefMatch_0005
chr2.1_022396780|AltMatch_0001
chr2.1_022396780|RefMatch_0001
chr2.1_022706941|AltMatch_0001
chr2.1_022706941|AltMatch_0002
chr2.1_022706941|AltMatch_0003
chr2.1_022706941|AltMatch_0004
chr2.1_022860062|RefMatch_0001
chr2.1_022969378|RefMatch_0001
chr2.1_023614459|AltMatch_0001
chr2.1_023614459|AltMatch_0002
chr2.1_023614459|AltMatch_0003
chr2.1_023614459|RefMatch_0001
chr2.1_023614459|RefMatch_0002
chr2.1_023801041|RefMatch_0001
chr2.1_024286528|AltMatch_0001
chr2.1_024528970|RefMatch_0001
chr2.1_024735928|AltMatch_0001
chr2.1_024735928|RefMatch_0001
chr2.1_025104386|RefMatch_0001
chr2.1_025104386|RefMatch_0002
chr2.1_025104386|RefMatch_0003
chr2.1_025104386|RefMatch_0004
chr2.1_025104386|RefMatch_0005
chr2.1_025104386|RefMatch_0006
chr2.1_025104386|RefMatch_0007
chr2.1_025104386|RefMatch_0008
chr2.1_025104386|RefMatch_0009
chr2.1_025104386|RefMatch_0010
chr2.1_025104386|RefMatch_0011
chr2.1_025246759|AltMatch_0001
chr2.1_025246759|RefMatch_0001
chr2.1_025246759|RefMatch_0002
chr2.1_025346311|AltMatch_0001
chr2.1_025346311|AltMatch_0002
chr2.1_025346311|RefMatch_0001
chr2.1_025346311|RefMatch_0002
chr2.1_025346311|RefMatch_0003
chr2.1_025633056|RefMatch_0001
chr2.1_025633056|RefMatch_0002
chr2.1_026011411|RefMatch_0001
chr2.1_026011411|RefMatch_0002
chr2.1_026011411|RefMatch_0003
chr2.1_026011411|RefMatch_0004
chr2.1_026011411|RefMatch_0005
chr2.1_026194808|AltMatch_0001
chr2.1_026194808|RefMatch_0001
chr2.1_026194808|RefMatch_0002
chr2.1_026320609|AltMatch_0001
chr2.1_026320609|AltMatch_0002
chr2.1_026320609|RefMatch_0001
chr2.1_026547174|RefMatch_0001
chr2.1_026813682|RefMatch_0001
chr2.1_026813682|RefMatch_0002
chr2.1_026813682|RefMatch_0003
chr2.1_027033435|AltMatch_0001
chr2.1_027033435|RefMatch_0001
chr2.1_027033435|RefMatch_0002
chr2.1_027033435|RefMatch_0003
chr2.1_027033435|RefMatch_0004
chr2.1_027033435|RefMatch_0005
chr2.1_027033435|RefMatch_0006
chr2.1_027033435|RefMatch_0007
chr2.1_027033435|RefMatch_0008
chr2.1_027033435|RefMatch_0009
chr2.1_027033435|RefMatch_0010
chr2.1_027367868|AltMatch_0001
chr2.1_027367868|AltMatch_0002
chr2.1_027367868|AltMatch_0003
chr2.1_027367868|RefMatch_0001
chr2.1_027594933|AltMatch_0001
chr2.1_027594933|AltMatch_0002
chr2.1_027594933|RefMatch_0001
chr2.1_028191883|AltMatch_0001
chr2.1_028191883|AltMatch_0002
chr2.1_028191883|AltMatch_0003
chr2.1_028191883|AltMatch_0004
chr2.1_028326010|RefMatch_0001
chr2.1_028922998|RefMatch_0001
chr2.1_029212976|RefMatch_0001
chr2.1_029212976|RefMatch_0002
chr2.1_029212976|RefMatch_0003
chr2.1_029400670|AltMatch_0001
chr2.1_029400670|RefMatch_0001
chr2.1_029400670|RefMatch_0002
chr2.1_029400670|RefMatch_0003
chr2.1_029479495|AltMatch_0001
chr2.1_029479495|RefMatch_0001
chr2.1_029876584|RefMatch_0001
chr2.1_030067564|RefMatch_0001
chr2.1_030067564|RefMatch_0002
chr2.1_030067564|RefMatch_0003
chr2.1_030067564|RefMatch_0004
chr2.1_030067564|RefMatch_0005
chr2.1_030067564|RefMatch_0006
chr2.1_030067564|RefMatch_0007
chr2.1_030277703|AltMatch_0001
chr2.1_030427151|RefMatch_0001
chr2.1_030427151|RefMatch_0002
chr2.1_030427151|RefMatch_0003
chr2.1_030427151|RefMatch_0004
chr2.1_030427151|RefMatch_0005
chr2.1_030427151|RefMatch_0006
chr2.1_030427151|RefMatch_0007
chr2.1_030427151|RefMatch_0008
chr2.1_030489387|RefMatch_0001
chr2.1_030489387|RefMatch_0002
chr2.1_030541502|AltMatch_0001
chr2.1_030541502|AltMatch_0002
chr2.1_030902340|AltMatch_0001
chr2.1_031087764|AltMatch_0001
chr2.1_031087764|RefMatch_0001
chr2.1_031087764|RefMatch_0002
chr2.1_031087764|RefMatch_0003
chr2.1_031326786|RefMatch_0001
chr2.1_031831772|AltMatch_0001
chr2.1_031831772|AltMatch_0002
chr2.1_031944591|AltMatch_0001
chr2.1_031944591|RefMatch_0001
chr2.1_032131303|AltMatch_0001
chr2.1_032131303|RefMatch_0001
chr2.1_032131303|RefMatch_0002
chr2.1_032457958|RefMatch_0001
chr2.1_032457958|RefMatch_0002
chr2.1_032709342|AltMatch_0001
chr2.1_032709342|RefMatch_0001
chr2.1_033068714|RefMatch_0001
chr2.1_033282412|AltMatch_0001
chr2.1_033282412|RefMatch_0001
chr2.1_033688592|AltMatch_0001
chr2.1_033688592|RefMatch_0001
chr2.1_033990110|AltMatch_0001
chr2.1_033990110|RefMatch_0001
chr2.1_034321384|AltMatch_0001
chr2.1_034321384|RefMatch_0001
chr2.1_035207815|AltMatch_0001
chr2.1_035207815|AltMatch_0002
chr2.1_035207815|AltMatch_0003
chr2.1_035207815|AltMatch_0004
chr2.1_035207815|AltMatch_0005
chr2.1_035207815|AltMatch_0006
chr2.1_035207815|RefMatch_0001
chr2.1_035313781|AltMatch_0001
chr2.1_035313781|RefMatch_0001
chr2.1_035313781|RefMatch_0002
chr2.1_035313781|RefMatch_0003
chr2.1_035313781|RefMatch_0004
chr2.1_035313781|RefMatch_0005
chr2.1_035313781|RefMatch_0006
chr2.1_035577872|RefMatch_0001
chr2.1_035577872|RefMatch_0002
chr2.1_035577872|RefMatch_0003
chr2.1_035577872|RefMatch_0004
chr2.1_035829358|RefMatch_0001
chr2.1_035829358|RefMatch_0002
chr2.1_035829358|RefMatch_0003
chr2.1_035829358|RefMatch_0004
chr2.1_035829358|RefMatch_0005
chr2.1_035829358|RefMatch_0006
chr2.1_035829358|RefMatch_0007
chr2.1_035889815|AltMatch_0001
chr2.1_035889815|AltMatch_0002
chr2.1_035889815|AltMatch_0003
chr2.1_035889815|RefMatch_0001
chr2.1_035889815|RefMatch_0002
chr2.1_036100298|RefMatch_0001
chr2.1_036491870|RefMatch_0001
chr2.1_036491870|RefMatch_0002
chr2.1_036858792|AltMatch_0001
chr2.1_036858792|RefMatch_0001
chr2.1_037242148|RefMatch_0001
chr2.1_037242148|RefMatch_0002
chr2.1_037380587|AltMatch_0001
chr2.1_037380587|RefMatch_0001
chr2.1_037380587|RefMatch_0002
chr2.1_038589238|AltMatch_0001
chr2.1_039860975|AltMatch_0001
chr2.1_039860975|AltMatch_0002
chr2.1_039860975|RefMatch_0001
chr2.1_040034152|AltMatch_0001
chr2.1_040034152|RefMatch_0001
chr2.1_040366311|AltMatch_0001
chr2.1_040366311|RefMatch_0001
chr2.1_040366311|RefMatch_0002
chr2.1_040506359|AltMatch_0001
chr2.1_041045050|RefMatch_0001
chr2.1_041375928|AltMatch_0001
chr2.1_041375928|AltMatch_0002
chr2.1_041375928|AltMatch_0003
chr2.1_041375928|AltMatch_0004
chr2.1_041649168|RefMatch_0001
chr2.1_041830665|AltMatch_0001
chr2.1_042506293|RefMatch_0001
chr2.1_042506293|RefMatch_0002
chr2.1_042506293|RefMatch_0003
chr2.1_042778272|RefMatch_0001
chr2.1_043006909|RefMatch_0001
chr2.1_043006909|RefMatch_0002
chr2.1_043006909|RefMatch_0003
chr2.1_043006909|RefMatch_0004
chr2.1_043201762|AltMatch_0001
chr2.1_043201762|AltMatch_0002
chr2.1_043201762|AltMatch_0003
chr2.1_043201762|RefMatch_0001
chr2.1_043489993|RefMatch_0001
chr2.1_043489993|RefMatch_0002
chr2.1_043489993|RefMatch_0003
chr2.1_043489993|RefMatch_0004
chr2.1_043489993|RefMatch_0005
chr2.1_043489993|RefMatch_0006
chr2.1_043689452|AltMatch_0001
chr2.1_043689452|AltMatch_0002
chr2.1_043689452|AltMatch_0003
chr2.1_043689452|AltMatch_0004
chr2.1_043689452|RefMatch_0001
chr2.1_043689452|RefMatch_0002
chr2.1_043689452|RefMatch_0003
chr2.1_043689452|RefMatch_0004
chr2.1_043689452|RefMatch_0005
chr2.1_043689452|RefMatch_0006
chr2.1_043689452|RefMatch_0007
chr2.1_043689452|RefMatch_0008
chr2.1_043689452|RefMatch_0009
chr2.1_043689452|RefMatch_0010
chr2.1_043689452|RefMatch_0011
chr2.1_043689452|RefMatch_0012
chr2.1_043689452|RefMatch_0013
chr2.1_044140037|RefMatch_0001
chr2.1_044751688|AltMatch_0001
chr2.1_044751688|RefMatch_0001
chr2.1_045022364|AltMatch_0001
chr2.1_045022364|AltMatch_0002
chr2.1_045022364|AltMatch_0003
chr2.1_045022364|AltMatch_0004
chr2.1_045022364|AltMatch_0005
chr2.1_045022364|RefMatch_0001
chr2.1_045022364|RefMatch_0002
chr2.1_045540090|AltMatch_0001
chr2.1_045723615|AltMatch_0001
chr2.1_045723615|AltMatch_0002
chr2.1_045723615|RefMatch_0001
chr2.1_046354459|RefMatch_0001
chr2.1_046776775|RefMatch_0001
chr2.1_046776775|RefMatch_0002
chr2.1_046857023|AltMatch_0001
chr2.1_046857023|AltMatch_0002
chr2.1_046857023|RefMatch_0001
chr2.1_046857023|RefMatch_0002
chr2.1_047039760|AltMatch_0001
chr2.1_047039760|AltMatch_0002
chr2.1_047039760|AltMatch_0003
chr2.1_047039760|AltMatch_0004
chr2.1_047039760|RefMatch_0001
chr2.1_047884563|AltMatch_0001
chr2.1_048550212|RefMatch_0001
chr2.1_049014621|RefMatch_0001
chr2.1_049014621|RefMatch_0002
chr2.1_049014621|RefMatch_0003
chr2.1_049131264|AltMatch_0001
chr2.1_049131264|RefMatch_0001
chr2.1_049131264|RefMatch_0002
chr2.1_049131264|RefMatch_0003
chr2.1_049131264|RefMatch_0004
chr2.1_049539929|RefMatch_0001
chr2.1_049539929|RefMatch_0002
chr2.1_049539929|RefMatch_0003
chr2.1_049539929|RefMatch_0004
chr2.1_049573583|RefMatch_0001
chr2.1_049720757|RefMatch_0001
chr2.1_049809886|RefMatch_0001
chr2.1_049809886|RefMatch_0002
chr2.1_049809886|RefMatch_0003
chr2.1_050058158|RefMatch_0001
chr2.1_051108088|AltMatch_0001
chr2.1_051108088|RefMatch_0001
chr2.1_051165676|AltMatch_0001
chr2.1_051165676|RefMatch_0001
chr2.1_051165676|RefMatch_0002
chr2.1_051165676|RefMatch_0003
chr2.1_051165676|RefMatch_0004
chr2.1_051165676|RefMatch_0005
chr2.1_051224634|RefMatch_0001
chr2.1_051587388|RefMatch_0001
chr2.1_051751007|AltMatch_0001
chr2.1_052278775|AltMatch_0001
chr2.1_052278775|AltMatch_0002
chr2.1_052278775|AltMatch_0003
chr2.1_052899289|AltMatch_0001
chr2.1_052980656|RefMatch_0001
chr2.1_053361957|RefMatch_0001
chr2.1_053691014|RefMatch_0001
chr2.1_053691014|RefMatch_0002
chr2.1_053691014|RefMatch_0003
chr2.1_054603199|RefMatch_0001
chr2.1_054603199|RefMatch_0002
chr2.1_054603199|RefMatch_0003
chr2.1_054603199|RefMatch_0004
chr2.1_054729177|AltMatch_0001
chr2.1_054729177|RefMatch_0001
chr2.1_054904224|AltMatch_0001
chr2.1_055016679|AltMatch_0001
chr2.1_055016679|AltMatch_0002
chr2.1_055016679|AltMatch_0003
chr2.1_055016679|RefMatch_0001
chr2.1_055016679|RefMatch_0002
chr2.1_055260894|AltMatch_0001
chr2.1_055260894|RefMatch_0001
chr2.1_055260894|RefMatch_0002
chr2.1_055455133|AltMatch_0001
chr2.1_055455133|AltMatch_0002
chr2.1_055455133|RefMatch_0001
chr2.1_055455133|RefMatch_0002
chr2.1_055552178|RefMatch_0001
chr2.1_055552178|RefMatch_0002
chr2.1_055673290|AltMatch_0001
chr2.1_055673290|RefMatch_0001
chr2.1_055673290|RefMatch_0002
chr2.1_055673290|RefMatch_0003
chr2.1_055772890|AltMatch_0001
chr2.1_055772890|RefMatch_0001
chr2.1_055772890|RefMatch_0002
chr2.1_057595958|AltMatch_0001
chr2.1_057595958|AltMatch_0002
chr2.1_057595958|AltMatch_0003
chr2.1_057595958|AltMatch_0004
chr2.1_057595958|RefMatch_0001
chr2.1_057755046|AltMatch_0001
chr2.1_057755046|AltMatch_0002
chr2.1_057755046|AltMatch_0003
chr2.1_057755046|RefMatch_0001
chr2.1_058002281|AltMatch_0001
chr2.1_058157464|AltMatch_0001
chr2.1_058853678|AltMatch_0001
chr2.1_058853678|AltMatch_0002
chr2.1_058853678|AltMatch_0003
chr2.1_058853678|AltMatch_0004
chr2.1_059121840|AltMatch_0001
chr2.1_059121840|AltMatch_0002
chr2.1_059915667|AltMatch_0001
chr2.1_059915667|RefMatch_0001
chr2.1_059915667|RefMatch_0002
chr2.1_060009912|AltMatch_0001
chr2.1_060009912|RefMatch_0001
chr2.1_060253680|RefMatch_0001
chr2.1_060253680|RefMatch_0002
chr2.1_060253680|RefMatch_0003
chr2.1_060253680|RefMatch_0004
chr2.1_060253680|RefMatch_0005
chr2.1_060565140|AltMatch_0001
chr2.1_060565140|AltMatch_0002
chr2.1_060565140|AltMatch_0003
chr2.1_060565140|AltMatch_0004
chr2.1_060565140|AltMatch_0005
chr2.1_060565140|RefMatch_0001
chr2.1_060565140|RefMatch_0002
chr2.1_060565140|RefMatch_0003
chr2.1_060643873|AltMatch_0001
chr2.1_060643873|RefMatch_0001
chr2.1_060724660|AltMatch_0001
chr2.1_061258903|AltMatch_0001
chr2.1_061258903|RefMatch_0001
chr2.1_061258903|RefMatch_0002
chr2.1_061258903|RefMatch_0003
chr2.1_061258903|RefMatch_0004
chr2.1_061664787|RefMatch_0001
chr2.1_061948846|AltMatch_0001
chr2.1_061948846|RefMatch_0001
chr2.1_062106966|AltMatch_0001
chr2.1_062106966|RefMatch_0001
chr2.1_062106966|RefMatch_0002
chr2.1_062392216|AltMatch_0001
chr2.1_062392216|AltMatch_0002
chr2.1_062392216|RefMatch_0001
chr2.1_062392216|RefMatch_0002
chr2.1_062686943|AltMatch_0001
chr2.1_062686943|AltMatch_0002
chr2.1_062686943|RefMatch_0001
chr2.1_062903490|RefMatch_0001
chr2.1_063597346|RefMatch_0001
chr2.1_063597346|RefMatch_0002
chr2.1_063806235|RefMatch_0001
chr2.1_063981014|AltMatch_0001
chr2.1_064241380|AltMatch_0001
chr2.1_064241380|RefMatch_0001
chr2.1_064241380|RefMatch_0002
chr2.1_064602891|RefMatch_0001
chr2.1_064602891|RefMatch_0002
chr2.1_064602891|RefMatch_0003
chr2.1_064769324|AltMatch_0001
chr2.1_065155040|RefMatch_0001
chr2.1_065155040|RefMatch_0002
chr2.1_065247188|RefMatch_0001
chr2.1_065466152|AltMatch_0001
chr2.1_065717581|RefMatch_0001
chr2.1_066472368|AltMatch_0001
chr2.1_066472368|RefMatch_0001
chr2.1_066472368|RefMatch_0002
chr2.1_066472368|RefMatch_0003
chr2.1_066683600|RefMatch_0001
chr2.1_067135012|RefMatch_0001
chr2.1_067373166|AltMatch_0001
chr2.1_067447855|AltMatch_0001
chr2.1_067447855|AltMatch_0002
chr2.1_067447855|RefMatch_0001
chr2.1_067661499|AltMatch_0001
chr2.1_067661499|AltMatch_0002
chr2.1_068273884|RefMatch_0001
chr2.1_069084772|RefMatch_0001
chr2.1_069084772|RefMatch_0002
chr2.1_069084772|RefMatch_0003
chr2.1_069285127|AltMatch_0001
chr2.1_069285127|RefMatch_0001
chr2.1_069285127|RefMatch_0002
chr2.1_069285127|RefMatch_0003
chr2.1_069452021|AltMatch_0001
chr2.1_069452021|RefMatch_0001
chr2.1_069452021|RefMatch_0002
chr2.1_069751074|AltMatch_0001
chr2.1_069751074|RefMatch_0001
chr2.1_071379437|RefMatch_0001
chr2.1_071379437|RefMatch_0002
chr2.1_071631466|AltMatch_0001
chr2.1_071631466|AltMatch_0002
chr2.1_071631466|RefMatch_0001
chr2.1_071735044|AltMatch_0001
chr2.1_071735044|RefMatch_0001
chr2.1_071996153|AltMatch_0001
chr2.1_071996153|RefMatch_0001
chr2.1_071996153|RefMatch_0002
chr2.1_071996153|RefMatch_0003
chr2.1_071996153|RefMatch_0004
chr2.1_071996153|RefMatch_0005
chr2.1_072279166|RefMatch_0001
chr2.1_072279166|RefMatch_0002
chr2.1_072279166|RefMatch_0003
chr2.1_072374957|RefMatch_0001
chr2.1_072374957|RefMatch_0002
chr2.1_072464009|RefMatch_0001
chr2.1_073079552|AltMatch_0001
chr2.1_073425434|AltMatch_0001
chr2.1_073425434|RefMatch_0001
chr2.1_073482886|AltMatch_0001
chr2.1_073482886|AltMatch_0002
chr2.1_073482886|AltMatch_0003
chr2.1_073482886|RefMatch_0001
chr2.1_073570461|AltMatch_0001
chr2.1_074381285|AltMatch_0001
chr2.1_074504073|RefMatch_0001
chr2.1_074504073|RefMatch_0002
chr2.1_074504073|RefMatch_0003
chr2.1_074504073|RefMatch_0004
chr2.1_074664094|RefMatch_0001
chr2.1_074664094|RefMatch_0002
chr2.1_074664094|RefMatch_0003
chr2.1_074664094|RefMatch_0004
chr2.1_074664094|RefMatch_0005
chr2.1_074821189|AltMatch_0001
chr2.1_074821189|RefMatch_0001
chr2.1_075183312|AltMatch_0001
chr2.1_075539465|AltMatch_0001
chr2.1_075539465|RefMatch_0001
chr2.1_075671787|AltMatch_0001
chr2.1_075671787|AltMatch_0002
chr2.1_075671787|RefMatch_0001
chr2.1_075950164|AltMatch_0001
chr2.1_076029897|RefMatch_0001
chr2.1_076029897|RefMatch_0002
chr2.1_076438134|RefMatch_0001
chr2.1_076438134|RefMatch_0002
chr3.1_000619360|RefMatch_0001
chr3.1_000619360|RefMatch_0002
chr3.1_000619360|RefMatch_0003
chr3.1_000695673|AltMatch_0001
chr3.1_000695673|AltMatch_0002
chr3.1_000695673|RefMatch_0001
chr3.1_000695673|RefMatch_0002
chr3.1_000695673|RefMatch_0003
chr3.1_001112364|AltMatch_0001
chr3.1_001112364|AltMatch_0002
chr3.1_001112364|AltMatch_0003
chr3.1_001541394|AltMatch_0001
chr3.1_001541394|AltMatch_0002
chr3.1_001541394|AltMatch_0003
chr3.1_001541394|AltMatch_0004
chr3.1_001541394|RefMatch_0001
chr3.1_002221858|AltMatch_0001
chr3.1_002221858|AltMatch_0002
chr3.1_002221858|RefMatch_0001
chr3.1_002338008|RefMatch_0001
chr3.1_002338008|RefMatch_0002
chr3.1_002338008|RefMatch_0003
chr3.1_002338008|RefMatch_0004
chr3.1_002338008|RefMatch_0005
chr3.1_002338008|RefMatch_0006
chr3.1_002338008|RefMatch_0007
chr3.1_002338008|RefMatch_0008
chr3.1_002338008|RefMatch_0009
chr3.1_002338008|RefMatch_0010
chr3.1_002338008|RefMatch_0011
chr3.1_002587746|AltMatch_0001
chr3.1_002587746|AltMatch_0002
chr3.1_002587746|RefMatch_0001
chr3.1_003133270|RefMatch_0001
chr3.1_003133270|RefMatch_0002
chr3.1_003296425|AltMatch_0001
chr3.1_003296425|RefMatch_0001
chr3.1_003296425|RefMatch_0002
chr3.1_003296425|RefMatch_0003
chr3.1_003544214|AltMatch_0001
chr3.1_003544214|RefMatch_0001
chr3.1_003544214|RefMatch_0002
chr3.1_003759869|RefMatch_0001
chr3.1_003920560|AltMatch_0001
chr3.1_003920560|AltMatch_0002
chr3.1_003920560|AltMatch_0003
chr3.1_003920560|AltMatch_0004
chr3.1_003920560|AltMatch_0005
chr3.1_004000939|AltMatch_0001
chr3.1_004000939|AltMatch_0002
chr3.1_004000939|AltMatch_0003
chr3.1_004179505|AltMatch_0001
chr3.1_004179505|AltMatch_0002
chr3.1_004179505|RefMatch_0001
chr3.1_004179505|RefMatch_0002
chr3.1_004885531|AltMatch_0001
chr3.1_004885531|RefMatch_0001
chr3.1_004885531|RefMatch_0002
chr3.1_004885531|RefMatch_0003
chr3.1_004945725|RefMatch_0001
chr3.1_004945725|RefMatch_0002
chr3.1_004945725|RefMatch_0003
chr3.1_005267797|RefMatch_0001
chr3.1_005484673|AltMatch_0001
chr3.1_006085857|AltMatch_0001
chr3.1_006575541|AltMatch_0001
chr3.1_006575541|AltMatch_0002
chr3.1_006575541|AltMatch_0003
chr3.1_006575541|RefMatch_0001
chr3.1_006730575|AltMatch_0001
chr3.1_007002282|RefMatch_0001
chr3.1_007002282|RefMatch_0002
chr3.1_007096643|RefMatch_0001
chr3.1_007096643|RefMatch_0002
chr3.1_007096643|RefMatch_0003
chr3.1_007096643|RefMatch_0004
chr3.1_007656071|RefMatch_0001
chr3.1_007692184|RefMatch_0001
chr3.1_007692184|RefMatch_0002
chr3.1_007867764|RefMatch_0001
chr3.1_007867764|RefMatch_0002
chr3.1_008069655|AltMatch_0001
chr3.1_008431851|RefMatch_0001
chr3.1_008820784|AltMatch_0001
chr3.1_008820784|AltMatch_0002
chr3.1_008820784|AltMatch_0003
chr3.1_008984137|AltMatch_0001
chr3.1_008984137|AltMatch_0002
chr3.1_009091213|RefMatch_0001
chr3.1_009753903|RefMatch_0001
chr3.1_010139925|RefMatch_0001
chr3.1_010139925|RefMatch_0002
chr3.1_010139925|RefMatch_0003
chr3.1_010261844|AltMatch_0001
chr3.1_010508284|AltMatch_0001
chr3.1_010508284|RefMatch_0001
chr3.1_010791523|AltMatch_0001
chr3.1_010791523|RefMatch_0001
chr3.1_010956413|AltMatch_0001
chr3.1_010956413|AltMatch_0002
chr3.1_010956413|AltMatch_0003
chr3.1_010956413|AltMatch_0004
chr3.1_010956413|AltMatch_0005
chr3.1_010956413|AltMatch_0006
chr3.1_010956413|AltMatch_0007
chr3.1_010956413|AltMatch_0008
chr3.1_010956413|AltMatch_0009
chr3.1_010956413|AltMatch_0010
chr3.1_010956413|AltMatch_0011
chr3.1_010956413|RefMatch_0001
chr3.1_010956413|RefMatch_0002
chr3.1_010956413|RefMatch_0003
chr3.1_010956413|RefMatch_0004
chr3.1_010956413|RefMatch_0005
chr3.1_010956413|RefMatch_0006
chr3.1_011481016|RefMatch_0001
chr3.1_011481016|RefMatch_0002
chr3.1_011481016|RefMatch_0003
chr3.1_011481016|RefMatch_0004
chr3.1_011481016|RefMatch_0005
chr3.1_011632610|RefMatch_0001
chr3.1_011632610|RefMatch_0002
chr3.1_011935321|RefMatch_0001
chr3.1_011935321|RefMatch_0002
chr3.1_011935321|RefMatch_0003
chr3.1_011935321|RefMatch_0004
chr3.1_012390730|RefMatch_0001
chr3.1_012823703|AltMatch_0001
chr3.1_012823703|RefMatch_0001
chr3.1_012823703|RefMatch_0002
chr3.1_013341410|RefMatch_0001
chr3.1_014352896|RefMatch_0001
chr3.1_014662831|AltMatch_0001
chr3.1_014912585|RefMatch_0001
chr3.1_014955794|AltMatch_0001
chr3.1_014955794|AltMatch_0002
chr3.1_014955794|RefMatch_0001
chr3.1_014955794|RefMatch_0002
chr3.1_014955794|RefMatch_0003
chr3.1_014955794|RefMatch_0004
chr3.1_014955794|RefMatch_0005
chr3.1_015437240|AltMatch_0001
chr3.1_015437240|RefMatch_0001
chr3.1_015689906|AltMatch_0001
chr3.1_015689906|AltMatch_0002
chr3.1_015689906|AltMatch_0003
chr3.1_015689906|AltMatch_0004
chr3.1_015689906|AltMatch_0005
chr3.1_015689906|AltMatch_0006
chr3.1_016188956|AltMatch_0001
chr3.1_016794891|AltMatch_0001
chr3.1_016909645|RefMatch_0001
chr3.1_017002073|RefMatch_0001
chr3.1_017002073|RefMatch_0002
chr3.1_017226890|RefMatch_0001
chr3.1_017226890|RefMatch_0002
chr3.1_017226890|RefMatch_0003
chr3.1_017226890|RefMatch_0004
chr3.1_017226890|RefMatch_0005
chr3.1_017226890|RefMatch_0006
chr3.1_017319408|AltMatch_0001
chr3.1_017319408|AltMatch_0002
chr3.1_020356815|AltMatch_0001
chr3.1_020356815|RefMatch_0001
chr3.1_020356815|RefMatch_0002
chr3.1_020706777|RefMatch_0001
chr3.1_020706777|RefMatch_0002
chr3.1_020706777|RefMatch_0003
chr3.1_022338664|AltMatch_0001
chr3.1_022338664|RefMatch_0001
chr3.1_022338664|RefMatch_0002
chr3.1_022503573|RefMatch_0001
chr3.1_022654519|RefMatch_0001
chr3.1_022654519|RefMatch_0002
chr3.1_022654519|RefMatch_0003
chr3.1_022654519|RefMatch_0004
chr3.1_023567227|RefMatch_0001
chr3.1_023567227|RefMatch_0002
chr3.1_023630612|AltMatch_0001
chr3.1_023935665|RefMatch_0001
chr3.1_024031730|AltMatch_0001
chr3.1_024031730|AltMatch_0002
chr3.1_024031730|AltMatch_0003
chr3.1_024031730|AltMatch_0004
chr3.1_024031730|RefMatch_0001
chr3.1_024031730|RefMatch_0002
chr3.1_024337262|RefMatch_0001
chr3.1_024635691|RefMatch_0001
chr3.1_024828011|RefMatch_0001
chr3.1_024828011|RefMatch_0002
chr3.1_024828011|RefMatch_0003
chr3.1_024828011|RefMatch_0004
chr3.1_025197475|AltMatch_0001
chr3.1_026163286|RefMatch_0001
chr3.1_026163286|RefMatch_0002
chr3.1_026620370|AltMatch_0001
chr3.1_026620370|RefMatch_0001
chr3.1_026620370|RefMatch_0002
chr3.1_026620370|RefMatch_0003
chr3.1_026620370|RefMatch_0004
chr3.1_026620370|RefMatch_0005
chr3.1_026620370|RefMatch_0006
chr3.1_026620370|RefMatch_0007
chr3.1_026620370|RefMatch_0008
chr3.1_027034933|AltMatch_0001
chr3.1_027536476|AltMatch_0001
chr3.1_027536476|RefMatch_0001
chr3.1_027683010|RefMatch_0001
chr3.1_028054746|RefMatch_0001
chr3.1_028312597|AltMatch_0001
chr3.1_028312597|RefMatch_0001
chr3.1_028312597|RefMatch_0002
chr3.1_029854967|RefMatch_0001
chr3.1_029854967|RefMatch_0002
chr3.1_030593835|RefMatch_0001
chr3.1_030593835|RefMatch_0002
chr3.1_031127384|AltMatch_0001
chr3.1_031127384|RefMatch_0001
chr3.1_031127384|RefMatch_0002
chr3.1_031882813|AltMatch_0001
chr3.1_031882813|AltMatch_0002
chr3.1_032087755|RefMatch_0001
chr3.1_032087755|RefMatch_0002
chr3.1_032087755|RefMatch_0003
chr3.1_032087755|RefMatch_0004
chr3.1_032189111|RefMatch_0001
chr3.1_032189111|RefMatch_0002
chr3.1_032189111|RefMatch_0003
chr3.1_032189111|RefMatch_0004
chr3.1_032189111|RefMatch_0005
chr3.1_032527655|AltMatch_0001
chr3.1_032527655|RefMatch_0001
chr3.1_032527655|RefMatch_0002
chr3.1_033334412|AltMatch_0001
chr3.1_033850264|RefMatch_0001
chr3.1_033850264|RefMatch_0002
chr3.1_034111507|AltMatch_0001
chr3.1_034491941|RefMatch_0001
chr3.1_034811838|RefMatch_0001
chr3.1_034893744|AltMatch_0001
chr3.1_034893744|RefMatch_0001
chr3.1_034893744|RefMatch_0002
chr3.1_034893744|RefMatch_0003
chr3.1_035088245|AltMatch_0001
chr3.1_035088245|RefMatch_0001
chr3.1_035290918|RefMatch_0001
chr3.1_035402823|RefMatch_0001
chr3.1_035402823|RefMatch_0002
chr3.1_036506595|RefMatch_0001
chr3.1_036506595|RefMatch_0002
chr3.1_036767886|AltMatch_0001
chr3.1_036767886|RefMatch_0001
chr3.1_037140532|AltMatch_0001
chr3.1_037140532|AltMatch_0002
chr3.1_037140532|RefMatch_0001
chr3.1_037140532|RefMatch_0002
chr3.1_037388128|AltMatch_0001
chr3.1_037388128|AltMatch_0002
chr3.1_037388128|RefMatch_0001
chr3.1_037388128|RefMatch_0002
chr3.1_037388128|RefMatch_0003
chr3.1_037652507|AltMatch_0001
chr3.1_037652507|RefMatch_0001
chr3.1_037652507|RefMatch_0002
chr3.1_037923054|RefMatch_0001
chr3.1_037923054|RefMatch_0002
chr3.1_037923054|RefMatch_0003
chr3.1_037923054|RefMatch_0004
chr3.1_037923054|RefMatch_0005
chr3.1_037923054|RefMatch_0006
chr3.1_037923054|RefMatch_0007
chr3.1_037923054|RefMatch_0008
chr3.1_037923054|RefMatch_0009
chr3.1_037923054|RefMatch_0010
chr3.1_038303519|AltMatch_0001
chr3.1_038303519|AltMatch_0002
chr3.1_038303519|AltMatch_0003
chr3.1_038840261|RefMatch_0001
chr3.1_039266956|RefMatch_0001
chr3.1_039266956|RefMatch_0002
chr3.1_039266956|RefMatch_0003
chr3.1_039266956|RefMatch_0004
chr3.1_039722494|AltMatch_0001
chr3.1_040218014|RefMatch_0001
chr3.1_040466885|RefMatch_0001
chr3.1_040725640|RefMatch_0001
chr3.1_040891924|RefMatch_0001
chr3.1_041090026|AltMatch_0001
chr3.1_041090026|AltMatch_0002
chr3.1_041090026|AltMatch_0003
chr3.1_041369407|RefMatch_0001
chr3.1_041369407|RefMatch_0002
chr3.1_041495216|AltMatch_0001
chr3.1_041495216|RefMatch_0001
chr3.1_041495216|RefMatch_0002
chr3.1_041830393|RefMatch_0001
chr3.1_041830393|RefMatch_0002
chr3.1_042153532|AltMatch_0001
chr3.1_042153532|RefMatch_0001
chr3.1_042153532|RefMatch_0002
chr3.1_042188167|RefMatch_0001
chr3.1_042188167|RefMatch_0002
chr3.1_042188167|RefMatch_0003
chr3.1_042188167|RefMatch_0004
chr3.1_042573209|AltMatch_0001
chr3.1_042573209|RefMatch_0001
chr3.1_042573209|RefMatch_0002
chr3.1_042573209|RefMatch_0003
chr3.1_042573209|RefMatch_0004
chr3.1_042621440|AltMatch_0001
chr3.1_042621440|RefMatch_0001
chr3.1_042621440|RefMatch_0002
chr3.1_043535584|AltMatch_0001
chr3.1_043535584|RefMatch_0001
chr3.1_043535584|RefMatch_0002
chr3.1_044366628|AltMatch_0001
chr3.1_044366628|AltMatch_0002
chr3.1_044366628|AltMatch_0003
chr3.1_044366628|RefMatch_0001
chr3.1_044366628|RefMatch_0002
chr3.1_044366628|RefMatch_0003
chr3.1_044366628|RefMatch_0004
chr3.1_044366628|RefMatch_0005
chr3.1_044534339|AltMatch_0001
chr3.1_044534339|RefMatch_0001
chr3.1_044716808|AltMatch_0001
chr3.1_044716808|AltMatch_0002
chr3.1_044716808|AltMatch_0003
chr3.1_044911019|RefMatch_0001
chr3.1_045391318|RefMatch_0001
chr3.1_046074525|AltMatch_0001
chr3.1_046346810|RefMatch_0001
chr3.1_046666645|RefMatch_0001
chr3.1_046666645|RefMatch_0002
chr3.1_046868714|AltMatch_0001
chr3.1_046868714|RefMatch_0001
chr3.1_047052565|AltMatch_0001
chr3.1_047175528|AltMatch_0001
chr3.1_047175528|RefMatch_0001
chr3.1_047494037|AltMatch_0001
chr3.1_047494037|RefMatch_0001
chr3.1_047494037|RefMatch_0002
chr3.1_047768231|RefMatch_0001
chr3.1_047768231|RefMatch_0002
chr3.1_047831715|AltMatch_0001
chr3.1_048199144|RefMatch_0001
chr3.1_048199144|RefMatch_0002
chr3.1_048653253|AltMatch_0001
chr3.1_048653253|RefMatch_0001
chr3.1_048653253|RefMatch_0002
chr3.1_048653253|RefMatch_0003
chr3.1_048830809|RefMatch_0001
chr3.1_049070031|AltMatch_0001
chr3.1_049070031|RefMatch_0001
chr3.1_049070031|RefMatch_0002
chr3.1_049070031|RefMatch_0003
chr3.1_049527032|AltMatch_0001
chr3.1_049527032|RefMatch_0001
chr3.1_049527032|RefMatch_0002
chr3.1_049527032|RefMatch_0003
chr3.1_049635432|RefMatch_0001
chr3.1_049953293|RefMatch_0001
chr3.1_050007209|RefMatch_0001
chr3.1_050189320|RefMatch_0001
chr3.1_050189320|RefMatch_0002
chr3.1_050397980|AltMatch_0001
chr3.1_050397980|RefMatch_0001
chr3.1_050397980|RefMatch_0002
chr3.1_050397980|RefMatch_0003
chr3.1_050483190|RefMatch_0001
chr3.1_051270614|RefMatch_0001
chr3.1_051270614|RefMatch_0002
chr3.1_051569473|AltMatch_0001
chr3.1_051569473|RefMatch_0001
chr3.1_052123789|RefMatch_0001
chr3.1_052207570|AltMatch_0001
chr3.1_052207570|AltMatch_0002
chr3.1_052207570|RefMatch_0001
chr3.1_052207570|RefMatch_0002
chr3.1_052207570|RefMatch_0003
chr3.1_052635497|AltMatch_0001
chr3.1_052635497|AltMatch_0002
chr3.1_052635497|RefMatch_0001
chr3.1_052775383|AltMatch_0001
chr3.1_052775383|AltMatch_0002
chr3.1_052775383|RefMatch_0001
chr3.1_052963824|AltMatch_0001
chr3.1_052963824|RefMatch_0001
chr3.1_053205775|AltMatch_0001
chr3.1_053205775|AltMatch_0002
chr3.1_053349663|RefMatch_0001
chr3.1_053349663|RefMatch_0002
chr3.1_053349663|RefMatch_0003
chr3.1_053603314|AltMatch_0001
chr3.1_053603314|AltMatch_0002
chr3.1_053722459|RefMatch_0001
chr3.1_053722459|RefMatch_0002
chr3.1_053722459|RefMatch_0003
chr3.1_053722459|RefMatch_0004
chr3.1_053722459|RefMatch_0005
chr3.1_053868941|AltMatch_0001
chr3.1_053868941|RefMatch_0001
chr3.1_053868941|RefMatch_0002
chr3.1_053868941|RefMatch_0003
chr3.1_053985956|AltMatch_0001
chr3.1_054075311|AltMatch_0001
chr3.1_054075311|RefMatch_0001
chr3.1_054075311|RefMatch_0002
chr3.1_054346561|AltMatch_0001
chr3.1_054346561|AltMatch_0002
chr3.1_054613403|AltMatch_0001
chr3.1_054989876|AltMatch_0001
chr3.1_054989876|RefMatch_0001
chr3.1_055321736|RefMatch_0001
chr3.1_056033516|RefMatch_0001
chr3.1_056270557|AltMatch_0001
chr3.1_056270557|AltMatch_0002
chr3.1_056630807|AltMatch_0001
chr3.1_056630807|AltMatch_0002
chr3.1_056630807|RefMatch_0001
chr3.1_056852572|AltMatch_0001
chr3.1_056927846|AltMatch_0001
chr3.1_056927846|AltMatch_0002
chr3.1_056927846|AltMatch_0003
chr3.1_056927846|RefMatch_0001
chr3.1_057149346|AltMatch_0001
chr3.1_057149346|AltMatch_0002
chr3.1_057149346|RefMatch_0001
chr3.1_057149346|RefMatch_0002
chr3.1_057149346|RefMatch_0003
chr3.1_057149346|RefMatch_0004
chr3.1_057360963|RefMatch_0001
chr3.1_057758445|AltMatch_0001
chr3.1_057758445|RefMatch_0001
chr3.1_057983297|AltMatch_0001
chr3.1_057983297|RefMatch_0001
chr3.1_058234082|AltMatch_0001
chr3.1_058234082|AltMatch_0002
chr3.1_058489131|AltMatch_0001
chr3.1_058489131|RefMatch_0001
chr3.1_058546385|AltMatch_0001
chr3.1_058741122|RefMatch_0001
chr3.1_058780248|RefMatch_0001
chr3.1_059307087|AltMatch_0001
chr3.1_059307087|AltMatch_0002
chr3.1_059307087|RefMatch_0001
chr3.1_059769343|AltMatch_0001
chr3.1_059769343|RefMatch_0001
chr3.1_059769343|RefMatch_0002
chr3.1_060345893|AltMatch_0001
chr3.1_060345893|AltMatch_0002
chr3.1_060345893|RefMatch_0001
chr3.1_060345893|RefMatch_0002
chr3.1_061067045|RefMatch_0001
chr3.1_061145399|RefMatch_0001
chr3.1_061393310|AltMatch_0001
chr3.1_061393310|RefMatch_0001
chr3.1_061528782|RefMatch_0001
chr3.1_061528782|RefMatch_0002
chr3.1_061623018|AltMatch_0001
chr3.1_062442788|AltMatch_0001
chr3.1_062616485|RefMatch_0001
chr3.1_062616485|RefMatch_0002
chr3.1_063663170|AltMatch_0001
chr3.1_063663170|AltMatch_0002
chr3.1_063663170|AltMatch_0003
chr3.1_063745435|RefMatch_0001
chr3.1_063745435|RefMatch_0002
chr3.1_063964007|AltMatch_0001
chr3.1_063964007|AltMatch_0002
chr3.1_064643112|AltMatch_0001
chr3.1_065062082|RefMatch_0001
chr3.1_065062082|RefMatch_0002
chr3.1_065262411|RefMatch_0001
chr3.1_065325157|AltMatch_0001
chr3.1_065613215|AltMatch_0001
chr3.1_065613215|RefMatch_0001
chr3.1_065815376|RefMatch_0001
chr3.1_065815376|RefMatch_0002
chr3.1_065815376|RefMatch_0003
chr3.1_065815376|RefMatch_0004
chr3.1_066048994|AltMatch_0001
chr3.1_066048994|RefMatch_0001
chr3.1_066254938|AltMatch_0001
chr3.1_066254938|AltMatch_0002
chr3.1_066254938|RefMatch_0001
chr3.1_066575975|AltMatch_0001
chr3.1_066575975|AltMatch_0002
chr3.1_066873285|AltMatch_0001
chr3.1_066873285|AltMatch_0002
chr3.1_067244188|AltMatch_0001
chr3.1_067540142|AltMatch_0001
chr3.1_067540142|RefMatch_0001
chr3.1_068002100|RefMatch_0001
chr3.1_068002100|RefMatch_0002
chr3.1_068178068|AltMatch_0001
chr3.1_068178068|AltMatch_0002
chr3.1_068178068|RefMatch_0001
chr3.1_068178068|RefMatch_0002
chr3.1_068178068|RefMatch_0003
chr3.1_068178068|RefMatch_0004
chr3.1_068178068|RefMatch_0005
chr3.1_068178068|RefMatch_0006
chr3.1_068442838|RefMatch_0001
chr3.1_069231202|AltMatch_0001
chr3.1_069231202|RefMatch_0001
chr3.1_069591327|AltMatch_0001
chr3.1_069591327|RefMatch_0001
chr3.1_069820753|AltMatch_0001
chr3.1_069820753|RefMatch_0001
chr3.1_069820753|RefMatch_0002
chr3.1_070224611|RefMatch_0001
chr3.1_070224611|RefMatch_0002
chr3.1_070224611|RefMatch_0003
chr3.1_070543405|AltMatch_0001
chr3.1_070543405|AltMatch_0002
chr3.1_070849199|AltMatch_0001
chr3.1_070849199|RefMatch_0001
chr3.1_071286896|RefMatch_0001
chr3.1_071605426|AltMatch_0001
chr3.1_071605426|RefMatch_0001
chr3.1_071758890|RefMatch_0001
chr3.1_071793071|AltMatch_0001
chr3.1_072014851|AltMatch_0001
chr3.1_072014851|AltMatch_0002
chr3.1_072122893|RefMatch_0001
chr3.1_072363790|AltMatch_0001
chr3.1_072363790|AltMatch_0002
chr3.1_072611357|AltMatch_0001
chr3.1_072611357|AltMatch_0002
chr3.1_072611357|RefMatch_0001
chr3.1_072804612|AltMatch_0001
chr3.1_072804612|RefMatch_0001
chr3.1_072858585|RefMatch_0001
chr3.1_073188967|RefMatch_0001
chr3.1_073400352|AltMatch_0001
chr3.1_073400352|RefMatch_0001
chr3.1_073435393|AltMatch_0001
chr3.1_073435393|AltMatch_0002
chr3.1_073435393|RefMatch_0001
chr3.1_073435393|RefMatch_0002
chr3.1_073527322|AltMatch_0001
chr3.1_073688611|RefMatch_0001
chr3.1_073802878|AltMatch_0001
chr3.1_074150027|RefMatch_0001
chr3.1_074943903|AltMatch_0001
chr3.1_075626145|RefMatch_0001
chr3.1_075872371|AltMatch_0001
chr3.1_075872371|AltMatch_0002
chr3.1_075963488|RefMatch_0001
chr3.1_076196038|RefMatch_0001
chr3.1_076343830|AltMatch_0001
chr3.1_076448210|RefMatch_0001
chr3.1_076707181|RefMatch_0001
chr3.1_077281257|RefMatch_0001
chr3.1_077281257|RefMatch_0002
chr3.1_077962709|AltMatch_0001
chr3.1_077962709|AltMatch_0002
chr3.1_078077889|RefMatch_0001
chr3.1_078721100|AltMatch_0001
chr3.1_078721100|AltMatch_0002
chr3.1_078721100|AltMatch_0003
chr3.1_078721100|AltMatch_0004
chr3.1_078721100|AltMatch_0005
chr3.1_078721100|AltMatch_0006
chr3.1_078721100|RefMatch_0001
chr3.1_078721100|RefMatch_0002
chr3.1_078721100|RefMatch_0003
chr3.1_078721100|RefMatch_0004
chr3.1_079060435|RefMatch_0001
chr3.1_079706180|AltMatch_0001
chr3.1_079815199|AltMatch_0001
chr3.1_079911889|RefMatch_0001
chr3.1_080288011|AltMatch_0001
chr3.1_080384140|AltMatch_0001
chr3.1_080384140|RefMatch_0001
chr3.1_080583225|AltMatch_0001
chr3.1_080714973|AltMatch_0001
chr3.1_080714973|AltMatch_0002
chr3.1_080714973|AltMatch_0003
chr3.1_080714973|AltMatch_0004
chr3.1_080714973|AltMatch_0005
chr3.1_080714973|RefMatch_0001
chr3.1_080980552|RefMatch_0001
chr3.1_081395244|AltMatch_0001
chr3.1_081480698|RefMatch_0001
chr3.1_081480698|RefMatch_0002
chr3.1_081798620|AltMatch_0001
chr3.1_081798620|RefMatch_0001
chr3.1_081798620|RefMatch_0002
chr3.1_081840609|RefMatch_0001
chr3.1_081840609|RefMatch_0002
chr3.1_082188829|AltMatch_0001
chr3.1_082188829|RefMatch_0001
chr3.1_082188829|RefMatch_0002
chr3.1_082188829|RefMatch_0003
chr3.1_082769154|RefMatch_0001
chr3.1_083068634|AltMatch_0001
chr3.1_083068634|RefMatch_0001
chr3.1_083296752|AltMatch_0001
chr3.1_083296752|RefMatch_0001
chr3.1_083372410|AltMatch_0001
chr3.1_083372410|AltMatch_0002
chr3.1_083413539|RefMatch_0001
chr3.1_083413539|RefMatch_0002
chr3.1_083413539|RefMatch_0003
chr3.1_083413539|RefMatch_0004
chr3.1_084557406|AltMatch_0001
chr3.1_085212900|AltMatch_0001
chr3.1_085212900|RefMatch_0001
chr3.1_085271441|AltMatch_0001
chr3.1_085271441|AltMatch_0002
chr3.1_085271441|RefMatch_0001
chr3.1_085740129|RefMatch_0001
chr3.1_087356557|RefMatch_0001
chr3.1_087894917|AltMatch_0001
chr3.1_088114859|RefMatch_0001
chr3.1_088114859|RefMatch_0002
chr3.1_088114859|RefMatch_0003
chr3.1_088171126|AltMatch_0001
chr3.1_088171126|RefMatch_0001
chr3.1_088171126|RefMatch_0002
chr3.1_088171126|RefMatch_0003
chr3.1_088171126|RefMatch_0004
chr3.1_088171126|RefMatch_0005
chr3.1_088373303|AltMatch_0001
chr3.1_088373303|AltMatch_0002
chr3.1_088781520|AltMatch_0001
chr3.1_088781520|RefMatch_0001
chr3.1_089419279|AltMatch_0001
chr3.1_089686120|AltMatch_0001
chr3.1_089686120|AltMatch_0002
chr3.1_089686120|AltMatch_0003
chr3.1_089686120|AltMatch_0004
chr3.1_089686120|RefMatch_0001
chr3.1_089746248|AltMatch_0001
chr3.1_090535510|AltMatch_0001
chr3.1_091189551|RefMatch_0001
chr3.1_091947885|RefMatch_0001
chr3.1_092074238|AltMatch_0001
chr3.1_092074238|AltMatch_0002
chr3.1_092074238|AltMatch_0003
chr3.1_092577217|AltMatch_0001
chr3.1_092577217|AltMatch_0002
chr3.1_092577217|AltMatch_0003
chr3.1_092577217|RefMatch_0001
chr3.1_092577217|RefMatch_0002
chr4.1_000216045|AltMatch_0001
chr4.1_000283218|RefMatch_0001
chr4.1_000283218|RefMatch_0002
chr4.1_000655569|AltMatch_0001
chr4.1_000655569|RefMatch_0001
chr4.1_000768094|AltMatch_0001
chr4.1_000768094|AltMatch_0002
chr4.1_000768094|AltMatch_0003
chr4.1_000768094|RefMatch_0001
chr4.1_001022673|RefMatch_0001
chr4.1_001101368|RefMatch_0001
chr4.1_001101368|RefMatch_0002
chr4.1_001342769|RefMatch_0001
chr4.1_001744051|AltMatch_0001
chr4.1_001744051|RefMatch_0001
chr4.1_001744051|RefMatch_0002
chr4.1_002022002|RefMatch_0001
chr4.1_002245481|RefMatch_0001
chr4.1_002546492|RefMatch_0001
chr4.1_002546492|RefMatch_0002
chr4.1_003138318|AltMatch_0001
chr4.1_003186465|AltMatch_0001
chr4.1_004013831|AltMatch_0001
chr4.1_004279828|RefMatch_0001
chr4.1_004781701|AltMatch_0001
chr4.1_004781701|AltMatch_0002
chr4.1_004781701|AltMatch_0003
chr4.1_004781701|RefMatch_0001
chr4.1_005128770|AltMatch_0001
chr4.1_005184973|AltMatch_0001
chr4.1_005257459|AltMatch_0001
chr4.1_005436465|AltMatch_0001
chr4.1_005667932|AltMatch_0001
chr4.1_005667932|AltMatch_0002
chr4.1_005667932|AltMatch_0003
chr4.1_005667932|AltMatch_0004
chr4.1_005667932|AltMatch_0005
chr4.1_005912989|AltMatch_0001
chr4.1_005912989|RefMatch_0001
chr4.1_005912989|RefMatch_0002
chr4.1_005912989|RefMatch_0003
chr4.1_005912989|RefMatch_0004
chr4.1_005912989|RefMatch_0005
chr4.1_005912989|RefMatch_0006
chr4.1_005912989|RefMatch_0007
chr4.1_005912989|RefMatch_0008
chr4.1_005912989|RefMatch_0009
chr4.1_006028559|AltMatch_0001
chr4.1_006028559|RefMatch_0001
chr4.1_006028559|RefMatch_0002
chr4.1_006028559|RefMatch_0003
chr4.1_006028559|RefMatch_0004
chr4.1_006028559|RefMatch_0005
chr4.1_006175066|RefMatch_0001
chr4.1_006349686|AltMatch_0001
chr4.1_006349686|RefMatch_0001
chr4.1_006473437|AltMatch_0001
chr4.1_006473437|RefMatch_0001
chr4.1_006641999|RefMatch_0001
chr4.1_007022040|RefMatch_0001
chr4.1_007022040|RefMatch_0002
chr4.1_007372929|AltMatch_0001
chr4.1_007593473|AltMatch_0001
chr4.1_007904743|AltMatch_0001
chr4.1_007904743|RefMatch_0001
chr4.1_008061677|AltMatch_0001
chr4.1_008061677|AltMatch_0002
chr4.1_008722990|RefMatch_0001
chr4.1_008867628|AltMatch_0001
chr4.1_009263866|RefMatch_0001
chr4.1_009519470|AltMatch_0001
chr4.1_009519470|AltMatch_0002
chr4.1_009919954|RefMatch_0001
chr4.1_009919954|RefMatch_0002
chr4.1_010146082|RefMatch_0001
chr4.1_010146082|RefMatch_0002
chr4.1_010356301|AltMatch_0001
chr4.1_010356301|AltMatch_0002
chr4.1_010356301|AltMatch_0003
chr4.1_010356301|AltMatch_0004
chr4.1_010356301|AltMatch_0005
chr4.1_010356301|RefMatch_0001
chr4.1_010858348|RefMatch_0001
chr4.1_010946497|AltMatch_0001
chr4.1_010946497|RefMatch_0001
chr4.1_010946497|RefMatch_0002
chr4.1_010946497|RefMatch_0003
chr4.1_010946497|RefMatch_0004
chr4.1_010946497|RefMatch_0005
chr4.1_010946497|RefMatch_0006
chr4.1_011770158|AltMatch_0001
chr4.1_012247719|RefMatch_0001
chr4.1_012448863|AltMatch_0001
chr4.1_013065649|AltMatch_0001
chr4.1_013065649|AltMatch_0002
chr4.1_013065649|RefMatch_0001
chr4.1_013278753|RefMatch_0001
chr4.1_013278753|RefMatch_0002
chr4.1_013278753|RefMatch_0003
chr4.1_013278753|RefMatch_0004
chr4.1_013278753|RefMatch_0005
chr4.1_013361689|RefMatch_0001
chr4.1_013872451|AltMatch_0001
chr4.1_013872451|RefMatch_0001
chr4.1_014070845|AltMatch_0001
chr4.1_014070845|AltMatch_0002
chr4.1_014269297|AltMatch_0001
chr4.1_014269297|RefMatch_0001
chr4.1_014778212|AltMatch_0001
chr4.1_014778212|RefMatch_0001
chr4.1_014778212|RefMatch_0002
chr4.1_014979802|AltMatch_0001
chr4.1_014979802|RefMatch_0001
chr4.1_014979802|RefMatch_0002
chr4.1_015210316|AltMatch_0001
chr4.1_015298419|AltMatch_0001
chr4.1_015298419|RefMatch_0001
chr4.1_015813800|RefMatch_0001
chr4.1_015983024|AltMatch_0001
chr4.1_016811129|AltMatch_0001
chr4.1_016811129|AltMatch_0002
chr4.1_016811129|RefMatch_0001
chr4.1_017342544|AltMatch_0001
chr4.1_017342544|RefMatch_0001
chr4.1_017342544|RefMatch_0002
chr4.1_017342544|RefMatch_0003
chr4.1_017482305|AltMatch_0001
chr4.1_017482305|AltMatch_0002
chr4.1_017482305|AltMatch_0003
chr4.1_017482305|RefMatch_0001
chr4.1_017726877|AltMatch_0001
chr4.1_018265836|AltMatch_0001
chr4.1_018265836|RefMatch_0001
chr4.1_018560791|AltMatch_0001
chr4.1_018963011|AltMatch_0001
chr4.1_018963011|RefMatch_0001
chr4.1_019127280|AltMatch_0001
chr4.1_019127280|AltMatch_0002
chr4.1_019127280|AltMatch_0003
chr4.1_019127280|AltMatch_0004
chr4.1_019127280|AltMatch_0005
chr4.1_019403311|AltMatch_0001
chr4.1_019403311|AltMatch_0002
chr4.1_019403311|AltMatch_0003
chr4.1_019403311|AltMatch_0004
chr4.1_019638725|RefMatch_0001
chr4.1_019638725|RefMatch_0002
chr4.1_019784419|AltMatch_0001
chr4.1_019784419|AltMatch_0002
chr4.1_020993005|AltMatch_0001
chr4.1_020993005|RefMatch_0001
chr4.1_021055091|AltMatch_0001
chr4.1_021327628|AltMatch_0001
chr4.1_021327628|RefMatch_0001
chr4.1_021327628|RefMatch_0002
chr4.1_021580168|AltMatch_0001
chr4.1_022038007|AltMatch_0001
chr4.1_022038007|AltMatch_0002
chr4.1_022038007|AltMatch_0003
chr4.1_022038007|AltMatch_0004
chr4.1_022038007|AltMatch_0005
chr4.1_022156437|AltMatch_0001
chr4.1_022156437|AltMatch_0002
chr4.1_022156437|AltMatch_0003
chr4.1_022156437|AltMatch_0004
chr4.1_022392833|RefMatch_0001
chr4.1_022663352|RefMatch_0001
chr4.1_022663352|RefMatch_0002
chr4.1_022840291|AltMatch_0001
chr4.1_022840291|AltMatch_0002
chr4.1_022840291|AltMatch_0003
chr4.1_022840291|AltMatch_0004
chr4.1_023206961|AltMatch_0001
chr4.1_023206961|AltMatch_0002
chr4.1_023988610|AltMatch_0001
chr4.1_023988610|AltMatch_0002
chr4.1_024125352|AltMatch_0001
chr4.1_024625314|AltMatch_0001
chr4.1_025009130|AltMatch_0001
chr4.1_025009130|AltMatch_0002
chr4.1_025009130|RefMatch_0001
chr4.1_025009130|RefMatch_0002
chr4.1_025009130|RefMatch_0003
chr4.1_025133835|RefMatch_0001
chr4.1_025545723|AltMatch_0001
chr4.1_025614506|AltMatch_0001
chr4.1_025753408|RefMatch_0001
chr4.1_026004018|RefMatch_0001
chr4.1_026036161|AltMatch_0001
chr4.1_026323325|AltMatch_0001
chr4.1_026323325|RefMatch_0001
chr4.1_026535957|RefMatch_0001
chr4.1_026629914|AltMatch_0001
chr4.1_026629914|AltMatch_0002
chr4.1_026629914|AltMatch_0003
chr4.1_026629914|RefMatch_0001
chr4.1_026629914|RefMatch_0002
chr4.1_026885628|RefMatch_0001
chr4.1_026885628|RefMatch_0002
chr4.1_026927256|RefMatch_0001
chr4.1_026927256|RefMatch_0002
chr4.1_027201181|RefMatch_0001
chr4.1_027397835|AltMatch_0001
chr4.1_027397835|RefMatch_0001
chr4.1_027869722|RefMatch_0001
chr4.1_028156130|RefMatch_0001
chr4.1_028296075|AltMatch_0001
chr4.1_029147572|RefMatch_0001
chr4.1_029147572|RefMatch_0002
chr4.1_029295252|AltMatch_0001
chr4.1_029295252|RefMatch_0001
chr4.1_029295252|RefMatch_0002
chr4.1_029804419|AltMatch_0001
chr4.1_030794163|RefMatch_0001
chr4.1_030794163|RefMatch_0002
chr4.1_030978059|RefMatch_0001
chr4.1_030978059|RefMatch_0002
chr4.1_030978059|RefMatch_0003
chr4.1_031199915|AltMatch_0001
chr4.1_031199915|AltMatch_0002
chr4.1_031199915|AltMatch_0003
chr4.1_031199915|RefMatch_0001
chr4.1_031266068|RefMatch_0001
chr4.1_031266068|RefMatch_0002
chr4.1_031266068|RefMatch_0003
chr4.1_031725314|AltMatch_0001
chr4.1_031725314|AltMatch_0002
chr4.1_031725314|RefMatch_0001
chr4.1_031725314|RefMatch_0002
chr4.1_031725314|RefMatch_0003
chr4.1_032186858|AltMatch_0001
chr4.1_032186858|RefMatch_0001
chr4.1_032756643|AltMatch_0001
chr4.1_033190792|RefMatch_0001
chr4.1_033190792|RefMatch_0002
chr4.1_033322831|AltMatch_0001
chr4.1_033557008|AltMatch_0001
chr4.1_033557008|RefMatch_0001
chr4.1_033557008|RefMatch_0002
chr4.1_033855700|AltMatch_0001
chr4.1_033855700|AltMatch_0002
chr4.1_033855700|AltMatch_0003
chr4.1_033855700|AltMatch_0004
chr4.1_033855700|RefMatch_0001
chr4.1_033855700|RefMatch_0002
chr4.1_034020777|AltMatch_0001
chr4.1_034020777|AltMatch_0002
chr4.1_034020777|AltMatch_0003
chr4.1_034020777|AltMatch_0004
chr4.1_034437716|RefMatch_0001
chr4.1_034605266|AltMatch_0001
chr4.1_034605266|RefMatch_0001
chr4.1_034857483|RefMatch_0001
chr4.1_034970650|AltMatch_0001
chr4.1_034970650|RefMatch_0001
chr4.1_034970650|RefMatch_0002
chr4.1_035429313|AltMatch_0001
chr4.1_035429313|AltMatch_0002
chr4.1_035666092|RefMatch_0001
chr4.1_035990571|RefMatch_0001
chr4.1_035990571|RefMatch_0002
chr4.1_035990571|RefMatch_0003
chr4.1_036139030|AltMatch_0001
chr4.1_036361500|RefMatch_0001
chr4.1_036496430|RefMatch_0001
chr4.1_036869216|AltMatch_0001
chr4.1_036869216|AltMatch_0002
chr4.1_036869216|RefMatch_0001
chr4.1_037000282|AltMatch_0001
chr4.1_037415568|AltMatch_0001
chr4.1_037693962|AltMatch_0001
chr4.1_037693962|RefMatch_0001
chr4.1_037693962|RefMatch_0002
chr4.1_037854730|RefMatch_0001
chr4.1_037854730|RefMatch_0002
chr4.1_038381507|RefMatch_0001
chr4.1_038381507|RefMatch_0002
chr4.1_038649614|RefMatch_0001
chr4.1_039351842|AltMatch_0001
chr4.1_039595706|RefMatch_0001
chr4.1_040704747|AltMatch_0001
chr4.1_040704747|AltMatch_0002
chr4.1_041012489|AltMatch_0001
chr4.1_041012489|RefMatch_0001
chr4.1_041012489|RefMatch_0002
chr4.1_041012489|RefMatch_0003
chr4.1_041012489|RefMatch_0004
chr4.1_041012489|RefMatch_0005
chr4.1_041325734|RefMatch_0001
chr4.1_041375538|AltMatch_0001
chr4.1_041375538|RefMatch_0001
chr4.1_041427141|AltMatch_0001
chr4.1_041427141|AltMatch_0002
chr4.1_041427141|RefMatch_0001
chr4.1_041595604|AltMatch_0001
chr4.1_041595604|AltMatch_0002
chr4.1_041595604|RefMatch_0001
chr4.1_041768022|RefMatch_0001
chr4.1_042080638|RefMatch_0001
chr4.1_042270584|RefMatch_0001
chr4.1_042270584|RefMatch_0002
chr4.1_042270584|RefMatch_0003
chr4.1_042270584|RefMatch_0004
chr4.1_042270584|RefMatch_0005
chr4.1_042574608|AltMatch_0001
chr4.1_042574608|AltMatch_0002
chr4.1_042574608|AltMatch_0003
chr4.1_042574608|AltMatch_0004
chr4.1_042574608|AltMatch_0005
chr4.1_042828677|AltMatch_0001
chr4.1_042890943|AltMatch_0001
chr4.1_042890943|RefMatch_0001
chr4.1_043009684|AltMatch_0001
chr4.1_043009684|RefMatch_0001
chr4.1_043659507|AltMatch_0001
chr4.1_044553513|RefMatch_0001
chr4.1_044553513|RefMatch_0002
chr4.1_044694078|RefMatch_0001
chr4.1_044864682|AltMatch_0001
chr4.1_044864682|RefMatch_0001
chr4.1_044864682|RefMatch_0002
chr4.1_045044416|AltMatch_0001
chr4.1_045044416|AltMatch_0002
chr4.1_045355032|AltMatch_0001
chr4.1_046484973|AltMatch_0001
chr4.1_046484973|RefMatch_0001
chr4.1_046484973|RefMatch_0002
chr4.1_046799418|RefMatch_0001
chr4.1_046941170|RefMatch_0001
chr4.1_046974577|AltMatch_0001
chr4.1_046974577|RefMatch_0001
chr4.1_046974577|RefMatch_0002
chr4.1_047266859|AltMatch_0001
chr4.1_047266859|AltMatch_0002
chr4.1_047266859|AltMatch_0003
chr4.1_047510150|RefMatch_0001
chr4.1_047510150|RefMatch_0002
chr4.1_048336539|RefMatch_0001
chr4.1_048336539|RefMatch_0002
chr4.1_048336539|RefMatch_0003
chr4.1_048336539|RefMatch_0004
chr4.1_048336539|RefMatch_0005
chr4.1_048336539|RefMatch_0006
chr4.1_048336539|RefMatch_0007
chr4.1_048336539|RefMatch_0008
chr4.1_048609422|AltMatch_0001
chr4.1_048609422|AltMatch_0002
chr4.1_048763974|AltMatch_0001
chr4.1_048763974|AltMatch_0002
chr4.1_048763974|AltMatch_0003
chr4.1_048763974|AltMatch_0004
chr4.1_048763974|AltMatch_0005
chr4.1_048949656|RefMatch_0001
chr4.1_048949656|RefMatch_0002
chr4.1_048949656|RefMatch_0003
chr4.1_048949656|RefMatch_0004
chr4.1_048949656|RefMatch_0005
chr4.1_049103282|AltMatch_0001
chr4.1_049103282|RefMatch_0001
chr4.1_049103282|RefMatch_0002
chr4.1_049103282|RefMatch_0003
chr4.1_049535688|AltMatch_0001
chr4.1_049535688|RefMatch_0001
chr4.1_049535688|RefMatch_0002
chr4.1_049906387|RefMatch_0001
chr4.1_049906387|RefMatch_0002
chr4.1_050257785|RefMatch_0001
chr4.1_050257785|RefMatch_0002
chr4.1_050257785|RefMatch_0003
chr4.1_050978420|RefMatch_0001
chr4.1_051046614|AltMatch_0001
chr4.1_051046614|RefMatch_0001
chr4.1_051421231|AltMatch_0001
chr4.1_051421231|RefMatch_0001
chr4.1_051466346|RefMatch_0001
chr4.1_051466346|RefMatch_0002
chr4.1_051466346|RefMatch_0003
chr4.1_051466346|RefMatch_0004
chr4.1_051466346|RefMatch_0005
chr4.1_051969812|AltMatch_0001
chr4.1_051969812|RefMatch_0001
chr4.1_051969812|RefMatch_0002
chr4.1_051969812|RefMatch_0003
chr4.1_051969812|RefMatch_0004
chr4.1_051969812|RefMatch_0005
chr4.1_052037743|AltMatch_0001
chr4.1_052037743|RefMatch_0001
chr4.1_052037743|RefMatch_0002
chr4.1_052037743|RefMatch_0003
chr4.1_052037743|RefMatch_0004
chr4.1_052037743|RefMatch_0005
chr4.1_052226061|RefMatch_0001
chr4.1_052226061|RefMatch_0002
chr4.1_052226061|RefMatch_0003
chr4.1_052226061|RefMatch_0004
chr4.1_052226061|RefMatch_0005
chr4.1_052385824|RefMatch_0001
chr4.1_052385824|RefMatch_0002
chr4.1_052385824|RefMatch_0003
chr4.1_052385824|RefMatch_0004
chr4.1_053356900|AltMatch_0001
chr4.1_053356900|RefMatch_0001
chr4.1_053356900|RefMatch_0002
chr4.1_053356900|RefMatch_0003
chr4.1_053356900|RefMatch_0004
chr4.1_053798057|RefMatch_0001
chr4.1_053833596|AltMatch_0001
chr4.1_053833596|RefMatch_0001
chr4.1_053833596|RefMatch_0002
chr4.1_054076524|AltMatch_0001
chr4.1_054076524|RefMatch_0001
chr4.1_054076524|RefMatch_0002
chr4.1_054679879|RefMatch_0001
chr4.1_054937372|AltMatch_0001
chr4.1_054937372|RefMatch_0001
chr4.1_054937372|RefMatch_0002
chr4.1_054937372|RefMatch_0003
chr4.1_054937372|RefMatch_0004
chr4.1_055794152|RefMatch_0001
chr4.1_055794152|RefMatch_0002
chr4.1_055794152|RefMatch_0003
chr4.1_055794152|RefMatch_0004
chr4.1_055794152|RefMatch_0005
chr4.1_055794152|RefMatch_0006
chr4.1_055993002|AltMatch_0001
chr4.1_056251860|AltMatch_0001
chr4.1_056251860|RefMatch_0001
chr4.1_056329749|AltMatch_0001
chr4.1_056329749|AltMatch_0002
chr4.1_056329749|AltMatch_0003
chr4.1_056540472|AltMatch_0001
chr4.1_056540472|RefMatch_0001
chr4.1_056540472|RefMatch_0002
chr4.1_056540472|RefMatch_0003
chr4.1_056540472|RefMatch_0004
chr4.1_056540472|RefMatch_0005
chr4.1_057079358|RefMatch_0001
chr4.1_057390827|RefMatch_0001
chr4.1_057510696|RefMatch_0001
chr4.1_057510696|RefMatch_0002
chr4.1_057510696|RefMatch_0003
chr4.1_057510696|RefMatch_0004
chr4.1_057661939|RefMatch_0001
chr4.1_057661939|RefMatch_0002
chr4.1_057661939|RefMatch_0003
chr4.1_057661939|RefMatch_0004
chr4.1_057661939|RefMatch_0005
chr4.1_057882705|AltMatch_0001
chr4.1_057882705|RefMatch_0001
chr4.1_057882705|RefMatch_0002
chr4.1_058210567|RefMatch_0001
chr4.1_058394014|AltMatch_0001
chr4.1_058547273|RefMatch_0001
chr4.1_058547273|RefMatch_0002
chr4.1_058547273|RefMatch_0003
chr4.1_058921221|RefMatch_0001
chr4.1_059556051|AltMatch_0001
chr4.1_059556051|RefMatch_0001
chr4.1_059556051|RefMatch_0002
chr4.1_060009849|AltMatch_0001
chr4.1_060009849|AltMatch_0002
chr4.1_060009849|AltMatch_0003
chr4.1_060009849|RefMatch_0001
chr4.1_060088886|RefMatch_0001
chr4.1_060088886|RefMatch_0002
chr4.1_060088886|RefMatch_0003
chr4.1_061300456|AltMatch_0001
chr4.1_061300456|RefMatch_0001
chr4.1_061300456|RefMatch_0002
chr4.1_061300456|RefMatch_0003
chr4.1_061300456|RefMatch_0004
chr4.1_061300456|RefMatch_0005
chr4.1_061300456|RefMatch_0006
chr4.1_061300456|RefMatch_0007
chr4.1_061300456|RefMatch_0008
chr4.1_061300456|RefMatch_0009
chr4.1_061835774|RefMatch_0001
chr4.1_061835774|RefMatch_0002
chr4.1_061835774|RefMatch_0003
chr4.1_061835774|RefMatch_0004
chr4.1_061835774|RefMatch_0005
chr4.1_061835774|RefMatch_0006
chr4.1_061835774|RefMatch_0007
chr4.1_061835774|RefMatch_0008
chr4.1_061835774|RefMatch_0009
chr4.1_061835774|RefMatch_0010
chr4.1_062941909|RefMatch_0001
chr4.1_062941909|RefMatch_0002
chr4.1_062941909|RefMatch_0003
chr4.1_063381286|RefMatch_0001
chr4.1_063381286|RefMatch_0002
chr4.1_063381286|RefMatch_0003
chr4.1_063381286|RefMatch_0004
chr4.1_063381286|RefMatch_0005
chr4.1_063381286|RefMatch_0006
chr4.1_063381286|RefMatch_0007
chr4.1_063381286|RefMatch_0008
chr4.1_063381286|RefMatch_0009
chr4.1_063381286|RefMatch_0010
chr4.1_063736338|AltMatch_0001
chr4.1_063736338|RefMatch_0001
chr4.1_063736338|RefMatch_0002
chr4.1_063736338|RefMatch_0003
chr4.1_063736338|RefMatch_0004
chr4.1_063736338|RefMatch_0005
chr4.1_064292388|AltMatch_0001
chr4.1_064292388|AltMatch_0002
chr4.1_064292388|AltMatch_0003
chr4.1_064292388|AltMatch_0004
chr4.1_064648730|RefMatch_0001
chr4.1_064648730|RefMatch_0002
chr4.1_064648730|RefMatch_0003
chr4.1_064850060|RefMatch_0001
chr4.1_064850060|RefMatch_0002
chr4.1_064850060|RefMatch_0003
chr4.1_065427807|RefMatch_0001
chr4.1_066214695|AltMatch_0001
chr4.1_066214695|AltMatch_0002
chr4.1_066288769|AltMatch_0001
chr4.1_066288769|RefMatch_0001
chr4.1_066717280|AltMatch_0001
chr4.1_066717280|RefMatch_0001
chr4.1_066717280|RefMatch_0002
chr4.1_067052118|RefMatch_0001
chr4.1_067582496|RefMatch_0001
chr4.1_067582496|RefMatch_0002
chr4.1_067582496|RefMatch_0003
chr4.1_067900614|RefMatch_0001
chr4.1_067900614|RefMatch_0002
chr4.1_068000947|AltMatch_0001
chr4.1_068000947|AltMatch_0002
chr4.1_068000947|RefMatch_0001
chr4.1_068363490|AltMatch_0001
chr4.1_068363490|RefMatch_0001
chr4.1_068607220|RefMatch_0001
chr4.1_068607220|RefMatch_0002
chr4.1_068607220|RefMatch_0003
chr4.1_068607220|RefMatch_0004
chr4.1_068607220|RefMatch_0005
chr4.1_068807407|AltMatch_0001
chr4.1_068807407|RefMatch_0001
chr4.1_068807407|RefMatch_0002
chr4.1_068886385|RefMatch_0001
chr4.1_068886385|RefMatch_0002
chr4.1_068886385|RefMatch_0003
chr4.1_069188425|AltMatch_0001
chr4.1_069262711|AltMatch_0001
chr4.1_069262711|AltMatch_0002
chr4.1_069262711|RefMatch_0001
chr4.1_069623578|AltMatch_0001
chr4.1_069623578|RefMatch_0001
chr4.1_069838755|RefMatch_0001
chr4.1_069922502|RefMatch_0001
chr4.1_069922502|RefMatch_0002
chr4.1_070360163|AltMatch_0001
chr4.1_070360163|RefMatch_0001
chr4.1_070360163|RefMatch_0002
chr4.1_070360163|RefMatch_0003
chr4.1_070360163|RefMatch_0004
chr4.1_070571159|RefMatch_0001
chr4.1_070888858|RefMatch_0001
chr4.1_071131561|RefMatch_0001
chr4.1_071291016|AltMatch_0001
chr4.1_071291016|RefMatch_0001
chr4.1_071291016|RefMatch_0002
chr4.1_071572433|AltMatch_0001
chr4.1_071572433|RefMatch_0001
chr4.1_071572433|RefMatch_0002
chr4.1_071603376|AltMatch_0001
chr4.1_071603376|AltMatch_0002
chr4.1_071603376|AltMatch_0003
chr4.1_072049662|RefMatch_0001
chr4.1_072049662|RefMatch_0002
chr4.1_072049662|RefMatch_0003
chr4.1_072276834|RefMatch_0001
chr4.1_072276834|RefMatch_0002
chr4.1_072276834|RefMatch_0003
chr4.1_072538178|AltMatch_0001
chr4.1_072538178|AltMatch_0002
chr4.1_072538178|AltMatch_0003
chr4.1_072538178|AltMatch_0004
chr4.1_072538178|AltMatch_0005
chr4.1_072538178|AltMatch_0006
chr4.1_072538178|RefMatch_0001
chr4.1_072538178|RefMatch_0002
chr4.1_072538178|RefMatch_0003
chr4.1_072538178|RefMatch_0004
chr4.1_073066904|RefMatch_0001
chr4.1_073343400|RefMatch_0001
chr4.1_073883582|AltMatch_0001
chr4.1_073883582|AltMatch_0002
chr4.1_073883582|AltMatch_0003
chr4.1_074601490|RefMatch_0001
chr4.1_074653903|AltMatch_0001
chr4.1_074846334|AltMatch_0001
chr4.1_074846334|RefMatch_0001
chr4.1_074846334|RefMatch_0002
chr4.1_075471586|RefMatch_0001
chr4.1_075471586|RefMatch_0002
chr4.1_075471586|RefMatch_0003
chr4.1_075471586|RefMatch_0004
chr4.1_076089724|AltMatch_0001
chr4.1_076089724|RefMatch_0001
chr4.1_076089724|RefMatch_0002
chr4.1_076089724|RefMatch_0003
chr4.1_076415218|AltMatch_0001
chr4.1_076415218|RefMatch_0001
chr4.1_076415218|RefMatch_0002
chr4.1_076670480|AltMatch_0001
chr4.1_076670480|RefMatch_0001
chr4.1_076670480|RefMatch_0002
chr4.1_076704580|RefMatch_0001
chr4.1_076880326|AltMatch_0001
chr4.1_076880326|RefMatch_0001
chr4.1_076880326|RefMatch_0002
chr4.1_076940440|AltMatch_0001
chr4.1_076940440|RefMatch_0001
chr4.1_076940440|RefMatch_0002
chr4.1_077807591|AltMatch_0001
chr4.1_077807591|RefMatch_0001
chr4.1_077807591|RefMatch_0002
chr4.1_077807591|RefMatch_0003
chr4.1_077807591|RefMatch_0004
chr4.1_077807591|RefMatch_0005
chr4.1_077807591|RefMatch_0006
chr4.1_077807591|RefMatch_0007
chr4.1_078068790|RefMatch_0001
chr4.1_078068790|RefMatch_0002
chr4.1_078068790|RefMatch_0003
chr4.1_078068790|RefMatch_0004
chr4.1_078068790|RefMatch_0005
chr4.1_078068790|RefMatch_0006
chr4.1_078068790|RefMatch_0007
chr4.1_078384695|AltMatch_0001
chr4.1_078384695|RefMatch_0001
chr4.1_078384695|RefMatch_0002
chr4.1_078384695|RefMatch_0003
chr4.1_078384695|RefMatch_0004
chr4.1_078500211|AltMatch_0001
chr4.1_078500211|AltMatch_0002
chr4.1_078500211|AltMatch_0003
chr4.1_078673986|RefMatch_0001
chr4.1_078860331|AltMatch_0001
chr4.1_078860331|AltMatch_0002
chr4.1_078860331|AltMatch_0003
chr4.1_078860331|AltMatch_0004
chr4.1_078860331|AltMatch_0005
chr4.1_078900010|RefMatch_0001
chr4.1_079121231|RefMatch_0001
chr4.1_079361715|AltMatch_0001
chr4.1_079361715|AltMatch_0002
chr4.1_079690999|AltMatch_0001
chr4.1_079690999|RefMatch_0001
chr4.1_079690999|RefMatch_0002
chr4.1_079801737|AltMatch_0001
chr4.1_079801737|RefMatch_0001
chr4.1_080064612|RefMatch_0001
chr4.1_080064612|RefMatch_0002
chr4.1_080064612|RefMatch_0003
chr4.1_080111485|AltMatch_0001
chr4.1_080111485|RefMatch_0001
chr4.1_080360679|RefMatch_0001
chr4.1_080630832|AltMatch_0001
chr4.1_080630832|RefMatch_0001
chr4.1_080785939|RefMatch_0001
chr4.1_080785939|RefMatch_0002
chr4.1_081157594|AltMatch_0001
chr4.1_081157594|RefMatch_0001
chr4.1_082263220|AltMatch_0001
chr4.1_082263220|RefMatch_0001
chr4.1_082263220|RefMatch_0002
chr4.1_082295500|AltMatch_0001
chr4.1_082295500|RefMatch_0001
chr4.1_082393467|AltMatch_0001
chr4.1_082393467|AltMatch_0002
chr4.1_082713157|RefMatch_0001
chr4.1_082942714|AltMatch_0001
chr4.1_082942714|AltMatch_0002
chr4.1_083533301|AltMatch_0001
chr4.1_083533301|AltMatch_0002
chr4.1_083533301|AltMatch_0003
chr4.1_083533301|RefMatch_0001
chr4.1_083533301|RefMatch_0002
chr4.1_083786784|AltMatch_0001
chr4.1_083786784|AltMatch_0002
chr4.1_083786784|AltMatch_0003
chr4.1_083786784|RefMatch_0001
chr4.1_083786784|RefMatch_0002
chr4.1_083786784|RefMatch_0003
chr4.1_083786784|RefMatch_0004
chr4.1_083786784|RefMatch_0005
chr4.1_083786784|RefMatch_0006
chr4.1_083845317|RefMatch_0001
chr4.1_083845317|RefMatch_0002
chr4.1_083845317|RefMatch_0003
chr4.1_084371300|RefMatch_0001
chr4.1_084570797|RefMatch_0001
chr4.1_084570797|RefMatch_0002
chr4.1_084814748|RefMatch_0001
chr4.1_084814748|RefMatch_0002
chr4.1_084814748|RefMatch_0003
chr4.1_084910037|AltMatch_0001
chr4.1_084910037|AltMatch_0002
chr4.1_084910037|RefMatch_0001
chr4.1_085442831|AltMatch_0001
chr4.1_085591844|AltMatch_0001
chr4.1_085591844|AltMatch_0002
chr4.1_085591844|AltMatch_0003
chr4.1_085591844|RefMatch_0001
chr4.1_085591844|RefMatch_0002
chr4.1_085591844|RefMatch_0003
chr4.1_085794609|AltMatch_0001
chr4.1_085794609|RefMatch_0001
chr4.1_085960696|AltMatch_0001
chr4.1_086079315|RefMatch_0001
chr4.1_086079315|RefMatch_0002
chr4.1_086079315|RefMatch_0003
chr4.1_086079315|RefMatch_0004
chr4.1_086079315|RefMatch_0005
chr4.1_086201512|RefMatch_0001
chr4.1_086201512|RefMatch_0002
chr4.1_086201512|RefMatch_0003
chr4.1_086201512|RefMatch_0004
chr4.1_086201512|RefMatch_0005
chr4.1_086532358|AltMatch_0001
chr4.1_086675872|RefMatch_0001
chr4.1_086675872|RefMatch_0002
chr4.1_086675872|RefMatch_0003
chr4.1_086852720|RefMatch_0001
chr4.1_087039943|RefMatch_0001
chr4.1_087236652|RefMatch_0001
chr4.1_087371304|AltMatch_0001
chr4.1_087371304|AltMatch_0002
chr4.1_087845084|RefMatch_0001
chr4.1_087845084|RefMatch_0002
chr4.1_088184530|RefMatch_0001
chr4.1_088184530|RefMatch_0002
chr4.1_088184530|RefMatch_0003
chr4.1_088263594|AltMatch_0001
chr4.1_088675558|RefMatch_0001
chr4.1_089092890|AltMatch_0001
chr4.1_089092890|RefMatch_0001
chr4.1_089092890|RefMatch_0002
chr4.1_089508587|RefMatch_0001
chr4.1_089508587|RefMatch_0002
chr5.1_000033929|RefMatch_0001
chr5.1_000033929|RefMatch_0002
chr5.1_000033929|RefMatch_0003
chr5.1_000322505|AltMatch_0001
chr5.1_000322505|AltMatch_0002
chr5.1_000322505|RefMatch_0001
chr5.1_000616294|AltMatch_0001
chr5.1_000616294|RefMatch_0001
chr5.1_000616294|RefMatch_0002
chr5.1_001201609|AltMatch_0001
chr5.1_001755977|AltMatch_0001
chr5.1_001755977|AltMatch_0002
chr5.1_001816247|AltMatch_0001
chr5.1_001816247|AltMatch_0002
chr5.1_001816247|AltMatch_0003
chr5.1_001816247|AltMatch_0004
chr5.1_001816247|RefMatch_0001
chr5.1_002453649|AltMatch_0001
chr5.1_002453649|RefMatch_0001
chr5.1_002800396|AltMatch_0001
chr5.1_002982104|RefMatch_0001
chr5.1_003769336|AltMatch_0001
chr5.1_003769336|RefMatch_0001
chr5.1_003894532|AltMatch_0001
chr5.1_003894532|RefMatch_0001
chr5.1_004247500|RefMatch_0001
chr5.1_004383318|AltMatch_0001
chr5.1_004383318|RefMatch_0001
chr5.1_005244824|AltMatch_0001
chr5.1_005244824|RefMatch_0001
chr5.1_005416282|AltMatch_0001
chr5.1_005416282|RefMatch_0001
chr5.1_005988357|AltMatch_0001
chr5.1_005988357|AltMatch_0002
chr5.1_006234907|RefMatch_0001
chr5.1_006512241|AltMatch_0001
chr5.1_006512241|RefMatch_0001
chr5.1_006842304|RefMatch_0001
chr5.1_007094820|AltMatch_0001
chr5.1_007094820|AltMatch_0002
chr5.1_007207661|AltMatch_0001
chr5.1_007207661|RefMatch_0001
chr5.1_007207661|RefMatch_0002
chr5.1_007207661|RefMatch_0003
chr5.1_007401326|RefMatch_0001
chr5.1_007401326|RefMatch_0002
chr5.1_007401326|RefMatch_0004
chr5.1_007401326|RefMatch_0005
chr5.1_007401326|RefMatch_0006
chr5.1_007401326|RefMatch_0007
chr5.1_007474818|AltMatch_0001
chr5.1_007474818|RefMatch_0001
chr5.1_007687763|AltMatch_0001
chr5.1_007687763|RefMatch_0001
chr5.1_007687763|RefMatch_0002
chr5.1_007889756|AltMatch_0001
chr5.1_007889756|RefMatch_0001
chr5.1_007889756|RefMatch_0002
chr5.1_008221735|RefMatch_0001
chr5.1_008387670|AltMatch_0001
chr5.1_008387670|AltMatch_0002
chr5.1_008546121|AltMatch_0001
chr5.1_008546121|AltMatch_0002
chr5.1_008546121|RefMatch_0001
chr5.1_008732112|RefMatch_0001
chr5.1_009264016|AltMatch_0001
chr5.1_009264016|RefMatch_0001
chr5.1_009264016|RefMatch_0002
chr5.1_009455011|RefMatch_0001
chr5.1_009455011|RefMatch_0002
chr5.1_009455011|RefMatch_0003
chr5.1_009455011|RefMatch_0004
chr5.1_009455011|RefMatch_0005
chr5.1_009455011|RefMatch_0006
chr5.1_010293972|AltMatch_0001
chr5.1_010802995|AltMatch_0001
chr5.1_010802995|RefMatch_0001
chr5.1_011019618|AltMatch_0001
chr5.1_011019618|AltMatch_0002
chr5.1_011171252|AltMatch_0001
chr5.1_011443142|AltMatch_0001
chr5.1_011443142|AltMatch_0002
chr5.1_011443142|RefMatch_0001
chr5.1_011443142|RefMatch_0002
chr5.1_011548939|RefMatch_0001
chr5.1_012233457|RefMatch_0001
chr5.1_012407410|AltMatch_0001
chr5.1_012536172|AltMatch_0001
chr5.1_012536172|RefMatch_0001
chr5.1_012706300|AltMatch_0001
chr5.1_012970127|RefMatch_0001
chr5.1_012970127|RefMatch_0002
chr5.1_014095733|AltMatch_0001
chr5.1_014443235|RefMatch_0001
chr5.1_014488720|AltMatch_0001
chr5.1_014671305|AltMatch_0001
chr5.1_014671305|AltMatch_0002
chr5.1_014671305|AltMatch_0003
chr5.1_014671305|RefMatch_0001
chr5.1_014817786|RefMatch_0001
chr5.1_014817786|RefMatch_0002
chr5.1_014817786|RefMatch_0003
chr5.1_014817786|RefMatch_0004
chr5.1_014817786|RefMatch_0005
chr5.1_014817786|RefMatch_0006
chr5.1_014937818|AltMatch_0001
chr5.1_014937818|AltMatch_0002
chr5.1_014937818|AltMatch_0003
chr5.1_014937818|AltMatch_0004
chr5.1_014937818|AltMatch_0005
chr5.1_014937818|AltMatch_0006
chr5.1_015163131|RefMatch_0001
chr5.1_015424123|RefMatch_0001
chr5.1_015934970|AltMatch_0001
chr5.1_015934970|AltMatch_0002
chr5.1_016153131|AltMatch_0001
chr5.1_016153131|AltMatch_0002
chr5.1_016153131|RefMatch_0001
chr5.1_016300866|RefMatch_0001
chr5.1_016709639|RefMatch_0001
chr5.1_016709639|RefMatch_0002
chr5.1_016876960|RefMatch_0001
chr5.1_017372099|AltMatch_0001
chr5.1_017372099|RefMatch_0001
chr5.1_017372099|RefMatch_0002
chr5.1_017527107|RefMatch_0001
chr5.1_018002870|AltMatch_0001
chr5.1_018002870|AltMatch_0002
chr5.1_018083565|AltMatch_0001
chr5.1_018555117|RefMatch_0001
chr5.1_018555117|RefMatch_0002
chr5.1_018758609|AltMatch_0001
chr5.1_018758609|RefMatch_0001
chr5.1_018758609|RefMatch_0002
chr5.1_018905726|RefMatch_0001
chr5.1_018905726|RefMatch_0002
chr5.1_019569517|AltMatch_0001
chr5.1_019815077|RefMatch_0001
chr5.1_019879457|RefMatch_0001
chr5.1_020147516|RefMatch_0001
chr5.1_020147516|RefMatch_0002
chr5.1_020147516|RefMatch_0003
chr5.1_020484096|RefMatch_0001
chr5.1_020562815|AltMatch_0001
chr5.1_020562815|RefMatch_0001
chr5.1_020774900|AltMatch_0001
chr5.1_020864749|AltMatch_0001
chr5.1_021174908|AltMatch_0001
chr5.1_021454848|RefMatch_0001
chr5.1_021454848|RefMatch_0002
chr5.1_021753078|AltMatch_0001
chr5.1_022021281|RefMatch_0001
chr5.1_022367498|AltMatch_0001
chr5.1_022367498|RefMatch_0001
chr5.1_022367498|RefMatch_0002
chr5.1_023092944|AltMatch_0001
chr5.1_023568386|RefMatch_0001
chr5.1_023760819|RefMatch_0001
chr5.1_024539807|RefMatch_0001
chr5.1_024539807|RefMatch_0002
chr5.1_024617374|RefMatch_0001
chr5.1_024848910|RefMatch_0001
chr5.1_024848910|RefMatch_0002
chr5.1_024848910|RefMatch_0003
chr5.1_024977736|AltMatch_0001
chr5.1_024977736|AltMatch_0002
chr5.1_025207062|AltMatch_0001
chr5.1_025557035|RefMatch_0001
chr5.1_025557035|RefMatch_0002
chr5.1_025718153|AltMatch_0001
chr5.1_025718153|AltMatch_0002
chr5.1_025718153|RefMatch_0001
chr5.1_025792166|AltMatch_0001
chr5.1_026004115|RefMatch_0001
chr5.1_026004115|RefMatch_0002
chr5.1_026004115|RefMatch_0003
chr5.1_026004115|RefMatch_0004
chr5.1_026004115|RefMatch_0005
chr5.1_026004115|RefMatch_0006
chr5.1_026400570|RefMatch_0001
chr5.1_026640198|RefMatch_0001
chr5.1_026640198|RefMatch_0002
chr5.1_026640198|RefMatch_0003
chr5.1_026818895|RefMatch_0001
chr5.1_026818895|RefMatch_0002
chr5.1_026818895|RefMatch_0003
chr5.1_026818895|RefMatch_0004
chr5.1_026988440|AltMatch_0001
chr5.1_026988440|RefMatch_0001
chr5.1_026988440|RefMatch_0002
chr5.1_027192263|AltMatch_0001
chr5.1_027192263|RefMatch_0001
chr5.1_027192263|RefMatch_0002
chr5.1_027258702|AltMatch_0001
chr5.1_027258702|AltMatch_0002
chr5.1_027409582|RefMatch_0001
chr5.1_027409582|RefMatch_0002
chr5.1_027409582|RefMatch_0003
chr5.1_027409582|RefMatch_0004
chr5.1_027409582|RefMatch_0005
chr5.1_027581922|RefMatch_0001
chr5.1_027581922|RefMatch_0002
chr5.1_028304227|RefMatch_0001
chr5.1_028304227|RefMatch_0002
chr5.1_028304227|RefMatch_0003
chr5.1_028304227|RefMatch_0004
chr5.1_028522729|RefMatch_0001
chr5.1_028582101|AltMatch_0001
chr5.1_028582101|AltMatch_0002
chr5.1_028582101|AltMatch_0003
chr5.1_028582101|AltMatch_0004
chr5.1_028582101|AltMatch_0005
chr5.1_028824668|RefMatch_0001
chr5.1_028824668|RefMatch_0002
chr5.1_029182607|AltMatch_0001
chr5.1_029182607|AltMatch_0002
chr5.1_029182607|AltMatch_0003
chr5.1_029182607|AltMatch_0004
chr5.1_029758128|AltMatch_0001
chr5.1_029758128|RefMatch_0001
chr5.1_029758128|RefMatch_0002
chr5.1_029758128|RefMatch_0003
chr5.1_029758128|RefMatch_0004
chr5.1_029902322|RefMatch_0001
chr5.1_030147444|AltMatch_0001
chr5.1_030147444|RefMatch_0001
chr5.1_030147444|RefMatch_0002
chr5.1_030147444|RefMatch_0003
chr5.1_030517371|RefMatch_0001
chr5.1_030517371|RefMatch_0002
chr5.1_030517371|RefMatch_0003
chr5.1_030517371|RefMatch_0004
chr5.1_030862231|RefMatch_0001
chr5.1_030862231|RefMatch_0002
chr5.1_031022093|AltMatch_0001
chr5.1_031022093|RefMatch_0001
chr5.1_031414744|RefMatch_0001
chr5.1_031801926|RefMatch_0001
chr5.1_031801926|RefMatch_0002
chr5.1_031984232|AltMatch_0001
chr5.1_031984232|RefMatch_0001
chr5.1_031984232|RefMatch_0002
chr5.1_032560792|AltMatch_0001
chr5.1_032560792|RefMatch_0001
chr5.1_032626174|RefMatch_0001
chr5.1_033094922|AltMatch_0001
chr5.1_033094922|RefMatch_0001
chr5.1_033094922|RefMatch_0002
chr5.1_033450457|RefMatch_0001
chr5.1_033716180|RefMatch_0001
chr5.1_034296077|RefMatch_0001
chr5.1_034527508|RefMatch_0001
chr5.1_034527508|RefMatch_0002
chr5.1_034731162|RefMatch_0001
chr5.1_034911821|RefMatch_0001
chr5.1_034911821|RefMatch_0002
chr5.1_034911821|RefMatch_0003
chr5.1_034911821|RefMatch_0004
chr5.1_034911821|RefMatch_0005
chr5.1_035055837|AltMatch_0001
chr5.1_035055837|RefMatch_0001
chr5.1_035263239|AltMatch_0001
chr5.1_035263239|RefMatch_0001
chr5.1_035263239|RefMatch_0002
chr5.1_035263239|RefMatch_0003
chr5.1_035263239|RefMatch_0004
chr5.1_035263239|RefMatch_0005
chr5.1_035263239|RefMatch_0006
chr5.1_035363410|AltMatch_0001
chr5.1_035363410|RefMatch_0001
chr5.1_035363410|RefMatch_0002
chr5.1_035363410|RefMatch_0003
chr5.1_035363410|RefMatch_0004
chr5.1_035543832|AltMatch_0001
chr5.1_037156112|AltMatch_0001
chr5.1_037156112|RefMatch_0001
chr5.1_037261214|AltMatch_0001
chr5.1_037261214|AltMatch_0002
chr5.1_037451885|RefMatch_0001
chr5.1_037675133|AltMatch_0001
chr5.1_037844680|RefMatch_0001
chr5.1_037976833|RefMatch_0001
chr5.1_037976833|RefMatch_0002
chr5.1_038029905|AltMatch_0001
chr5.1_038029905|RefMatch_0001
chr5.1_040083095|AltMatch_0001
chr5.1_040083095|RefMatch_0001
chr5.1_040083095|RefMatch_0002
chr5.1_040908635|AltMatch_0001
chr5.1_041016430|RefMatch_0001
chr5.1_041914479|AltMatch_0001
chr5.1_041914479|RefMatch_0001
chr5.1_041914479|RefMatch_0002
chr5.1_041914479|RefMatch_0003
chr5.1_042078298|AltMatch_0001
chr5.1_042078298|RefMatch_0001
chr5.1_042425321|RefMatch_0001
chr5.1_042425321|RefMatch_0002
chr5.1_042706921|RefMatch_0001
chr5.1_042706921|RefMatch_0002
chr5.1_042706921|RefMatch_0003
chr5.1_042706921|RefMatch_0004
chr5.1_042706921|RefMatch_0005
chr5.1_042706921|RefMatch_0006
chr5.1_042876373|RefMatch_0001
chr5.1_043043658|AltMatch_0001
chr5.1_043043658|RefMatch_0001
chr5.1_043043658|RefMatch_0002
chr5.1_043043658|RefMatch_0003
chr5.1_043043658|RefMatch_0004
chr5.1_043331659|AltMatch_0001
chr5.1_043975177|RefMatch_0001
chr5.1_044186903|AltMatch_0001
chr5.1_044410864|RefMatch_0001
chr5.1_045404583|RefMatch_0001
chr5.1_045687101|RefMatch_0001
chr5.1_045687101|RefMatch_0002
chr5.1_046630011|RefMatch_0001
chr5.1_046630011|RefMatch_0002
chr5.1_046887908|RefMatch_0001
chr5.1_047512348|AltMatch_0001
chr5.1_047512348|RefMatch_0001
chr5.1_047512348|RefMatch_0002
chr5.1_047512348|RefMatch_0003
chr5.1_047512348|RefMatch_0004
chr5.1_047512348|RefMatch_0005
chr5.1_047512348|RefMatch_0006
chr5.1_047512348|RefMatch_0007
chr5.1_047512348|RefMatch_0008
chr5.1_048060620|RefMatch_0001
chr5.1_048060620|RefMatch_0002
chr5.1_048502404|RefMatch_0001
chr5.1_048741466|AltMatch_0001
chr5.1_048741466|AltMatch_0002
chr5.1_048741466|AltMatch_0003
chr5.1_048741466|RefMatch_0001
chr5.1_048741466|RefMatch_0002
chr5.1_049185463|RefMatch_0001
chr5.1_049631081|AltMatch_0001
chr5.1_049753766|RefMatch_0001
chr5.1_049753766|RefMatch_0002
chr5.1_049753766|RefMatch_0003
chr5.1_050206035|AltMatch_0001
chr5.1_050399769|AltMatch_0001
chr5.1_050399769|RefMatch_0001
chr5.1_050462325|AltMatch_0001
chr5.1_050462325|AltMatch_0002
chr5.1_050462325|RefMatch_0001
chr5.1_050462325|RefMatch_0002
chr5.1_050462325|RefMatch_0003
chr5.1_051075912|AltMatch_0001
chr5.1_051301511|AltMatch_0001
chr5.1_051301511|RefMatch_0001
chr5.1_051301511|RefMatch_0002
chr5.1_051301511|RefMatch_0003
chr5.1_051301511|RefMatch_0004
chr5.1_051301511|RefMatch_0005
chr5.1_051344986|AltMatch_0001
chr5.1_051344986|AltMatch_0002
chr5.1_051344986|AltMatch_0003
chr5.1_051344986|RefMatch_0001
chr5.1_051344986|RefMatch_0002
chr5.1_051344986|RefMatch_0003
chr5.1_051344986|RefMatch_0004
chr5.1_051344986|RefMatch_0005
chr5.1_051657630|AltMatch_0001
chr5.1_051657630|RefMatch_0001
chr5.1_051860266|RefMatch_0001
chr5.1_051860266|RefMatch_0002
chr5.1_051860266|RefMatch_0003
chr5.1_051860266|RefMatch_0004
chr5.1_051860266|RefMatch_0005
chr5.1_051860266|RefMatch_0006
chr5.1_051860266|RefMatch_0007
chr5.1_051860266|RefMatch_0008
chr5.1_051860266|RefMatch_0009
chr5.1_051860266|RefMatch_0010
chr5.1_051860266|RefMatch_0011
chr5.1_052214016|RefMatch_0001
chr5.1_052485063|RefMatch_0001
chr5.1_052485063|RefMatch_0002
chr5.1_052485063|RefMatch_0003
chr5.1_052485063|RefMatch_0004
chr5.1_052485063|RefMatch_0005
chr5.1_052485063|RefMatch_0006
chr5.1_052871908|AltMatch_0001
chr5.1_053005732|AltMatch_0001
chr5.1_053005732|AltMatch_0002
chr5.1_053005732|AltMatch_0003
chr5.1_053005732|RefMatch_0001
chr5.1_053272458|AltMatch_0001
chr5.1_053272458|AltMatch_0002
chr5.1_053272458|AltMatch_0003
chr5.1_053435133|AltMatch_0001
chr5.1_053435133|RefMatch_0001
chr5.1_053688677|AltMatch_0001
chr5.1_053688677|AltMatch_0002
chr5.1_053688677|AltMatch_0003
chr5.1_053849545|AltMatch_0001
chr5.1_053849545|AltMatch_0002
chr5.1_053849545|AltMatch_0003
chr5.1_053849545|AltMatch_0004
chr5.1_054260157|RefMatch_0001
chr5.1_054260157|RefMatch_0002
chr5.1_054260157|RefMatch_0003
chr5.1_054780310|AltMatch_0001
chr5.1_054917351|RefMatch_0001
chr5.1_055163756|RefMatch_0001
chr5.1_055163756|RefMatch_0002
chr5.1_055163756|RefMatch_0003
chr5.1_055163756|RefMatch_0004
chr5.1_055163756|RefMatch_0005
chr5.1_055163756|RefMatch_0006
chr5.1_055241457|RefMatch_0001
chr5.1_055241457|RefMatch_0002
chr5.1_055241457|RefMatch_0003
chr5.1_055241457|RefMatch_0004
chr5.1_055381520|RefMatch_0001
chr5.1_055629802|AltMatch_0001
chr5.1_055629802|RefMatch_0001
chr5.1_055812454|AltMatch_0001
chr5.1_055812454|RefMatch_0001
chr5.1_056260762|RefMatch_0001
chr5.1_056260762|RefMatch_0002
chr5.1_056413219|AltMatch_0001
chr5.1_056413219|RefMatch_0001
chr5.1_056413219|RefMatch_0002
chr5.1_056413219|RefMatch_0003
chr5.1_056449256|RefMatch_0001
chr5.1_056449256|RefMatch_0002
chr5.1_056644715|AltMatch_0001
chr5.1_056644715|RefMatch_0001
chr5.1_056644715|RefMatch_0002
chr5.1_057292416|RefMatch_0001
chr5.1_057386346|RefMatch_0001
chr5.1_057672064|RefMatch_0001
chr5.1_057672064|RefMatch_0002
chr5.1_057860456|AltMatch_0001
chr5.1_057860456|RefMatch_0001
chr5.1_057860456|RefMatch_0002
chr5.1_058229780|AltMatch_0001
chr5.1_058229780|AltMatch_0002
chr5.1_058229780|RefMatch_0001
chr5.1_058229780|RefMatch_0002
chr5.1_058229780|RefMatch_0003
chr5.1_058229780|RefMatch_0004
chr5.1_058229780|RefMatch_0005
chr5.1_058560998|AltMatch_0001
chr5.1_058560998|AltMatch_0002
chr5.1_058560998|RefMatch_0001
chr5.1_058943715|RefMatch_0001
chr5.1_059229488|RefMatch_0001
chr5.1_059229488|RefMatch_0002
chr5.1_059229488|RefMatch_0003
chr5.1_059229488|RefMatch_0004
chr5.1_059229488|RefMatch_0005
chr5.1_059229488|RefMatch_0006
chr5.1_059303635|AltMatch_0001
chr5.1_059303635|RefMatch_0001
chr5.1_059469802|RefMatch_0001
chr5.1_059469802|RefMatch_0003
chr5.1_059627449|AltMatch_0001
chr5.1_059627449|AltMatch_0002
chr5.1_059627449|AltMatch_0003
chr5.1_059627449|RefMatch_0001
chr5.1_059627449|RefMatch_0002
chr5.1_059627449|RefMatch_0003
chr5.1_059627449|RefMatch_0004
chr5.1_059828989|RefMatch_0001
chr5.1_060024499|AltMatch_0001
chr5.1_060024499|RefMatch_0001
chr5.1_060502787|AltMatch_0001
chr5.1_060502787|AltMatch_0002
chr5.1_060502787|RefMatch_0001
chr5.1_060502787|RefMatch_0002
chr5.1_060502787|RefMatch_0003
chr5.1_060690277|AltMatch_0001
chr5.1_060690277|RefMatch_0001
chr5.1_060690277|RefMatch_0002
chr5.1_060690277|RefMatch_0003
chr5.1_060690277|RefMatch_0004
chr5.1_060690277|RefMatch_0005
chr5.1_061166879|RefMatch_0001
chr5.1_061837772|RefMatch_0001
chr5.1_062131858|RefMatch_0001
chr5.1_062131858|RefMatch_0002
chr5.1_062350905|AltMatch_0001
chr5.1_062350905|RefMatch_0001
chr5.1_062350905|RefMatch_0002
chr5.1_063130360|RefMatch_0001
chr5.1_063172350|RefMatch_0001
chr5.1_063595500|AltMatch_0001
chr5.1_063595500|RefMatch_0001
chr5.1_063930905|AltMatch_0001
chr5.1_063930905|RefMatch_0001
chr5.1_063930905|RefMatch_0002
chr5.1_063930905|RefMatch_0003
chr5.1_063930905|RefMatch_0004
chr5.1_063930905|RefMatch_0005
chr5.1_063930905|RefMatch_0006
chr5.1_063930905|RefMatch_0007
chr5.1_064402236|AltMatch_0001
chr5.1_064402236|AltMatch_0002
chr5.1_064402236|RefMatch_0001
chr5.1_064764786|RefMatch_0001
chr5.1_065018296|RefMatch_0001
chr5.1_065018296|RefMatch_0002
chr5.1_065422746|RefMatch_0001
chr5.1_065422746|RefMatch_0002
chr5.1_065688457|AltMatch_0001
chr5.1_065688457|RefMatch_0001
chr5.1_065688457|RefMatch_0002
chr5.1_065945259|AltMatch_0001
chr5.1_065945259|AltMatch_0002
chr5.1_066146178|AltMatch_0001
chr5.1_066146178|RefMatch_0001
chr5.1_066408114|AltMatch_0001
chr5.1_066408114|AltMatch_0002
chr5.1_066408114|AltMatch_0003
chr5.1_066408114|AltMatch_0004
chr5.1_066408114|RefMatch_0001
chr5.1_066642668|AltMatch_0001
chr5.1_066642668|AltMatch_0002
chr5.1_066642668|AltMatch_0003
chr5.1_066642668|RefMatch_0001
chr5.1_066729846|RefMatch_0001
chr5.1_066729846|RefMatch_0002
chr5.1_066729846|RefMatch_0003
chr5.1_066904013|RefMatch_0001
chr5.1_067096913|RefMatch_0001
chr5.1_067096913|RefMatch_0002
chr5.1_067096913|RefMatch_0003
chr5.1_067206892|AltMatch_0001
chr5.1_067206892|RefMatch_0001
chr5.1_067388109|RefMatch_0001
chr5.1_067388109|RefMatch_0002
chr5.1_067621908|RefMatch_0001
chr5.1_067621908|RefMatch_0002
chr5.1_067621908|RefMatch_0003
chr5.1_067759436|RefMatch_0001
chr5.1_068224434|AltMatch_0001
chr5.1_068224434|AltMatch_0002
chr5.1_068224434|AltMatch_0003
chr5.1_068224434|AltMatch_0004
chr5.1_068224434|AltMatch_0005
chr5.1_068224434|AltMatch_0006
chr5.1_068224434|RefMatch_0001
chr5.1_068224434|RefMatch_0002
chr5.1_068224434|RefMatch_0003
chr5.1_068224434|RefMatch_0004
chr5.1_068224434|RefMatch_0005
chr5.1_068224434|RefMatch_0006
chr5.1_068510485|AltMatch_0001
chr5.1_068510485|AltMatch_0002
chr5.1_068510485|AltMatch_0003
chr5.1_068510485|RefMatch_0001
chr5.1_068510485|RefMatch_0002
chr5.1_068892282|AltMatch_0001
chr5.1_068892282|AltMatch_0002
chr5.1_069219886|RefMatch_0001
chr5.1_069219886|RefMatch_0002
chr5.1_069219886|RefMatch_0003
chr5.1_069252482|AltMatch_0001
chr5.1_069252482|RefMatch_0001
chr5.1_069631707|AltMatch_0001
chr5.1_069631707|AltMatch_0002
chr5.1_069844458|AltMatch_0001
chr5.1_069844458|RefMatch_0001
chr5.1_069900843|AltMatch_0001
chr5.1_069900843|RefMatch_0001
chr5.1_069900843|RefMatch_0002
chr5.1_070255652|AltMatch_0001
chr5.1_070480918|AltMatch_0001
chr5.1_070548813|AltMatch_0001
chr5.1_070548813|RefMatch_0001
chr5.1_070548813|RefMatch_0002
chr5.1_070548813|RefMatch_0003
chr5.1_070548813|RefMatch_0004
chr5.1_070548813|RefMatch_0005
chr5.1_070548813|RefMatch_0006
chr5.1_070548813|RefMatch_0007
chr5.1_070596113|AltMatch_0001
chr5.1_070596113|RefMatch_0001
chr5.1_070800283|AltMatch_0001
chr5.1_071164915|RefMatch_0001
chr5.1_071434923|RefMatch_0001
chr5.1_071434923|RefMatch_0002
chr5.1_071992976|AltMatch_0001
chr5.1_072456519|RefMatch_0001
chr5.1_072456519|RefMatch_0002
chr5.1_072456519|RefMatch_0003
chr5.1_072511331|AltMatch_0001
chr5.1_072511331|RefMatch_0001
chr5.1_072511331|RefMatch_0002
chr5.1_072787051|AltMatch_0001
chr5.1_072787051|AltMatch_0002
chr5.1_072787051|AltMatch_0003
chr5.1_073117851|RefMatch_0001
chr5.1_073503594|RefMatch_0001
chr5.1_073503594|RefMatch_0002
chr5.1_073674771|RefMatch_0001
chr5.1_073938512|AltMatch_0001
chr5.1_073938512|AltMatch_0002
chr5.1_073938512|AltMatch_0003
chr5.1_073938512|RefMatch_0001
chr5.1_073938512|RefMatch_0002
chr5.1_073938512|RefMatch_0003
chr5.1_074145342|AltMatch_0001
chr5.1_074713717|AltMatch_0001
chr5.1_074713717|RefMatch_0001
chr5.1_075214588|RefMatch_0001
chr5.1_075647268|AltMatch_0001
chr5.1_076273135|RefMatch_0001
chr5.1_076273135|RefMatch_0002
chr5.1_076469102|AltMatch_0001
chr5.1_076656216|AltMatch_0001
chr5.1_076656216|RefMatch_0001
chr5.1_076656216|RefMatch_0002
chr5.1_076656216|RefMatch_0003
chr5.1_076820778|RefMatch_0001
chr5.1_076820778|RefMatch_0002
chr5.1_077283914|RefMatch_0001
chr5.1_077552236|AltMatch_0001
chr5.1_077552236|RefMatch_0001
chr5.1_077751123|AltMatch_0001
chr5.1_078032497|AltMatch_0001
chr5.1_078032497|RefMatch_0001
chr5.1_078032497|RefMatch_0002
chr5.1_078296976|RefMatch_0001
chr5.1_078296976|RefMatch_0002
chr5.1_078296976|RefMatch_0003
chr5.1_078296976|RefMatch_0004
chr5.1_078495340|AltMatch_0001
chr5.1_078495340|RefMatch_0001
chr5.1_078495340|RefMatch_0002
chr5.1_078495340|RefMatch_0003
chr5.1_078495340|RefMatch_0004
chr5.1_078495340|RefMatch_0005
chr5.1_078734394|RefMatch_0001
chr5.1_078833834|AltMatch_0001
chr5.1_079242263|RefMatch_0001
chr5.1_080343314|RefMatch_0001
chr5.1_080343314|RefMatch_0002
chr5.1_080343314|RefMatch_0003
chr5.1_080343314|RefMatch_0004
chr5.1_080343314|RefMatch_0005
chr5.1_080343314|RefMatch_0006
chr6.1_000154781|AltMatch_0001
chr6.1_000154781|AltMatch_0002
chr6.1_000154781|RefMatch_0001
chr6.1_000154781|RefMatch_0002
chr6.1_000499041|RefMatch_0001
chr6.1_000791971|AltMatch_0001
chr6.1_000791971|RefMatch_0001
chr6.1_000791971|RefMatch_0002
chr6.1_000791971|RefMatch_0003
chr6.1_000945304|RefMatch_0001
chr6.1_000945304|RefMatch_0002
chr6.1_000945304|RefMatch_0003
chr6.1_000945304|RefMatch_0004
chr6.1_001415377|AltMatch_0001
chr6.1_001698161|AltMatch_0001
chr6.1_001698161|RefMatch_0001
chr6.1_001887896|RefMatch_0001
chr6.1_002091737|AltMatch_0001
chr6.1_002091737|AltMatch_0002
chr6.1_002091737|RefMatch_0001
chr6.1_002380285|RefMatch_0001
chr6.1_002746443|AltMatch_0001
chr6.1_002746443|RefMatch_0001
chr6.1_002746443|RefMatch_0002
chr6.1_003594302|AltMatch_0001
chr6.1_003594302|RefMatch_0001
chr6.1_003594302|RefMatch_0002
chr6.1_003696242|AltMatch_0001
chr6.1_003696242|AltMatch_0002
chr6.1_003696242|RefMatch_0001
chr6.1_004037226|AltMatch_0001
chr6.1_004037226|AltMatch_0002
chr6.1_004037226|AltMatch_0003
chr6.1_004037226|AltMatch_0004
chr6.1_004037226|AltMatch_0005
chr6.1_004037226|AltMatch_0006
chr6.1_004178682|AltMatch_0001
chr6.1_004178682|RefMatch_0001
chr6.1_004178682|RefMatch_0002
chr6.1_004381122|AltMatch_0001
chr6.1_004381122|AltMatch_0002
chr6.1_004463141|AltMatch_0001
chr6.1_004463141|RefMatch_0001
chr6.1_004463141|RefMatch_0002
chr6.1_004886065|RefMatch_0001
chr6.1_005216583|AltMatch_0001
chr6.1_005216583|RefMatch_0001
chr6.1_005216583|RefMatch_0002
chr6.1_005216583|RefMatch_0003
chr6.1_005369353|AltMatch_0001
chr6.1_005369353|RefMatch_0001
chr6.1_005586082|RefMatch_0001
chr6.1_006400134|RefMatch_0001
chr6.1_006652566|AltMatch_0001
chr6.1_006652566|AltMatch_0002
chr6.1_006652566|AltMatch_0003
chr6.1_007166654|AltMatch_0001
chr6.1_007166654|RefMatch_0001
chr6.1_007166654|RefMatch_0002
chr6.1_007166654|RefMatch_0003
chr6.1_007166654|RefMatch_0004
chr6.1_007166654|RefMatch_0005
chr6.1_008980089|AltMatch_0001
chr6.1_008980089|AltMatch_0002
chr6.1_008980089|AltMatch_0003
chr6.1_008980089|AltMatch_0004
chr6.1_009284390|AltMatch_0001
chr6.1_009284390|AltMatch_0002
chr6.1_009495160|AltMatch_0001
chr6.1_009556727|RefMatch_0001
chr6.1_009755841|AltMatch_0001
chr6.1_010183374|RefMatch_0001
chr6.1_010374715|AltMatch_0001
chr6.1_010649888|RefMatch_0001
chr6.1_010649888|RefMatch_0002
chr6.1_010649888|RefMatch_0003
chr6.1_010649888|RefMatch_0004
chr6.1_010835231|AltMatch_0001
chr6.1_010835231|RefMatch_0001
chr6.1_010896273|RefMatch_0001
chr6.1_011243981|RefMatch_0001
chr6.1_011243981|RefMatch_0002
chr6.1_011243981|RefMatch_0003
chr6.1_011243981|RefMatch_0004
chr6.1_011528532|RefMatch_0001
chr6.1_011528532|RefMatch_0002
chr6.1_012354147|RefMatch_0001
chr6.1_012354147|RefMatch_0002
chr6.1_012620723|RefMatch_0001
chr6.1_012799840|AltMatch_0001
chr6.1_012945227|RefMatch_0001
chr6.1_012945227|RefMatch_0002
chr6.1_012945227|RefMatch_0003
chr6.1_012945227|RefMatch_0004
chr6.1_013310078|AltMatch_0001
chr6.1_013310078|AltMatch_0002
chr6.1_013310078|RefMatch_0001
chr6.1_013310078|RefMatch_0002
chr6.1_013310078|RefMatch_0003
chr6.1_013594745|RefMatch_0001
chr6.1_013594745|RefMatch_0002
chr6.1_013594745|RefMatch_0003
chr6.1_013697405|RefMatch_0001
chr6.1_013697405|RefMatch_0002
chr6.1_013729773|AltMatch_0001
chr6.1_013729773|RefMatch_0001
chr6.1_013982516|AltMatch_0001
chr6.1_013982516|RefMatch_0001
chr6.1_013982516|RefMatch_0002
chr6.1_013982516|RefMatch_0003
chr6.1_014426774|RefMatch_0001
chr6.1_014426774|RefMatch_0002
chr6.1_014426774|RefMatch_0003
chr6.1_014426774|RefMatch_0004
chr6.1_014426774|RefMatch_0005
chr6.1_015022048|AltMatch_0001
chr6.1_015022048|RefMatch_0001
chr6.1_015716053|AltMatch_0001
chr6.1_015716053|RefMatch_0001
chr6.1_016478424|RefMatch_0001
chr6.1_016478424|RefMatch_0002
chr6.1_016478424|RefMatch_0003
chr6.1_016566728|AltMatch_0001
chr6.1_016566728|RefMatch_0001
chr6.1_017140629|RefMatch_0001
chr6.1_017140629|RefMatch_0002
chr6.1_017140629|RefMatch_0003
chr6.1_017140629|RefMatch_0004
chr6.1_017140629|RefMatch_0005
chr6.1_017140629|RefMatch_0006
chr6.1_017140629|RefMatch_0007
chr6.1_017140629|RefMatch_0008
chr6.1_017294683|AltMatch_0001
chr6.1_017294683|RefMatch_0001
chr6.1_018248385|RefMatch_0001
chr6.1_019995644|RefMatch_0001
chr6.1_020904400|RefMatch_0001
chr6.1_020904400|RefMatch_0002
chr6.1_020904400|RefMatch_0003
chr6.1_020904400|RefMatch_0004
chr6.1_021189627|RefMatch_0001
chr6.1_021289253|RefMatch_0001
chr6.1_021289253|RefMatch_0002
chr6.1_021289253|RefMatch_0003
chr6.1_021289253|RefMatch_0004
chr6.1_021526343|RefMatch_0001
chr6.1_021894287|RefMatch_0001
chr6.1_021894287|RefMatch_0002
chr6.1_021894287|RefMatch_0003
chr6.1_022386279|RefMatch_0001
chr6.1_023451372|RefMatch_0001
chr6.1_024250408|RefMatch_0001
chr6.1_024250408|RefMatch_0002
chr6.1_024250408|RefMatch_0003
chr6.1_024250408|RefMatch_0004
chr6.1_024250408|RefMatch_0005
chr6.1_024313782|RefMatch_0001
chr6.1_024706304|AltMatch_0001
chr6.1_024706304|AltMatch_0002
chr6.1_024706304|RefMatch_0001
chr6.1_024706304|RefMatch_0002
chr6.1_024706304|RefMatch_0003
chr6.1_024706304|RefMatch_0004
chr6.1_024706304|RefMatch_0005
chr6.1_024706304|RefMatch_0006
chr6.1_024706304|RefMatch_0007
chr6.1_024706304|RefMatch_0008
chr6.1_024706304|RefMatch_0009
chr6.1_024706304|RefMatch_0010
chr6.1_024706304|RefMatch_0011
chr6.1_024706304|RefMatch_0012
chr6.1_024706304|RefMatch_0013
chr6.1_024706304|RefMatch_0014
chr6.1_024706304|RefMatch_0015
chr6.1_024896251|RefMatch_0001
chr6.1_025534619|AltMatch_0001
chr6.1_025534619|AltMatch_0002
chr6.1_025534619|AltMatch_0003
chr6.1_025534619|AltMatch_0004
chr6.1_025534619|AltMatch_0005
chr6.1_025534619|AltMatch_0006
chr6.1_025687233|AltMatch_0001
chr6.1_025687233|RefMatch_0001
chr6.1_025687233|RefMatch_0002
chr6.1_025863000|AltMatch_0001
chr6.1_025863000|AltMatch_0002
chr6.1_025863000|RefMatch_0001
chr6.1_025863000|RefMatch_0002
chr6.1_025863000|RefMatch_0003
chr6.1_027111942|AltMatch_0001
chr6.1_027111942|RefMatch_0001
chr6.1_027866824|AltMatch_0001
chr6.1_027866824|RefMatch_0001
chr6.1_028604209|RefMatch_0001
chr6.1_028604209|RefMatch_0002
chr6.1_030140972|RefMatch_0001
chr6.1_030140972|RefMatch_0002
chr6.1_030357068|AltMatch_0001
chr6.1_030357068|RefMatch_0001
chr6.1_030579415|RefMatch_0001
chr6.1_030804913|RefMatch_0001
chr6.1_030804913|RefMatch_0002
chr6.1_031304897|AltMatch_0001
chr6.1_031304897|RefMatch_0001
chr6.1_031803356|RefMatch_0001
chr6.1_031803356|RefMatch_0002
chr6.1_031803356|RefMatch_0003
chr6.1_031803356|RefMatch_0004
chr6.1_033523970|AltMatch_0001
chr6.1_033523970|RefMatch_0001
chr6.1_033615740|RefMatch_0001
chr6.1_033615740|RefMatch_0002
chr6.1_033728347|AltMatch_0001
chr6.1_033728347|RefMatch_0001
chr6.1_034513265|RefMatch_0001
chr6.1_034513265|RefMatch_0002
chr6.1_034756647|AltMatch_0001
chr6.1_034756647|AltMatch_0002
chr6.1_034756647|AltMatch_0003
chr6.1_034756647|RefMatch_0001
chr6.1_036253851|RefMatch_0001
chr6.1_036697523|AltMatch_0001
chr6.1_036697523|RefMatch_0001
chr6.1_036697523|RefMatch_0002
chr6.1_038512908|RefMatch_0001
chr6.1_039322084|RefMatch_0001
chr6.1_039322084|RefMatch_0002
chr6.1_039322084|RefMatch_0003
chr6.1_042851438|RefMatch_0001
chr6.1_043311212|AltMatch_0001
chr6.1_043311212|RefMatch_0001
chr6.1_043311212|RefMatch_0002
chr6.1_043311212|RefMatch_0003
chr6.1_043311212|RefMatch_0004
chr6.1_043311212|RefMatch_0005
chr6.1_043311212|RefMatch_0006
chr6.1_043311212|RefMatch_0007
chr6.1_043311212|RefMatch_0008
chr6.1_043713480|RefMatch_0001
chr6.1_047822574|RefMatch_0001
chr6.1_047822574|RefMatch_0002
chr6.1_048027907|RefMatch_0001
chr6.1_048700476|AltMatch_0001
chr6.1_049045313|AltMatch_0001
chr6.1_049865886|RefMatch_0001
chr6.1_049865886|RefMatch_0002
chr6.1_049865886|RefMatch_0003
chr6.1_049865886|RefMatch_0004
chr6.1_049865886|RefMatch_0005
chr6.1_049865886|RefMatch_0006
chr6.1_049865886|RefMatch_0007
chr6.1_049865886|RefMatch_0008
chr6.1_049865886|RefMatch_0009
chr6.1_049865886|RefMatch_0010
chr6.1_049865886|RefMatch_0011
chr6.1_049865886|RefMatch_0012
chr6.1_049865886|RefMatch_0013
chr6.1_049865886|RefMatch_0014
chr6.1_049865886|RefMatch_0015
chr6.1_049865886|RefMatch_0016
chr6.1_049865886|RefMatch_0017
chr6.1_049865886|RefMatch_0018
chr6.1_049865886|RefMatch_0019
chr6.1_050062706|RefMatch_0001
chr6.1_050062706|RefMatch_0002
chr6.1_050536032|RefMatch_0001
chr6.1_050536032|RefMatch_0002
chr6.1_050598088|AltMatch_0001
chr6.1_050598088|AltMatch_0002
chr6.1_050598088|RefMatch_0001
chr6.1_050894072|RefMatch_0001
chr6.1_050894072|RefMatch_0002
chr6.1_051359309|AltMatch_0001
chr6.1_051359309|RefMatch_0001
chr6.1_051359309|RefMatch_0002
chr6.1_051359309|RefMatch_0003
chr6.1_051359309|RefMatch_0004
chr6.1_051359309|RefMatch_0005
chr6.1_051359309|RefMatch_0006
chr6.1_052266116|RefMatch_0001
chr6.1_052266116|RefMatch_0002
chr6.1_052827999|AltMatch_0001
chr6.1_052827999|RefMatch_0001
chr6.1_053006010|AltMatch_0001
chr6.1_053006010|RefMatch_0001
chr6.1_053461474|AltMatch_0001
chr6.1_053461474|AltMatch_0002
chr6.1_053461474|RefMatch_0001
chr6.1_053461474|RefMatch_0002
chr6.1_053461474|RefMatch_0003
chr6.1_054168303|RefMatch_0001
chr6.1_054168303|RefMatch_0002
chr6.1_054168303|RefMatch_0003
chr6.1_054168303|RefMatch_0004
chr6.1_054168303|RefMatch_0005
chr6.1_054456218|AltMatch_0001
chr6.1_054456218|AltMatch_0002
chr6.1_054456218|AltMatch_0003
chr6.1_054456218|RefMatch_0001
chr6.1_054456218|RefMatch_0002
chr6.1_054456218|RefMatch_0003
chr6.1_054456218|RefMatch_0004
chr6.1_055088564|RefMatch_0001
chr6.1_055088564|RefMatch_0002
chr6.1_055144952|AltMatch_0001
chr6.1_055144952|RefMatch_0001
chr6.1_055381041|AltMatch_0001
chr6.1_055381041|AltMatch_0002
chr6.1_055381041|RefMatch_0001
chr6.1_055702136|AltMatch_0001
chr6.1_055702136|RefMatch_0001
chr6.1_055702136|RefMatch_0002
chr6.1_055702136|RefMatch_0003
chr6.1_055923540|RefMatch_0001
chr6.1_055923540|RefMatch_0002
chr6.1_055923540|RefMatch_0003
chr6.1_056760518|RefMatch_0001
chr6.1_056760518|RefMatch_0002
chr6.1_057548882|AltMatch_0001
chr6.1_057548882|RefMatch_0001
chr6.1_058287591|AltMatch_0001
chr6.1_058287591|AltMatch_0002
chr6.1_058287591|AltMatch_0003
chr6.1_059131007|RefMatch_0001
chr6.1_059131007|RefMatch_0002
chr6.1_059554851|RefMatch_0001
chr6.1_059554851|RefMatch_0002
chr6.1_060394751|RefMatch_0001
chr6.1_060394751|RefMatch_0002
chr6.1_062337651|RefMatch_0001
chr6.1_062617671|RefMatch_0001
chr6.1_062617671|RefMatch_0002
chr6.1_062617671|RefMatch_0003
chr6.1_062617671|RefMatch_0004
chr6.1_063214795|RefMatch_0001
chr6.1_063214795|RefMatch_0002
chr6.1_063320971|RefMatch_0001
chr6.1_063320971|RefMatch_0002
chr6.1_064448712|RefMatch_0001
chr6.1_065124873|AltMatch_0001
chr6.1_065124873|RefMatch_0001
chr6.1_065124873|RefMatch_0002
chr6.1_065124873|RefMatch_0003
chr6.1_065124873|RefMatch_0004
chr6.1_065124873|RefMatch_0005
chr6.1_065124873|RefMatch_0006
chr6.1_065450573|AltMatch_0001
chr6.1_065685012|AltMatch_0001
chr6.1_065685012|RefMatch_0001
chr6.1_066915751|AltMatch_0001
chr6.1_066915751|RefMatch_0001
chr6.1_066915751|RefMatch_0002
chr6.1_066997592|AltMatch_0001
chr6.1_066997592|AltMatch_0002
chr6.1_066997592|AltMatch_0003
chr6.1_066997592|RefMatch_0001
chr6.1_066997592|RefMatch_0002
chr6.1_066997592|RefMatch_0003
chr6.1_067578375|RefMatch_0001
chr6.1_067578375|RefMatch_0002
chr6.1_067680518|RefMatch_0001
chr6.1_067680518|RefMatch_0002
chr6.1_067956726|RefMatch_0001
chr6.1_068705068|RefMatch_0001
chr6.1_068705068|RefMatch_0002
chr6.1_069183694|AltMatch_0001
chr6.1_069183694|AltMatch_0002
chr6.1_069183694|AltMatch_0003
chr6.1_069441721|RefMatch_0001
chr6.1_071276073|AltMatch_0001
chr6.1_071276073|AltMatch_0002
chr6.1_071276073|RefMatch_0001
chr6.1_071434924|AltMatch_0001
chr6.1_071434924|AltMatch_0002
chr6.1_071635271|AltMatch_0001
chr6.1_071635271|RefMatch_0001
chr6.1_071858428|AltMatch_0001
chr6.1_071858428|RefMatch_0001
chr6.1_071858428|RefMatch_0002
chr6.1_071935214|RefMatch_0001
chr6.1_071935214|RefMatch_0002
chr6.1_071935214|RefMatch_0003
chr6.1_072112174|RefMatch_0001
chr6.1_072346272|RefMatch_0001
chr6.1_072346272|RefMatch_0002
chr6.1_072658707|AltMatch_0001
chr6.1_072658707|AltMatch_0002
chr6.1_072658707|AltMatch_0003
chr6.1_072658707|RefMatch_0001
chr6.1_072658707|RefMatch_0002
chr6.1_072781401|RefMatch_0001
chr6.1_073913902|AltMatch_0001
chr6.1_073913902|RefMatch_0001
chr6.1_073913902|RefMatch_0002
chr6.1_073913902|RefMatch_0003
chr6.1_073984871|RefMatch_0001
chr6.1_073984871|RefMatch_0002
chr6.1_073984871|RefMatch_0003
chr6.1_073984871|RefMatch_0004
chr6.1_073984871|RefMatch_0005
chr6.1_073984871|RefMatch_0006
chr6.1_073984871|RefMatch_0007
chr6.1_074292853|RefMatch_0001
chr6.1_074292853|RefMatch_0002
chr6.1_074292853|RefMatch_0003
chr6.1_074613971|RefMatch_0001
chr6.1_074613971|RefMatch_0002
chr6.1_075556698|RefMatch_0001
chr6.1_075556698|RefMatch_0002
chr6.1_075777170|RefMatch_0001
chr6.1_075777170|RefMatch_0002
chr6.1_076084166|RefMatch_0001
chr6.1_076232452|AltMatch_0001
chr6.1_076232452|RefMatch_0001
chr6.1_076648241|AltMatch_0001
chr6.1_076648241|RefMatch_0001
chr6.1_076648241|RefMatch_0002
chr6.1_076648241|RefMatch_0003
chr6.1_076850973|RefMatch_0001
chr6.1_076850973|RefMatch_0002
chr6.1_076850973|RefMatch_0003
chr6.1_076896319|RefMatch_0001
chr6.1_077824301|RefMatch_0001
chr6.1_077824301|RefMatch_0002
chr6.1_078103633|AltMatch_0001
chr6.1_078298786|RefMatch_0001
chr6.1_078298786|RefMatch_0002
chr6.1_078535456|AltMatch_0001
chr6.1_078755957|AltMatch_0001
chr6.1_079127138|AltMatch_0001
chr6.1_079127138|RefMatch_0001
chr6.1_079199038|RefMatch_0001
chr6.1_079588662|RefMatch_0001
chr6.1_080096025|RefMatch_0001
chr6.1_080096025|RefMatch_0002
chr7.1_000174886|AltMatch_0001
chr7.1_000174886|RefMatch_0001
chr7.1_000352052|AltMatch_0001
chr7.1_000632834|RefMatch_0001
chr7.1_000683234|AltMatch_0001
chr7.1_000683234|RefMatch_0001
chr7.1_000683234|RefMatch_0002
chr7.1_000824387|RefMatch_0001
chr7.1_001198751|AltMatch_0001
chr7.1_001198751|RefMatch_0001
chr7.1_001198751|RefMatch_0002
chr7.1_001556123|AltMatch_0001
chr7.1_001840205|RefMatch_0001
chr7.1_002122072|RefMatch_0001
chr7.1_002257846|RefMatch_0001
chr7.1_002257846|RefMatch_0002
chr7.1_002410592|AltMatch_0001
chr7.1_002410592|AltMatch_0002
chr7.1_002410592|AltMatch_0003
chr7.1_002611065|AltMatch_0001
chr7.1_002611065|RefMatch_0001
chr7.1_002678640|RefMatch_0001
chr7.1_003353771|AltMatch_0001
chr7.1_003353771|RefMatch_0001
chr7.1_003353771|RefMatch_0002
chr7.1_003453072|RefMatch_0001
chr7.1_003635156|AltMatch_0001
chr7.1_003635156|AltMatch_0002
chr7.1_003856349|AltMatch_0001
chr7.1_003856349|AltMatch_0002
chr7.1_003856349|AltMatch_0003
chr7.1_003856349|RefMatch_0001
chr7.1_004435501|RefMatch_0001
chr7.1_004707293|RefMatch_0001
chr7.1_004892887|AltMatch_0001
chr7.1_004892887|AltMatch_0002
chr7.1_004988104|RefMatch_0001
chr7.1_005052892|RefMatch_0001
chr7.1_005052892|RefMatch_0002
chr7.1_005052892|RefMatch_0003
chr7.1_005052892|RefMatch_0004
chr7.1_005052892|RefMatch_0005
chr7.1_005052892|RefMatch_0006
chr7.1_005052892|RefMatch_0007
chr7.1_006068288|AltMatch_0001
chr7.1_006068288|RefMatch_0001
chr7.1_006273129|AltMatch_0001
chr7.1_007181329|AltMatch_0001
chr7.1_007181329|AltMatch_0002
chr7.1_007181329|AltMatch_0003
chr7.1_007181329|RefMatch_0001
chr7.1_007327409|RefMatch_0001
chr7.1_008078032|AltMatch_0001
chr7.1_008305591|RefMatch_0001
chr7.1_008305591|RefMatch_0002
chr7.1_008505279|RefMatch_0001
chr7.1_009226540|AltMatch_0001
chr7.1_009226540|AltMatch_0002
chr7.1_009226540|AltMatch_0003
chr7.1_009446204|AltMatch_0001
chr7.1_009686644|RefMatch_0001
chr7.1_009686644|RefMatch_0002
chr7.1_009686644|RefMatch_0003
chr7.1_009686644|RefMatch_0004
chr7.1_009975993|AltMatch_0001
chr7.1_009975993|AltMatch_0002
chr7.1_009975993|AltMatch_0003
chr7.1_009975993|AltMatch_0004
chr7.1_009975993|AltMatch_0005
chr7.1_009975993|AltMatch_0006
chr7.1_010103033|AltMatch_0001
chr7.1_010103033|AltMatch_0002
chr7.1_010103033|RefMatch_0001
chr7.1_010103033|RefMatch_0002
chr7.1_010877021|AltMatch_0001
chr7.1_010877021|AltMatch_0002
chr7.1_010877021|AltMatch_0003
chr7.1_011050562|AltMatch_0001
chr7.1_011050562|RefMatch_0001
chr7.1_011050562|RefMatch_0002
chr7.1_011050562|RefMatch_0003
chr7.1_011050562|RefMatch_0004
chr7.1_011227396|AltMatch_0001
chr7.1_011451133|AltMatch_0001
chr7.1_011451133|AltMatch_0002
chr7.1_011451133|RefMatch_0001
chr7.1_012345814|AltMatch_0001
chr7.1_012345814|RefMatch_0001
chr7.1_012345814|RefMatch_0002
chr7.1_012496212|AltMatch_0001
chr7.1_012793856|AltMatch_0001
chr7.1_013054392|AltMatch_0001
chr7.1_013054392|AltMatch_0002
chr7.1_013262048|AltMatch_0001
chr7.1_013262048|AltMatch_0002
chr7.1_013262048|AltMatch_0003
chr7.1_013782897|RefMatch_0001
chr7.1_014589787|RefMatch_0001
chr7.1_014925493|RefMatch_0001
chr7.1_014925493|RefMatch_0002
chr7.1_015649225|RefMatch_0001
chr7.1_016246573|RefMatch_0001
chr7.1_016638667|AltMatch_0001
chr7.1_016638667|AltMatch_0002
chr7.1_017458141|AltMatch_0001
chr7.1_017458141|RefMatch_0001
chr7.1_017705748|RefMatch_0001
chr7.1_017857799|RefMatch_0001
chr7.1_018047678|AltMatch_0001
chr7.1_018047678|AltMatch_0002
chr7.1_018047678|AltMatch_0003
chr7.1_018047678|RefMatch_0001
chr7.1_018574139|RefMatch_0001
chr7.1_018737833|AltMatch_0001
chr7.1_018966923|RefMatch_0001
chr7.1_018966923|RefMatch_0002
chr7.1_018966923|RefMatch_0003
chr7.1_019045805|AltMatch_0001
chr7.1_019505223|AltMatch_0001
chr7.1_019505223|RefMatch_0001
chr7.1_019623691|RefMatch_0001
chr7.1_019872449|RefMatch_0001
chr7.1_020569471|RefMatch_0001
chr7.1_020609809|AltMatch_0001
chr7.1_020654480|RefMatch_0001
chr7.1_020654480|RefMatch_0002
chr7.1_021019918|AltMatch_0001
chr7.1_021019918|RefMatch_0001
chr7.1_021520422|AltMatch_0001
chr7.1_021520422|RefMatch_0001
chr7.1_021520422|RefMatch_0002
chr7.1_021520422|RefMatch_0003
chr7.1_021909718|AltMatch_0001
chr7.1_022098909|AltMatch_0001
chr7.1_022360539|AltMatch_0001
chr7.1_022360539|RefMatch_0001
chr7.1_022597908|RefMatch_0001
chr7.1_022688838|AltMatch_0001
chr7.1_022688838|RefMatch_0001
chr7.1_022766953|AltMatch_0001
chr7.1_022766953|RefMatch_0001
chr7.1_022766953|RefMatch_0002
chr7.1_022766953|RefMatch_0003
chr7.1_022766953|RefMatch_0004
chr7.1_022766953|RefMatch_0005
chr7.1_023098359|RefMatch_0001
chr7.1_023169812|AltMatch_0001
chr7.1_023169812|AltMatch_0002
chr7.1_023169812|RefMatch_0001
chr7.1_023169812|RefMatch_0002
chr7.1_023169812|RefMatch_0003
chr7.1_023169812|RefMatch_0004
chr7.1_023536033|RefMatch_0001
chr7.1_023536033|RefMatch_0002
chr7.1_023536033|RefMatch_0003
chr7.1_023859823|AltMatch_0001
chr7.1_024436683|RefMatch_0001
chr7.1_024481453|RefMatch_0001
chr7.1_024654751|AltMatch_0001
chr7.1_024654751|RefMatch_0001
chr7.1_024654751|RefMatch_0002
chr7.1_024777525|RefMatch_0001
chr7.1_025092093|RefMatch_0001
chr7.1_025092093|RefMatch_0002
chr7.1_025156873|AltMatch_0001
chr7.1_025865927|AltMatch_0001
chr7.1_025865927|AltMatch_0002
chr7.1_025865927|AltMatch_0003
chr7.1_025865927|AltMatch_0004
chr7.1_025865927|RefMatch_0001
chr7.1_025926132|RefMatch_0001
chr7.1_025926132|RefMatch_0002
chr7.1_025926132|RefMatch_0003
chr7.1_025926132|RefMatch_0004
chr7.1_026429671|AltMatch_0001
chr7.1_026786645|AltMatch_0001
chr7.1_026786645|AltMatch_0002
chr7.1_027057580|RefMatch_0001
chr7.1_027221392|RefMatch_0001
chr7.1_027221392|RefMatch_0002
chr7.1_027318051|AltMatch_0001
chr7.1_027544980|AltMatch_0001
chr7.1_027544980|RefMatch_0001
chr7.1_027958961|AltMatch_0001
chr7.1_027958961|AltMatch_0002
chr7.1_027958961|RefMatch_0001
chr7.1_028227502|AltMatch_0001
chr7.1_028466781|AltMatch_0001
chr7.1_028466781|RefMatch_0001
chr7.1_028518805|AltMatch_0001
chr7.1_028518805|AltMatch_0002
chr7.1_028518805|RefMatch_0001
chr7.1_028710615|AltMatch_0001
chr7.1_029128354|AltMatch_0001
chr7.1_029128354|RefMatch_0001
chr7.1_029128354|RefMatch_0002
chr7.1_029635179|RefMatch_0001
chr7.1_029635179|RefMatch_0002
chr7.1_029793605|AltMatch_0001
chr7.1_029793605|RefMatch_0001
chr7.1_029993860|RefMatch_0001
chr7.1_029993860|RefMatch_0002
chr7.1_031260109|RefMatch_0001
chr7.1_031588295|RefMatch_0001
chr7.1_031588295|RefMatch_0002
chr7.1_031588295|RefMatch_0003
chr7.1_031722150|AltMatch_0001
chr7.1_032183304|RefMatch_0001
chr7.1_032426368|AltMatch_0001
chr7.1_032426368|AltMatch_0002
chr7.1_033028553|RefMatch_0001
chr7.1_033028553|RefMatch_0002
chr7.1_033028553|RefMatch_0003
chr7.1_033028553|RefMatch_0004
chr7.1_033473416|RefMatch_0001
chr7.1_034132832|AltMatch_0001
chr7.1_034132832|AltMatch_0002
chr7.1_034132832|AltMatch_0003
chr7.1_034132832|AltMatch_0004
chr7.1_034132832|RefMatch_0001
chr7.1_034132832|RefMatch_0002
chr7.1_034132832|RefMatch_0003
chr7.1_034132832|RefMatch_0004
chr7.1_034132832|RefMatch_0005
chr7.1_034132832|RefMatch_0006
chr7.1_034132832|RefMatch_0007
chr7.1_034521381|AltMatch_0001
chr7.1_034521381|AltMatch_0002
chr7.1_034521381|RefMatch_0001
chr7.1_035061499|RefMatch_0001
chr7.1_035061499|RefMatch_0002
chr7.1_035061499|RefMatch_0003
chr7.1_035061499|RefMatch_0004
chr7.1_035061499|RefMatch_0005
chr7.1_035758408|RefMatch_0001
chr7.1_035758408|RefMatch_0002
chr7.1_036466711|AltMatch_0001
chr7.1_036466711|RefMatch_0001
chr7.1_036565621|AltMatch_0001
chr7.1_036565621|AltMatch_0002
chr7.1_036795943|RefMatch_0001
chr7.1_037108527|RefMatch_0001
chr7.1_037198413|AltMatch_0001
chr7.1_037551629|RefMatch_0001
chr7.1_037551629|RefMatch_0002
chr7.1_037685747|AltMatch_0001
chr7.1_037685747|AltMatch_0002
chr7.1_037685747|RefMatch_0001
chr7.1_037885830|RefMatch_0001
chr7.1_037885830|RefMatch_0002
chr7.1_038440523|AltMatch_0001
chr7.1_038440523|AltMatch_0002
chr7.1_038715717|AltMatch_0001
chr7.1_038715717|RefMatch_0001
chr7.1_038715717|RefMatch_0002
chr7.1_038715717|RefMatch_0003
chr7.1_038715717|RefMatch_0004
chr7.1_039044866|RefMatch_0001
chr7.1_039201586|RefMatch_0001
chr7.1_039201586|RefMatch_0002
chr7.1_039298431|AltMatch_0001
chr7.1_039298431|RefMatch_0001
chr7.1_039298431|RefMatch_0002
chr7.1_039298431|RefMatch_0003
chr7.1_039298431|RefMatch_0004
chr7.1_039612287|AltMatch_0001
chr7.1_039612287|AltMatch_0002
chr7.1_039612287|AltMatch_0003
chr7.1_039612287|RefMatch_0001
chr7.1_039612287|RefMatch_0002
chr7.1_039612287|RefMatch_0003
chr7.1_039612287|RefMatch_0004
chr7.1_039612287|RefMatch_0005
chr7.1_039612287|RefMatch_0006
chr7.1_039612287|RefMatch_0007
chr7.1_039612287|RefMatch_0008
chr7.1_039990964|RefMatch_0001
chr7.1_039990964|RefMatch_0002
chr7.1_040126845|RefMatch_0001
chr7.1_040126845|RefMatch_0002
chr7.1_040126845|RefMatch_0003
chr7.1_040126845|RefMatch_0004
chr7.1_040126845|RefMatch_0005
chr7.1_040369149|AltMatch_0001
chr7.1_040369149|AltMatch_0002
chr7.1_040369149|RefMatch_0001
chr7.1_040369149|RefMatch_0002
chr7.1_040369149|RefMatch_0003
chr7.1_040369149|RefMatch_0004
chr7.1_040369149|RefMatch_0005
chr7.1_040369149|RefMatch_0006
chr7.1_040369149|RefMatch_0007
chr7.1_040369149|RefMatch_0008
chr7.1_040369149|RefMatch_0009
chr7.1_040509863|RefMatch_0001
chr7.1_040509863|RefMatch_0002
chr7.1_040953761|AltMatch_0001
chr7.1_040953761|RefMatch_0001
chr7.1_040953761|RefMatch_0002
chr7.1_040953761|RefMatch_0003
chr7.1_040953761|RefMatch_0004
chr7.1_041256682|RefMatch_0001
chr7.1_042343261|AltMatch_0001
chr7.1_042343261|RefMatch_0001
chr7.1_042343261|RefMatch_0002
chr7.1_042343261|RefMatch_0003
chr7.1_042424238|AltMatch_0001
chr7.1_042424238|RefMatch_0001
chr7.1_042689702|RefMatch_0001
chr7.1_042689702|RefMatch_0002
chr7.1_043386208|RefMatch_0001
chr7.1_043386208|RefMatch_0002
chr7.1_043695737|RefMatch_0001
chr7.1_043695737|RefMatch_0002
chr7.1_043916744|AltMatch_0001
chr7.1_043916744|RefMatch_0001
chr7.1_043916744|RefMatch_0002
chr7.1_043916744|RefMatch_0003
chr7.1_043916744|RefMatch_0004
chr7.1_044794241|AltMatch_0001
chr7.1_044994040|AltMatch_0001
chr7.1_045429790|RefMatch_0001
chr7.1_045429790|RefMatch_0002
chr7.1_045429790|RefMatch_0003
chr7.1_045429790|RefMatch_0004
chr7.1_045536518|AltMatch_0001
chr7.1_045536518|RefMatch_0001
chr7.1_045536518|RefMatch_0002
chr7.1_045536518|RefMatch_0003
chr7.1_045536518|RefMatch_0004
chr7.1_045536518|RefMatch_0005
chr7.1_045536518|RefMatch_0006
chr7.1_045536518|RefMatch_0007
chr7.1_045536518|RefMatch_0008
chr7.1_045536518|RefMatch_0009
chr7.1_045536518|RefMatch_0010
chr7.1_045738668|AltMatch_0001
chr7.1_045738668|AltMatch_0002
chr7.1_045738668|AltMatch_0003
chr7.1_047641790|AltMatch_0001
chr7.1_047641790|RefMatch_0001
chr7.1_047641790|RefMatch_0002
chr7.1_047862095|AltMatch_0001
chr7.1_047862095|AltMatch_0002
chr7.1_047862095|RefMatch_0001
chr7.1_047862095|RefMatch_0002
chr7.1_048219006|RefMatch_0001
chr7.1_048219006|RefMatch_0002
chr7.1_048219006|RefMatch_0003
chr7.1_048219006|RefMatch_0004
chr7.1_048219006|RefMatch_0005
chr7.1_048610484|RefMatch_0001
chr7.1_048610484|RefMatch_0002
chr7.1_048888280|RefMatch_0001
chr7.1_048888280|RefMatch_0002
chr7.1_049280996|RefMatch_0001
chr7.1_049280996|RefMatch_0002
chr7.1_049280996|RefMatch_0003
chr7.1_049280996|RefMatch_0004
chr7.1_049280996|RefMatch_0005
chr7.1_049807679|RefMatch_0001
chr7.1_050362057|AltMatch_0001
chr7.1_050362057|RefMatch_0001
chr7.1_050362057|RefMatch_0002
chr7.1_051253503|AltMatch_0001
chr7.1_051441120|RefMatch_0001
chr7.1_051590876|RefMatch_0001
chr7.1_052465795|RefMatch_0001
chr7.1_052465795|RefMatch_0002
chr7.1_052465795|RefMatch_0003
chr7.1_052465795|RefMatch_0004
chr7.1_052465795|RefMatch_0005
chr7.1_052465795|RefMatch_0006
chr7.1_052643683|RefMatch_0001
chr7.1_052880921|RefMatch_0001
chr7.1_053175597|RefMatch_0001
chr7.1_053356380|RefMatch_0001
chr7.1_053356380|RefMatch_0002
chr7.1_053356380|RefMatch_0003
chr7.1_053356380|RefMatch_0004
chr7.1_053356380|RefMatch_0005
chr7.1_053356380|RefMatch_0006
chr7.1_053356380|RefMatch_0007
chr7.1_053356380|RefMatch_0008
chr7.1_053492890|AltMatch_0001
chr7.1_053492890|AltMatch_0002
chr7.1_054162053|AltMatch_0001
chr7.1_054242595|AltMatch_0001
chr7.1_054242595|AltMatch_0002
chr7.1_054242595|AltMatch_0003
chr7.1_054242595|RefMatch_0001
chr7.1_054242595|RefMatch_0002
chr7.1_054242595|RefMatch_0003
chr7.1_054242595|RefMatch_0004
chr7.1_054601074|AltMatch_0001
chr7.1_054601074|RefMatch_0001
chr7.1_054679087|AltMatch_0001
chr7.1_054887678|RefMatch_0001
chr7.1_055594264|AltMatch_0001
chr7.1_055594264|RefMatch_0001
chr7.1_055594264|RefMatch_0002
chr7.1_055594264|RefMatch_0003
chr7.1_055951351|AltMatch_0001
chr7.1_056177571|AltMatch_0001
chr7.1_056177571|RefMatch_0001
chr7.1_056268915|AltMatch_0001
chr7.1_056268915|AltMatch_0002
chr7.1_056268915|RefMatch_0001
chr7.1_056268915|RefMatch_0002
chr7.1_056268915|RefMatch_0003
chr7.1_056484720|AltMatch_0001
chr7.1_056688448|RefMatch_0001
chr7.1_056688448|RefMatch_0002
chr7.1_056688448|RefMatch_0003
chr7.1_056688448|RefMatch_0004
chr7.1_057068472|AltMatch_0001
chr7.1_057068472|AltMatch_0002
chr7.1_057346246|RefMatch_0001
chr7.1_057346246|RefMatch_0002
chr7.1_057346246|RefMatch_0003
chr7.1_057346246|RefMatch_0004
chr7.1_057346246|RefMatch_0005
chr7.1_057471464|RefMatch_0001
chr7.1_057617863|RefMatch_0001
chr7.1_057617863|RefMatch_0002
chr7.1_057829076|AltMatch_0001
chr7.1_057829076|RefMatch_0001
chr7.1_057829076|RefMatch_0002
chr7.1_057829076|RefMatch_0003
chr7.1_059221510|RefMatch_0001
chr7.1_059455194|AltMatch_0001
chr7.1_059723838|AltMatch_0001
chr7.1_059723838|AltMatch_0002
chr7.1_059723838|RefMatch_0001
chr7.1_059942925|RefMatch_0001
chr7.1_061039610|AltMatch_0001
chr7.1_061039610|RefMatch_0001
chr7.1_061562597|RefMatch_0001
chr7.1_061562597|RefMatch_0002
chr7.1_061562597|RefMatch_0003
chr7.1_061607194|RefMatch_0001
chr7.1_061907545|AltMatch_0001
chr7.1_061907545|RefMatch_0001
chr7.1_061907545|RefMatch_0002
chr7.1_061907545|RefMatch_0003
chr7.1_061907545|RefMatch_0004
chr7.1_062120252|RefMatch_0001
chr7.1_062120252|RefMatch_0002
chr7.1_062120252|RefMatch_0003
chr7.1_062120252|RefMatch_0004
chr7.1_062120252|RefMatch_0005
chr7.1_062120252|RefMatch_0006
chr7.1_062120252|RefMatch_0007
chr7.1_062120252|RefMatch_0008
chr7.1_062608738|RefMatch_0001
chr7.1_062874747|RefMatch_0001
chr7.1_063163614|AltMatch_0001
chr7.1_063163614|AltMatch_0002
chr7.1_063163614|AltMatch_0003
chr7.1_064602866|RefMatch_0001
chr7.1_064705291|RefMatch_0001
chr7.1_064705291|RefMatch_0002
chr7.1_065049271|AltMatch_0001
chr7.1_065049271|RefMatch_0001
chr7.1_065295546|RefMatch_0001
chr7.1_065295546|RefMatch_0002
chr7.1_065295546|RefMatch_0003
chr7.1_065295546|RefMatch_0004
chr7.1_065489201|AltMatch_0001
chr7.1_065489201|AltMatch_0002
chr7.1_065489201|RefMatch_0001
chr7.1_065489201|RefMatch_0002
chr7.1_065489201|RefMatch_0003
chr7.1_065692753|RefMatch_0001
chr7.1_066328424|AltMatch_0001
chr7.1_066328424|RefMatch_0001
chr7.1_066328424|RefMatch_0002
chr7.1_066535399|RefMatch_0001
chr7.1_066979462|AltMatch_0001
chr7.1_066979462|RefMatch_0001
chr7.1_067279501|RefMatch_0001
chr7.1_067279501|RefMatch_0002
chr7.1_068001334|RefMatch_0001
chr7.1_068419770|RefMatch_0001
chr7.1_068597466|RefMatch_0001
chr7.1_068777119|AltMatch_0001
chr7.1_068777119|RefMatch_0001
chr7.1_068777119|RefMatch_0002
chr7.1_068777119|RefMatch_0003
chr7.1_069121018|AltMatch_0001
chr7.1_069121018|RefMatch_0001
chr7.1_069121018|RefMatch_0002
chr7.1_069573178|AltMatch_0001
chr7.1_069573178|RefMatch_0001
chr7.1_069573178|RefMatch_0002
chr7.1_069573178|RefMatch_0003
chr7.1_069573178|RefMatch_0004
chr7.1_069573178|RefMatch_0005
chr7.1_069639650|AltMatch_0001
chr7.1_069639650|AltMatch_0002
chr7.1_069797102|AltMatch_0001
chr7.1_069958756|AltMatch_0001
chr7.1_069958756|RefMatch_0001
chr7.1_069958756|RefMatch_0002
chr7.1_069958756|RefMatch_0003
chr7.1_070004772|RefMatch_0001
chr7.1_070131521|RefMatch_0001
chr7.1_070131521|RefMatch_0002
chr7.1_070364057|AltMatch_0001
chr7.1_070364057|RefMatch_0001
chr7.1_070364057|RefMatch_0002
chr7.1_070364057|RefMatch_0003
chr7.1_070364057|RefMatch_0004
chr7.1_070509352|AltMatch_0001
chr7.1_070509352|RefMatch_0001
chr7.1_070938494|AltMatch_0001
chr7.1_070938494|AltMatch_0002
chr7.1_070938494|AltMatch_0003
chr7.1_070938494|AltMatch_0004
chr7.1_070938494|AltMatch_0005
chr7.1_070938494|AltMatch_0006
chr7.1_070938494|AltMatch_0007
chr7.1_070938494|AltMatch_0008
chr7.1_070938494|AltMatch_0009
chr7.1_070938494|AltMatch_0010
chr7.1_070938494|RefMatch_0001
chr7.1_071595812|RefMatch_0001
chr7.1_071595812|RefMatch_0002
chr7.1_073242026|RefMatch_0001
chr7.1_073242026|RefMatch_0002
chr7.1_073242026|RefMatch_0003
chr7.1_073605188|RefMatch_0001
chr7.1_073605188|RefMatch_0002
chr7.1_073605188|RefMatch_0003
chr7.1_073830550|RefMatch_0001
chr7.1_073830550|RefMatch_0002
chr7.1_073960786|RefMatch_0001
chr7.1_075394478|AltMatch_0001
chr7.1_075394478|RefMatch_0001
chr7.1_075838046|AltMatch_0001
chr7.1_076052706|RefMatch_0001
chr7.1_076052706|RefMatch_0002
chr7.1_076052706|RefMatch_0003
chr7.1_076361830|RefMatch_0001
chr7.1_076520525|RefMatch_0001
chr7.1_076520525|RefMatch_0002
chr7.1_076787449|RefMatch_0001
chr7.1_076787449|RefMatch_0002
chr7.1_077078448|AltMatch_0001
chr7.1_077078448|AltMatch_0002
chr7.1_077078448|RefMatch_0001
chr7.1_077078448|RefMatch_0002
chr7.1_077078448|RefMatch_0003
chr7.1_077078448|RefMatch_0004
chr7.1_077166737|AltMatch_0001
chr7.1_077351871|AltMatch_0001
chr7.1_077507194|AltMatch_0001
chr7.1_077507194|RefMatch_0001
chr7.1_077507194|RefMatch_0002
chr7.1_077507194|RefMatch_0003
chr7.1_077803720|RefMatch_0001
chr7.1_078180633|AltMatch_0001
chr7.1_078180633|RefMatch_0001
chr7.1_078278521|AltMatch_0001
chr7.1_078278521|AltMatch_0002
chr7.1_078278521|AltMatch_0003
chr7.1_078278521|AltMatch_0004
chr7.1_078278521|AltMatch_0005
chr7.1_078278521|AltMatch_0006
chr7.1_078278521|AltMatch_0007
chr7.1_078278521|AltMatch_0008
chr7.1_078445464|AltMatch_0001
chr7.1_078445464|RefMatch_0001
chr7.1_078445464|RefMatch_0002
chr7.1_078445464|RefMatch_0003
chr7.1_078445464|RefMatch_0004
chr7.1_079844136|RefMatch_0001
chr7.1_079844136|RefMatch_0002
chr7.1_079844136|RefMatch_0003
chr7.1_080085927|RefMatch_0001
chr7.1_080411685|AltMatch_0001
chr7.1_080411685|RefMatch_0001
chr7.1_080411685|RefMatch_0002
chr7.1_080515644|AltMatch_0001
chr7.1_080515644|RefMatch_0001
chr7.1_080515644|RefMatch_0002
chr7.1_080515644|RefMatch_0003
chr7.1_081431902|RefMatch_0001
chr7.1_081431902|RefMatch_0002
chr7.1_081431902|RefMatch_0003
chr7.1_081431902|RefMatch_0004
chr7.1_081681554|AltMatch_0001
chr7.1_082052629|RefMatch_0001
chr7.1_082776961|AltMatch_0001
chr7.1_082776961|AltMatch_0002
chr7.1_082776961|AltMatch_0003
chr7.1_082776961|RefMatch_0001
chr7.1_082776961|RefMatch_0002
chr7.1_083012389|RefMatch_0001
chr7.1_083605195|AltMatch_0001
chr7.1_083605195|RefMatch_0001
chr7.1_083676873|AltMatch_0001
chr7.1_083676873|AltMatch_0002
chr7.1_084062273|AltMatch_0001
chr7.1_084445319|RefMatch_0001
chr7.1_084738912|RefMatch_0001
chr7.1_084738912|RefMatch_0002
chr7.1_084905743|AltMatch_0001
chr7.1_084905743|RefMatch_0001
chr7.1_084905743|RefMatch_0002
chr7.1_085143836|AltMatch_0001
chr7.1_085143836|AltMatch_0002
chr7.1_085409268|AltMatch_0001
chr7.1_085701790|RefMatch_0001
chr7.1_085701790|RefMatch_0002
chr7.1_085701790|RefMatch_0003
chr7.1_085701790|RefMatch_0004
chr7.1_085701790|RefMatch_0005
chr7.1_085701790|RefMatch_0006
chr7.1_085943946|RefMatch_0001
chr7.1_086223603|RefMatch_0001
chr7.1_086223603|RefMatch_0002
chr7.1_086223603|RefMatch_0003
chr7.1_086223603|RefMatch_0004
chr7.1_086223603|RefMatch_0005
chr7.1_086223603|RefMatch_0006
chr7.1_086223603|RefMatch_0007
chr7.1_086223603|RefMatch_0008
chr7.1_087152912|AltMatch_0001
chr7.1_087355444|AltMatch_0001
chr7.1_087355444|AltMatch_0002
chr7.1_087355444|RefMatch_0001
chr7.1_087561097|AltMatch_0001
chr7.1_087901077|RefMatch_0001
chr8.1_000110023|AltMatch_0001
chr8.1_000110023|RefMatch_0001
chr8.1_000222722|AltMatch_0001
chr8.1_000222722|AltMatch_0002
chr8.1_000222722|AltMatch_0003
chr8.1_000222722|AltMatch_0004
chr8.1_000305693|RefMatch_0001
chr8.1_000750860|AltMatch_0001
chr8.1_000750860|RefMatch_0001
chr8.1_000750860|RefMatch_0002
chr8.1_001552131|AltMatch_0001
chr8.1_001552131|AltMatch_0002
chr8.1_001552131|RefMatch_0001
chr8.1_001552131|RefMatch_0002
chr8.1_001701965|RefMatch_0001
chr8.1_002050308|AltMatch_0001
chr8.1_002050308|RefMatch_0001
chr8.1_002476072|RefMatch_0001
chr8.1_003104185|AltMatch_0001
chr8.1_003104185|AltMatch_0002
chr8.1_003104185|RefMatch_0001
chr8.1_003104185|RefMatch_0002
chr8.1_003280192|RefMatch_0001
chr8.1_003280192|RefMatch_0002
chr8.1_003404395|AltMatch_0001
chr8.1_003892790|RefMatch_0001
chr8.1_003892790|RefMatch_0002
chr8.1_004245506|AltMatch_0001
chr8.1_004245506|RefMatch_0001
chr8.1_004245506|RefMatch_0002
chr8.1_004245506|RefMatch_0003
chr8.1_004245506|RefMatch_0004
chr8.1_004989842|AltMatch_0001
chr8.1_005787972|RefMatch_0001
chr8.1_006061931|AltMatch_0001
chr8.1_006061931|AltMatch_0002
chr8.1_006061931|AltMatch_0003
chr8.1_006061931|RefMatch_0001
chr8.1_006158414|AltMatch_0001
chr8.1_006158414|RefMatch_0001
chr8.1_006501804|AltMatch_0001
chr8.1_006501804|RefMatch_0001
chr8.1_006715353|AltMatch_0001
chr8.1_007061320|AltMatch_0001
chr8.1_007232538|AltMatch_0001
chr8.1_007232538|AltMatch_0002
chr8.1_007232538|AltMatch_0003
chr8.1_007232538|RefMatch_0001
chr8.1_007597488|AltMatch_0001
chr8.1_007597488|AltMatch_0002
chr8.1_007597488|RefMatch_0001
chr8.1_007597488|RefMatch_0002
chr8.1_008003051|RefMatch_0001
chr8.1_008003051|RefMatch_0002
chr8.1_008003051|RefMatch_0003
chr8.1_008003051|RefMatch_0004
chr8.1_008641626|AltMatch_0001
chr8.1_008940055|AltMatch_0001
chr8.1_008940055|AltMatch_0002
chr8.1_009061291|AltMatch_0001
chr8.1_009061291|AltMatch_0002
chr8.1_009061291|AltMatch_0003
chr8.1_009355125|RefMatch_0001
chr8.1_009355125|RefMatch_0002
chr8.1_009355125|RefMatch_0003
chr8.1_009855628|RefMatch_0001
chr8.1_009855628|RefMatch_0002
chr8.1_010451508|RefMatch_0001
chr8.1_010584507|AltMatch_0001
chr8.1_010584507|AltMatch_0002
chr8.1_010584507|RefMatch_0001
chr8.1_010584507|RefMatch_0002
chr8.1_010959048|AltMatch_0001
chr8.1_010959048|RefMatch_0001
chr8.1_011097792|AltMatch_0001
chr8.1_011097792|RefMatch_0001
chr8.1_011329939|RefMatch_0001
chr8.1_011632320|AltMatch_0001
chr8.1_011632320|AltMatch_0002
chr8.1_012212736|RefMatch_0001
chr8.1_012212736|RefMatch_0002
chr8.1_012212736|RefMatch_0003
chr8.1_012284179|AltMatch_0001
chr8.1_012284179|AltMatch_0002
chr8.1_012284179|RefMatch_0001
chr8.1_012474574|AltMatch_0001
chr8.1_012474574|RefMatch_0001
chr8.1_012524087|AltMatch_0001
chr8.1_012524087|RefMatch_0001
chr8.1_012524087|RefMatch_0002
chr8.1_013194072|AltMatch_0001
chr8.1_013194072|RefMatch_0001
chr8.1_013515240|AltMatch_0001
chr8.1_013515240|AltMatch_0002
chr8.1_013515240|RefMatch_0001
chr8.1_013515240|RefMatch_0002
chr8.1_013763988|AltMatch_0001
chr8.1_013763988|RefMatch_0001
chr8.1_014266142|RefMatch_0001
chr8.1_014266142|RefMatch_0002
chr8.1_014266142|RefMatch_0003
chr8.1_014266142|RefMatch_0004
chr8.1_014403668|AltMatch_0001
chr8.1_014403668|AltMatch_0002
chr8.1_015724866|AltMatch_0001
chr8.1_015724866|AltMatch_0002
chr8.1_015787828|RefMatch_0001
chr8.1_015968190|AltMatch_0001
chr8.1_016191223|RefMatch_0001
chr8.1_016918382|AltMatch_0001
chr8.1_017058843|RefMatch_0001
chr8.1_017549431|RefMatch_0001
chr8.1_017549431|RefMatch_0002
chr8.1_017818447|RefMatch_0001
chr8.1_017983539|AltMatch_0001
chr8.1_017983539|AltMatch_0002
chr8.1_017983539|RefMatch_0001
chr8.1_018283682|AltMatch_0001
chr8.1_018283682|AltMatch_0002
chr8.1_018283682|AltMatch_0003
chr8.1_018283682|AltMatch_0004
chr8.1_018283682|RefMatch_0001
chr8.1_018320176|AltMatch_0001
chr8.1_018320176|RefMatch_0001
chr8.1_019049846|AltMatch_0001
chr8.1_019049846|RefMatch_0001
chr8.1_019254060|RefMatch_0001
chr8.1_019813718|AltMatch_0001
chr8.1_019813718|AltMatch_0002
chr8.1_020037027|AltMatch_0001
chr8.1_020186348|RefMatch_0001
chr8.1_020186348|RefMatch_0002
chr8.1_020186348|RefMatch_0003
chr8.1_020667639|AltMatch_0001
chr8.1_020789469|AltMatch_0001
chr8.1_020956594|AltMatch_0001
chr8.1_020956594|RefMatch_0001
chr8.1_020956594|RefMatch_0002
chr8.1_020956594|RefMatch_0003
chr8.1_021333354|AltMatch_0001
chr8.1_021333354|AltMatch_0002
chr8.1_021333354|AltMatch_0003
chr8.1_021704255|AltMatch_0001
chr8.1_021704255|RefMatch_0001
chr8.1_021971353|AltMatch_0001
chr8.1_022197807|AltMatch_0001
chr8.1_022197807|AltMatch_0002
chr8.1_022197807|AltMatch_0003
chr8.1_022197807|AltMatch_0004
chr8.1_022197807|AltMatch_0005
chr8.1_022197807|AltMatch_0006
chr8.1_022197807|AltMatch_0007
chr8.1_022197807|AltMatch_0008
chr8.1_022197807|AltMatch_0009
chr8.1_022197807|AltMatch_0010
chr8.1_022197807|AltMatch_0011
chr8.1_022197807|AltMatch_0012
chr8.1_022197807|AltMatch_0013
chr8.1_022197807|AltMatch_0014
chr8.1_022197807|AltMatch_0015
chr8.1_022197807|AltMatch_0016
chr8.1_022197807|AltMatch_0017
chr8.1_022197807|AltMatch_0018
chr8.1_022197807|AltMatch_0019
chr8.1_022197807|AltMatch_0020
chr8.1_022197807|RefMatch_0001
chr8.1_022472553|AltMatch_0001
chr8.1_022623697|RefMatch_0001
chr8.1_023097291|RefMatch_0001
chr8.1_023097291|RefMatch_0002
chr8.1_023097291|RefMatch_0003
chr8.1_023097291|RefMatch_0004
chr8.1_023097291|RefMatch_0005
chr8.1_023097291|RefMatch_0006
chr8.1_023299032|RefMatch_0001
chr8.1_023299032|RefMatch_0002
chr8.1_023753542|RefMatch_0001
chr8.1_023936224|RefMatch_0001
chr8.1_024161291|AltMatch_0001
chr8.1_024161291|AltMatch_0002
chr8.1_024696034|AltMatch_0001
chr8.1_024696034|RefMatch_0001
chr8.1_024696034|RefMatch_0002
chr8.1_024997197|RefMatch_0001
chr8.1_025514791|AltMatch_0001
chr8.1_025514791|RefMatch_0001
chr8.1_025663650|RefMatch_0001
chr8.1_025663650|RefMatch_0002
chr8.1_025663650|RefMatch_0003
chr8.1_025979547|AltMatch_0001
chr8.1_025979547|AltMatch_0002
chr8.1_026177355|RefMatch_0001
chr8.1_026177355|RefMatch_0002
chr8.1_026571037|RefMatch_0001
chr8.1_027219990|RefMatch_0001
chr8.1_027985709|AltMatch_0001
chr8.1_027985709|RefMatch_0001
chr8.1_027985709|RefMatch_0002
chr8.1_028078352|AltMatch_0001
chr8.1_028078352|RefMatch_0001
chr8.1_028078352|RefMatch_0002
chr8.1_028190308|AltMatch_0001
chr8.1_028190308|RefMatch_0001
chr8.1_028429901|RefMatch_0001
chr8.1_028599169|RefMatch_0001
chr8.1_028674226|AltMatch_0001
chr8.1_028674226|AltMatch_0002
chr8.1_028674226|RefMatch_0001
chr8.1_028871485|RefMatch_0001
chr8.1_028871485|RefMatch_0002
chr8.1_029555961|RefMatch_0001
chr8.1_029555961|RefMatch_0002
chr8.1_029555961|RefMatch_0003
chr8.1_029555961|RefMatch_0004
chr8.1_029555961|RefMatch_0005
chr8.1_029555961|RefMatch_0006
chr8.1_029741586|AltMatch_0001
chr8.1_029741586|AltMatch_0002
chr8.1_029741586|RefMatch_0001
chr8.1_030264475|RefMatch_0001
chr8.1_030781102|RefMatch_0001
chr8.1_030781102|RefMatch_0002
chr8.1_031231432|AltMatch_0001
chr8.1_031231432|AltMatch_0002
chr8.1_031231432|AltMatch_0003
chr8.1_031231432|RefMatch_0001
chr8.1_031272799|AltMatch_0001
chr8.1_031272799|RefMatch_0001
chr8.1_031272799|RefMatch_0002
chr8.1_031521180|RefMatch_0001
chr8.1_031521180|RefMatch_0002
chr8.1_031690326|RefMatch_0001
chr8.1_032151817|AltMatch_0001
chr8.1_032151817|AltMatch_0002
chr8.1_032151817|AltMatch_0003
chr8.1_032151817|RefMatch_0001
chr8.1_032809513|AltMatch_0001
chr8.1_033091075|AltMatch_0001
chr8.1_033091075|AltMatch_0002
chr8.1_033091075|RefMatch_0001
chr8.1_033091075|RefMatch_0002
chr8.1_033091075|RefMatch_0003
chr8.1_033192907|AltMatch_0001
chr8.1_033481488|RefMatch_0001
chr8.1_034331856|RefMatch_0001
chr8.1_034621925|AltMatch_0001
chr8.1_034621925|AltMatch_0002
chr8.1_034621925|AltMatch_0003
chr8.1_034621925|RefMatch_0001
chr8.1_035397126|RefMatch_0001
chr8.1_035397126|RefMatch_0002
chr8.1_035649451|AltMatch_0001
chr8.1_035968175|AltMatch_0001
chr8.1_035968175|AltMatch_0002
chr8.1_036137559|RefMatch_0001
chr8.1_036455576|RefMatch_0001
chr8.1_036641706|RefMatch_0001
chr8.1_036641706|RefMatch_0002
chr8.1_036925813|AltMatch_0001
chr8.1_036925813|AltMatch_0002
chr8.1_036925813|AltMatch_0003
chr8.1_036925813|AltMatch_0004
chr8.1_037161205|AltMatch_0001
chr8.1_037161205|AltMatch_0002
chr8.1_037161205|RefMatch_0001
chr8.1_037161205|RefMatch_0002
chr8.1_037161205|RefMatch_0003
chr8.1_037328007|AltMatch_0001
chr8.1_037328007|AltMatch_0002
chr8.1_037328007|RefMatch_0001
chr8.1_037328007|RefMatch_0002
chr8.1_037328007|RefMatch_0003
chr8.1_037328007|RefMatch_0004
chr8.1_037328007|RefMatch_0005
chr8.1_037654331|AltMatch_0001
chr8.1_037654331|RefMatch_0001
chr8.1_038033598|AltMatch_0001
chr8.1_038033598|AltMatch_0002
chr8.1_038033598|AltMatch_0003
chr8.1_038118471|AltMatch_0001
chr8.1_038288479|AltMatch_0001
chr8.1_038288479|RefMatch_0001
chr8.1_039382141|RefMatch_0001
chr8.1_039382141|RefMatch_0002
chr8.1_039382141|RefMatch_0003
chr8.1_039382141|RefMatch_0004
chr8.1_039382141|RefMatch_0005
chr8.1_039382141|RefMatch_0006
chr8.1_039840178|AltMatch_0001
chr8.1_039927251|RefMatch_0001
chr8.1_040500478|AltMatch_0001
chr8.1_040500478|RefMatch_0001
chr8.1_040500478|RefMatch_0002
chr8.1_040500478|RefMatch_0003
chr8.1_040500478|RefMatch_0004
chr8.1_040946972|AltMatch_0001
chr8.1_040946972|RefMatch_0001
chr8.1_040946972|RefMatch_0002
chr8.1_040946972|RefMatch_0003
chr8.1_041763345|AltMatch_0001
chr8.1_041763345|RefMatch_0001
chr8.1_042382405|AltMatch_0001
chr8.1_042382405|RefMatch_0001
chr8.1_042826934|RefMatch_0001
chr8.1_042826934|RefMatch_0002
chr8.1_042826934|RefMatch_0003
chr8.1_042967095|AltMatch_0001
chr8.1_043208649|AltMatch_0001
chr8.1_043208649|RefMatch_0001
chr8.1_043208649|RefMatch_0002
chr8.1_043208649|RefMatch_0003
chr8.1_043439378|RefMatch_0001
chr8.1_043439378|RefMatch_0002
chr8.1_044326385|RefMatch_0001
chr8.1_044414082|RefMatch_0001
chr8.1_044663805|AltMatch_0001
chr8.1_044663805|AltMatch_0002
chr8.1_044663805|RefMatch_0001
chr8.1_044663805|RefMatch_0002
chr8.1_044663805|RefMatch_0003
chr8.1_044832149|RefMatch_0001
chr8.1_044832149|RefMatch_0002
chr8.1_045150815|AltMatch_0001
chr8.1_045150815|RefMatch_0001
chr8.1_045367641|RefMatch_0001
chr8.1_045367641|RefMatch_0002
chr8.1_045529189|AltMatch_0001
chr8.1_045601332|RefMatch_0001
chr8.1_045994200|RefMatch_0001
chr8.1_046961861|RefMatch_0001
chr8.1_047333767|RefMatch_0001
chr8.1_047333767|RefMatch_0002
chr8.1_047333767|RefMatch_0003
chr8.1_047333767|RefMatch_0004
chr8.1_047333767|RefMatch_0005
chr8.1_047505955|AltMatch_0001
chr8.1_047505955|RefMatch_0001
chr8.1_047505955|RefMatch_0002
chr8.1_047505955|RefMatch_0003
chr8.1_047505955|RefMatch_0004
chr8.1_047505955|RefMatch_0005
chr8.1_047505955|RefMatch_0006
chr8.1_047505955|RefMatch_0007
chr8.1_047505955|RefMatch_0008
chr8.1_047505955|RefMatch_0009
chr8.1_047505955|RefMatch_0010
chr8.1_047505955|RefMatch_0011
chr8.1_047505955|RefMatch_0012
chr8.1_047505955|RefMatch_0013
chr8.1_047505955|RefMatch_0014
chr8.1_047505955|RefMatch_0015
chr8.1_047505955|RefMatch_0016
chr8.1_047505955|RefMatch_0017
chr8.1_048085220|AltMatch_0001
chr8.1_048085220|RefMatch_0001
chr8.1_049032592|RefMatch_0001
chr8.1_049303267|RefMatch_0001
chr8.1_049562334|AltMatch_0001
chr8.1_049562334|AltMatch_0002
chr8.1_049562334|RefMatch_0001
chr8.1_049772653|AltMatch_0001
chr8.1_049772653|RefMatch_0001
chr8.1_050073130|AltMatch_0001
chr8.1_050073130|AltMatch_0002
chr8.1_050073130|RefMatch_0001
chr8.1_051185821|RefMatch_0001
chr8.1_051185821|RefMatch_0002
chr8.1_051348601|AltMatch_0001
chr8.1_051348601|AltMatch_0002
chr8.1_051569772|AltMatch_0001
chr8.1_051569772|AltMatch_0002
chr8.1_051569772|RefMatch_0001
chr8.1_051569772|RefMatch_0002
chr8.1_051569772|RefMatch_0003
chr8.1_051569772|RefMatch_0004
chr8.1_051569772|RefMatch_0005
chr8.1_051569772|RefMatch_0006
chr8.1_051569772|RefMatch_0007
chr8.1_051569772|RefMatch_0008
chr8.1_051569772|RefMatch_0009
chr8.1_051569772|RefMatch_0010
chr8.1_051569772|RefMatch_0011
chr8.1_051569772|RefMatch_0012
chr8.1_051569772|RefMatch_0013
chr8.1_051995468|AltMatch_0001
chr8.1_051995468|AltMatch_0002
chr8.1_051995468|RefMatch_0001
chr8.1_052334164|RefMatch_0001
chr8.1_052334164|RefMatch_0002
chr8.1_052552670|AltMatch_0001
chr8.1_052552670|AltMatch_0002
chr8.1_052552670|AltMatch_0003
chr8.1_052815934|RefMatch_0001
chr8.1_052815934|RefMatch_0002
chr8.1_052815934|RefMatch_0003
chr8.1_052815934|RefMatch_0004
chr8.1_053067997|AltMatch_0001
chr8.1_053067997|AltMatch_0002
chr8.1_053067997|AltMatch_0003
chr8.1_053494519|AltMatch_0001
chr8.1_053494519|RefMatch_0001
chr8.1_053767433|AltMatch_0001
chr8.1_053767433|AltMatch_0002
chr8.1_053767433|AltMatch_0003
chr8.1_053767433|AltMatch_0004
chr8.1_053767433|AltMatch_0005
chr8.1_053767433|AltMatch_0006
chr8.1_053767433|AltMatch_0007
chr8.1_053767433|RefMatch_0001
chr8.1_054081695|RefMatch_0001
chr8.1_054081695|RefMatch_0002
chr8.1_054216647|AltMatch_0001
chr8.1_054216647|RefMatch_0001
chr8.1_054216647|RefMatch_0002
chr8.1_054216647|RefMatch_0003
chr8.1_054576127|RefMatch_0001
chr8.1_055294065|RefMatch_0001
chr8.1_055294065|RefMatch_0002
chr8.1_055294065|RefMatch_0003
chr8.1_055969728|RefMatch_0001
chr8.1_056089431|RefMatch_0001
chr8.1_056541312|RefMatch_0001
chr8.1_056541312|RefMatch_0002
chr8.1_056679081|AltMatch_0001
chr8.1_056679081|RefMatch_0001
chr8.1_056679081|RefMatch_0002
chr8.1_056679081|RefMatch_0003
chr8.1_057312641|RefMatch_0001
chr8.1_057449496|AltMatch_0001
chr8.1_057449496|AltMatch_0002
chr8.1_058144557|RefMatch_0001
chr8.1_058144557|RefMatch_0002
chr8.1_058144557|RefMatch_0003
chr8.1_058144557|RefMatch_0004
chr8.1_058144557|RefMatch_0005
chr8.1_058144557|RefMatch_0006
chr8.1_058144557|RefMatch_0007
chr8.1_058144557|RefMatch_0008
chr8.1_058786275|AltMatch_0001
chr8.1_058786275|RefMatch_0001
chr8.1_058907634|AltMatch_0001
chr8.1_058907634|RefMatch_0001
chr8.1_059054204|RefMatch_0001
chr8.1_059306820|RefMatch_0001
chr8.1_059306820|RefMatch_0002
chr8.1_059379395|RefMatch_0001
chr8.1_059379395|RefMatch_0002
chr8.1_060093238|AltMatch_0001
chr8.1_060093238|RefMatch_0001
chr8.1_060093238|RefMatch_0002
chr8.1_060242688|RefMatch_0001
chr8.1_060242688|RefMatch_0002
chr8.1_060242688|RefMatch_0003
chr8.1_060242688|RefMatch_0004
chr8.1_060242688|RefMatch_0005
chr8.1_060242688|RefMatch_0006
chr8.1_060336628|AltMatch_0001
chr8.1_060624156|RefMatch_0001
chr8.1_061336280|RefMatch_0001
chr8.1_061336280|RefMatch_0002
chr8.1_061587300|RefMatch_0001
chr8.1_061807186|RefMatch_0001
chr8.1_062151317|AltMatch_0001
chr8.1_062407009|RefMatch_0001
chr8.1_062973207|AltMatch_0001
chr8.1_062973207|AltMatch_0002
chr8.1_062973207|AltMatch_0003
chr8.1_063161029|RefMatch_0001
chr8.1_063364670|AltMatch_0001
chr8.1_063570134|RefMatch_0001
chr8.1_063570134|RefMatch_0002
chr8.1_063971830|RefMatch_0001
chr8.1_064086223|AltMatch_0001
chr8.1_064086223|RefMatch_0001
chr8.1_064086223|RefMatch_0002
chr8.1_064086223|RefMatch_0003
chr8.1_064086223|RefMatch_0004
chr8.1_064086223|RefMatch_0005
chr8.1_064086223|RefMatch_0006
chr8.1_064086223|RefMatch_0007
chr8.1_064380954|AltMatch_0001
chr8.1_064380954|RefMatch_0001
chr8.1_064438433|AltMatch_0001
chr8.1_064438433|RefMatch_0001
chr8.1_064438433|RefMatch_0002
chr8.1_064438433|RefMatch_0003
chr8.1_064438433|RefMatch_0004
chr8.1_064438433|RefMatch_0005
chr8.1_064438433|RefMatch_0006
chr8.1_064438433|RefMatch_0007
chr8.1_064438433|RefMatch_0008
chr8.1_064438433|RefMatch_0009
chr8.1_064438433|RefMatch_0010
chr8.1_064438433|RefMatch_0011
chr8.1_064596419|RefMatch_0001
chr8.1_064866333|RefMatch_0001
chr8.1_064866333|RefMatch_0002
chr8.1_065093988|RefMatch_0001
chr8.1_065093988|RefMatch_0002
chr8.1_065093988|RefMatch_0003
chr8.1_065272563|RefMatch_0001
chr8.1_065272563|RefMatch_0002
chr8.1_065759200|AltMatch_0001
chr8.1_065759200|RefMatch_0001
chr8.1_065928243|RefMatch_0001
chr8.1_065993484|RefMatch_0001
chr8.1_066541183|AltMatch_0001
chr8.1_066541183|AltMatch_0002
chr8.1_066847714|RefMatch_0001
chr8.1_066963450|AltMatch_0001
chr8.1_067018703|AltMatch_0001
chr8.1_067275512|RefMatch_0001
chr8.1_067275512|RefMatch_0002
chr8.1_067325128|RefMatch_0001
chr8.1_067325128|RefMatch_0002
chr8.1_067451131|RefMatch_0001
chr8.1_068060141|AltMatch_0001
chr8.1_068060141|RefMatch_0001
chr8.1_068060141|RefMatch_0002
chr8.1_068060141|RefMatch_0003
chr8.1_068060141|RefMatch_0004
chr8.1_068060141|RefMatch_0005
chr8.1_068060141|RefMatch_0006
chr8.1_068113149|RefMatch_0001
chr8.1_068378419|AltMatch_0001
chr8.1_068378419|AltMatch_0002
chr8.1_068378419|RefMatch_0001
chr8.1_068878786|RefMatch_0001
chr8.1_068878786|RefMatch_0002
chr8.1_069332801|RefMatch_0001
chr8.1_069378115|RefMatch_0001
chr8.1_069378115|RefMatch_0002
chr8.1_069378115|RefMatch_0003
chr8.1_070367033|AltMatch_0001
chr8.1_070367033|AltMatch_0002
chr8.1_070367033|AltMatch_0003
chr8.1_070367033|AltMatch_0004
chr8.1_070367033|AltMatch_0005
chr8.1_070367033|AltMatch_0006
chr8.1_070367033|AltMatch_0007
chr8.1_070367033|AltMatch_0008
chr8.1_070367033|AltMatch_0009
chr8.1_070367033|AltMatch_0010
chr8.1_070367033|AltMatch_0011
chr8.1_070367033|RefMatch_0001
chr8.1_070367033|RefMatch_0002
chr8.1_070367033|RefMatch_0003
chr8.1_070591823|AltMatch_0001
chr8.1_070591823|RefMatch_0001
chr8.1_071321725|RefMatch_0001
chr8.1_071321725|RefMatch_0002
chr8.1_071387414|AltMatch_0001
chr8.1_071387414|AltMatch_0002
chr8.1_071387414|RefMatch_0001
chr8.1_071387414|RefMatch_0002
chr8.1_071666181|AltMatch_0001
chr8.1_071666181|RefMatch_0001
chr8.1_071666181|RefMatch_0002
chr8.1_071666181|RefMatch_0003
chr8.1_071739741|RefMatch_0001
chr8.1_071949420|AltMatch_0001
chr8.1_072114894|AltMatch_0001
chr8.1_072561052|AltMatch_0001
chr8.1_072762376|RefMatch_0001
chr8.1_072762376|RefMatch_0002
chr8.1_073176490|RefMatch_0001
chr8.1_073208101|RefMatch_0001
chr8.1_073208101|RefMatch_0002
chr8.1_073257545|RefMatch_0001
chr8.1_073520472|AltMatch_0001
chr8.1_073520472|AltMatch_0002
chr8.1_073520472|RefMatch_0001
chr8.1_073859024|AltMatch_0001
chr8.1_073859024|AltMatch_0002
chr8.1_073859024|AltMatch_0003
chr8.1_074023759|AltMatch_0001
chr8.1_074023759|AltMatch_0002
chr8.1_074023759|AltMatch_0003
chr8.1_074023759|AltMatch_0004
chr8.1_074023759|AltMatch_0005
chr8.1_074582413|AltMatch_0001
chr8.1_074582413|AltMatch_0002
chr8.1_074582413|AltMatch_0003
chr8.1_074582413|RefMatch_0001
chr8.1_074582413|RefMatch_0002
chr8.1_074961533|AltMatch_0001
chr8.1_074961533|RefMatch_0001
chr8.1_075131846|AltMatch_0001
chr8.1_075131846|AltMatch_0002
chr8.1_075131846|RefMatch_0001
chr8.1_075206012|AltMatch_0001
chr8.1_075206012|AltMatch_0002
chr8.1_075206012|AltMatch_0003
chr8.1_075206012|RefMatch_0001
chr8.1_075631452|RefMatch_0001
chr8.1_075631452|RefMatch_0002
chr8.1_075760218|RefMatch_0001
chr8.1_075760218|RefMatch_0002
chr8.1_075760218|RefMatch_0003
chr8.1_075760218|RefMatch_0004
chr8.1_075760218|RefMatch_0005
chr8.1_075987621|RefMatch_0001
chr8.1_075987621|RefMatch_0002
chr8.1_076052353|AltMatch_0002
chr8.1_076052353|RefMatch_0001
chr8.1_076293439|AltMatch_0001
chr8.1_076404299|RefMatch_0001
chr8.1_076404299|RefMatch_0002
chr8.1_076404299|RefMatch_0003
chr8.1_077225287|AltMatch_0001
chr8.1_077225287|AltMatch_0002
chr8.1_077225287|RefMatch_0001
chr8.1_077835396|AltMatch_0001
chr8.1_078263194|AltMatch_0001
chr8.1_078263194|AltMatch_0002
chr8.1_078263194|AltMatch_0003
chr8.1_078263194|AltMatch_0004
chr8.1_078263194|AltMatch_0005
chr8.1_078263194|AltMatch_0006
chr8.1_078263194|RefMatch_0001
chr8.1_078263194|RefMatch_0002
chr8.1_078561484|AltMatch_0001
chr8.1_078561484|AltMatch_0002
chr8.1_078758713|AltMatch_0001
chr8.1_078942204|AltMatch_0001
chr8.1_079129324|AltMatch_0001
chr8.1_079129324|RefMatch_0001
chr8.1_079129324|RefMatch_0002
chr8.1_079406241|AltMatch_0001
chr8.1_079406241|RefMatch_0001
chr8.1_079448768|AltMatch_0001
chr8.1_079517679|AltMatch_0001
chr8.1_079517679|RefMatch_0001
chr8.1_079517679|RefMatch_0002
chr8.1_079624308|AltMatch_0001
chr8.1_080053642|AltMatch_0001
chr8.1_080053642|RefMatch_0001
chr8.1_080053642|RefMatch_0002
chr8.1_080053642|RefMatch_0003
chr8.1_080297233|RefMatch_0001
chr8.1_080880117|AltMatch_0001
chr8.1_080880117|AltMatch_0002
chr8.1_080880117|AltMatch_0003
chr8.1_080880117|AltMatch_0004
chr8.1_080880117|RefMatch_0001
chr8.1_080938873|RefMatch_0001
chr8.1_081402569|AltMatch_0001
chr8.1_081402569|AltMatch_0002
chr8.1_081402569|RefMatch_0001
chr8.1_081402569|RefMatch_0002
chr8.1_081610851|RefMatch_0001
chr8.1_081610851|RefMatch_0002
chr8.1_081911274|AltMatch_0001
chr8.1_081911274|AltMatch_0002
chr8.1_082129971|RefMatch_0001
chr8.1_082129971|RefMatch_0002
chr8.1_082392727|RefMatch_0001
chr8.1_082692679|AltMatch_0001
chr8.1_082692679|RefMatch_0001
chr8.1_082844394|AltMatch_0001
chr8.1_082844394|AltMatch_0002
chr8.1_082969689|RefMatch_0001
chr8.1_083241280|RefMatch_0001
chr8.1_083530191|RefMatch_0001
chr8.1_083708490|AltMatch_0001
chr8.1_083708490|AltMatch_0002
chr8.1_083708490|RefMatch_0001
chr8.1_083799492|AltMatch_0001
chr8.1_083799492|RefMatch_0001
chr8.1_084174416|AltMatch_0001
chr8.1_084174416|AltMatch_0002
chr8.1_084174416|AltMatch_0003
chr8.1_084295900|RefMatch_0001
chr8.1_084465640|RefMatch_0001
chr8.1_084775548|AltMatch_0001
chr8.1_084775548|RefMatch_0001
chr8.1_085054409|AltMatch_0001
chr8.1_085054409|RefMatch_0001
chr8.1_085227937|AltMatch_0001
chr8.1_085227937|AltMatch_0002
chr8.1_085407917|RefMatch_0001
chr8.1_085407917|RefMatch_0002
chr8.1_085508914|AltMatch_0001
chr8.1_085508914|RefMatch_0001
chr8.1_085671089|RefMatch_0001
chr8.1_085866069|AltMatch_0001
chr8.1_085866069|AltMatch_0002
chr8.1_085961468|RefMatch_0001
chr8.1_086156004|AltMatch_0001
chr8.1_086156004|AltMatch_0002
chr8.1_086156004|RefMatch_0001
chr8.1_086309971|AltMatch_0001
chr8.1_086468647|AltMatch_0001
chr8.1_086468647|AltMatch_0002
chr8.1_086468647|AltMatch_0003
chr8.1_086468647|AltMatch_0004
chr8.1_086468647|AltMatch_0005
chr8.1_086468647|RefMatch_0001
chr8.1_086468647|RefMatch_0002
chr8.1_086711104|RefMatch_0001
